accountId,createdAt
6a54a93c42bd9b3495811d5c,2026-07-13T09:00:46.212Z
6a54a99942bd9b3495811d5d,2026-07-13T09:02:19.780Z
6a54a9ba6a17b0450b943237,2026-07-13T09:02:50.508Z
6a54a9f642bd9b3495811d5e,2026-07-13T09:03:51.930Z
6a54aa4f42bd9b3495811d5f,2026-07-13T09:05:21.278Z
6a54aaa7822d5ec0aa899c3a,2026-07-13T09:06:49.297Z
6a54ab15822d5ec0aa899c3b,2026-07-13T09:08:38.950Z
6a54ab6b822d5ec0aa899c3c,2026-07-13T09:10:05.241Z
6a54ab8a822d5ec0aa899c3d,2026-07-13T09:10:36.269Z
6a54abb942bd9b3495811d60,2026-07-13T09:11:23.331Z
6a54ac0e42bd9b3495811d61,2026-07-13T09:12:48.069Z
6a54ac59822d5ec0aa899c3e,2026-07-13T09:14:03.386Z
6a54aca7822d5ec0aa899c3f,2026-07-13T09:15:21.558Z
6a54acf442bd9b3495811d62,2026-07-13T09:16:38.840Z
6a54adbf42bd9b3495811d63,2026-07-13T09:20:02.321Z
6a54aeeb42bd9b3495811d64,2026-07-13T09:25:01.754Z
6a54af5842bd9b3495811d65,2026-07-13T09:26:49.655Z
6a54b0a342bd9b3495811d66,2026-07-13T09:32:21.852Z
6a54b27b822d5ec0aa899c40,2026-07-13T09:40:13.354Z
6a54b2b142bd9b3495811d67,2026-07-13T09:41:07.096Z
6a54b39942bd9b3495811d68,2026-07-13T09:44:59.161Z
6a54b3e442bd9b3495811d69,2026-07-13T09:46:14.341Z
6a54b50c822d5ec0aa899c41,2026-07-13T09:51:10.706Z
6a54b7ac42bd9b3495811d6a,2026-07-13T10:02:22.193Z
6a54ba1642bd9b3495811d6c,2026-07-13T10:12:40.160Z
6a54bc53822d5ec0aa899c45,2026-07-13T10:22:15.695Z
6a54bd86822d5ec0aa899c46,2026-07-13T10:27:20.113Z
6a54bd8e42bd9b3495811d6d,2026-07-13T10:27:28.193Z
6a54be1142bd9b3495811d6e,2026-07-13T10:29:38.686Z
6a54be1e822d5ec0aa899c47,2026-07-13T10:29:51.924Z
6a54beb2822d5ec0aa899c48,2026-07-13T10:32:20.869Z
6a54bfb842bd9b3495811d6f,2026-07-13T10:36:41.781Z
6a54c1c1822d5ec0aa899c49,2026-07-13T10:45:23.238Z
6a54c1e942bd9b3495811d70,2026-07-13T10:46:03.231Z
6a54c3e442bd9b3495811d71,2026-07-13T10:54:29.950Z
6a54c83d324dded28b29a076,2026-07-13T11:13:02.169Z
6a54ce0efd3689604eedcb03,2026-07-13T11:37:52.323Z
6a54ce77fd3689604eedcb04,2026-07-13T11:39:37.275Z
6a54d10efd3689604eedcb05,2026-07-13T11:50:40.621Z
6a54d60fad4888fb08ff062a,2026-07-13T12:12:01.871Z
6a54d635fd3689604eedcb06,2026-07-13T12:12:38.917Z
6a54d7c7ad4888fb08ff062b,2026-07-13T12:19:21.976Z
6a54d820fd3689604eedcb07,2026-07-13T12:20:50.440Z
6a54dd3cad4888fb08ff062d,2026-07-13T12:42:38.091Z
6a54df49ad4888fb08ff062e,2026-07-13T12:51:23.850Z
6a54e193ad4888fb08ff062f,2026-07-13T13:01:09.595Z
6a54e1caad4888fb08ff0630,2026-07-13T13:02:03.748Z
6a54e1e5ad4888fb08ff0631,2026-07-13T13:02:31.468Z
6a54e23dad4888fb08ff0632,2026-07-13T13:03:59.955Z
6a54e29cad4888fb08ff0633,2026-07-13T13:05:34.184Z
6a54e2f1fd3689604eedcb08,2026-07-13T13:06:59.743Z
6a54e344ad4888fb08ff0634,2026-07-13T13:08:22.967Z
6a54e38fad4888fb08ff0635,2026-07-13T13:09:36.983Z
6a54e3dafd3689604eedcb09,2026-07-13T13:10:52.225Z
6a54e426fd3689604eedcb0a,2026-07-13T13:12:07.962Z
6a54e489ad4888fb08ff0636,2026-07-13T13:13:46.974Z
6a54e4d4ad4888fb08ff0637,2026-07-13T13:15:02.720Z
6a54e4defd3689604eedcb0b,2026-07-13T13:15:11.779Z
6a54e51bad4888fb08ff0638,2026-07-13T13:16:12.901Z
6a54e6d0fd3689604eedcb0c,2026-07-13T13:23:30.790Z
6a54e7effd3689604eedcb0d,2026-07-13T13:28:17.134Z
6a54e9dead4888fb08ff0639,2026-07-13T13:36:32.175Z
6a54ed79ad4888fb08ff063a,2026-07-13T13:51:55.454Z
6a54ee83fd3689604eedcb0e,2026-07-13T13:56:21.585Z
6a54f1dbfd3689604eedcb0f,2026-07-13T14:10:37.775Z
6a54f23dfd3689604eedcb10,2026-07-13T14:12:14.536Z
6a54f250ad4888fb08ff063b,2026-07-13T14:12:37.327Z
6a54f34dad4888fb08ff063c,2026-07-13T14:16:50.673Z
6a54f522fd3689604eedcb12,2026-07-13T14:24:36.362Z
6a54f598fd3689604eedcb13,2026-07-13T14:26:34.896Z
6a54f6ccfd3689604eedcb14,2026-07-13T14:31:43.030Z
6a54f825fd3689604eedcb15,2026-07-13T14:37:26.831Z
6a54f8fafd3689604eedcb16,2026-07-13T14:41:01.240Z
6a54f9107faead68cb4d1ef3,2026-07-13T14:41:21.272Z
6a54f966fd3689604eedcb17,2026-07-13T14:42:48.133Z
6a54f9b6ad4888fb08ff063d,2026-07-13T14:44:10.301Z
6a54fa6fad4888fb08ff063e,2026-07-13T14:47:14.101Z
6a54fbcbfd3689604eedcb18,2026-07-13T14:53:01.118Z
6a54fc27fd3689604eedcb19,2026-07-13T14:54:33.238Z
6a54fc8ead4888fb08ff063f,2026-07-13T14:56:16.517Z
6a54fc9ead4888fb08ff0640,2026-07-13T14:56:32.613Z
6a54feb6fd3689604eedcb1a,2026-07-13T15:05:28.074Z
6a54ff00ad4888fb08ff0642,2026-07-13T15:06:42.334Z
6a54ff19fd3689604eedcb1b,2026-07-13T15:07:06.921Z
6a54ff9dfd3689604eedcb1c,2026-07-13T15:09:19.934Z
6a54ffa9ad4888fb08ff0643,2026-07-13T15:09:34.077Z
6a550073fd3689604eedcb1d,2026-07-13T15:12:54.081Z
6a5502c9ad4888fb08ff0644,2026-07-13T15:22:51.456Z
6a550357fd3689604eedcb1e,2026-07-13T15:25:13.254Z
6a5504daad4888fb08ff0645,2026-07-13T15:31:40.206Z
6a5505acfd3689604eedcb1f,2026-07-13T15:35:10.218Z
6a5507a0fd3689604eedcb20,2026-07-13T15:43:30.329Z
6a550979fd3689604eedcb21,2026-07-13T15:51:25.826Z
6a550bc2ad4888fb08ff0648,2026-07-13T16:01:08.130Z
6a550d52fd3689604eedcb22,2026-07-13T16:07:49.146Z
6a5512bcfd3689604eedcb23,2026-07-13T16:30:54.216Z
6a5519c4ad4888fb08ff0649,2026-07-13T17:00:54.281Z
6a551a14ad4888fb08ff064a,2026-07-13T17:02:14.082Z
6a551a6cad4888fb08ff064b,2026-07-13T17:03:43.312Z
6a551ac7ad4888fb08ff064c,2026-07-13T17:05:13.826Z
6a551b30ad4888fb08ff064d,2026-07-13T17:06:57.980Z
6a551ba5ad4888fb08ff064e,2026-07-13T17:08:55.022Z
6a551bf3fd3689604eedcb24,2026-07-13T17:10:17.145Z
6a551c46ad4888fb08ff064f,2026-07-13T17:11:42.302Z
6a551eafad4888fb08ff0650,2026-07-13T17:21:53.182Z
6a551fa0ad4888fb08ff0651,2026-07-13T17:25:53.962Z
6a552145ad4888fb08ff0652,2026-07-13T17:32:55.145Z
6a5523a4fd3689604eedcb26,2026-07-13T17:43:02.474Z
6a5524d2ad4888fb08ff0653,2026-07-13T17:48:04.825Z
6a552adaad4888fb08ff0654,2026-07-13T18:13:48.415Z
6a552f90fd3689604eedcb28,2026-07-13T18:33:54.298Z
6a55322fad4888fb08ff0655,2026-07-13T18:45:05.039Z
6a55338ead4888fb08ff0656,2026-07-13T18:50:56.666Z
6a553442fd3689604eedcb29,2026-07-13T18:53:56.750Z
6a553533ad4888fb08ff0657,2026-07-13T18:57:57.634Z
6a553645fd3689604eedcb2a,2026-07-13T19:02:31.251Z
6a5537c1ad4888fb08ff0658,2026-07-13T19:08:51.024Z
6a5537d5fd3689604eedcb2b,2026-07-13T19:09:11.514Z
6a553949ad4888fb08ff0659,2026-07-13T19:15:23.091Z
6a5539bdad4888fb08ff065a,2026-07-13T19:17:19.589Z
6a5539d2fd3689604eedcb2c,2026-07-13T19:17:40.706Z
6a553b37fd3689604eedcb2d,2026-07-13T19:23:37.326Z
6a553dcfad4888fb08ff065b,2026-07-13T19:34:41.094Z
6a553e35fd3689604eedcb2e,2026-07-13T19:36:23.278Z
6a553f5ead4888fb08ff065c,2026-07-13T19:41:20.069Z
6a554043ad4888fb08ff065d,2026-07-13T19:45:09.612Z
6a5541e1ad4888fb08ff065e,2026-07-13T19:52:03.478Z
6a55452afd3689604eedcb2f,2026-07-13T20:06:04.684Z
6a5545aead4888fb08ff065f,2026-07-13T20:08:16.052Z
6a554986ad4888fb08ff0660,2026-07-13T20:24:40.103Z
6a554a3cfd3689604eedcb31,2026-07-13T20:27:42.397Z
6a554ac0ad4888fb08ff0661,2026-07-13T20:29:57.307Z
6a554f6ead4888fb08ff0663,2026-07-13T20:49:52.345Z
6a555124ad4888fb08ff0664,2026-07-13T20:57:10.725Z
6a5556e3fd3689604eedcb33,2026-07-13T21:21:41.307Z
6a55575990356182c371ee12,2026-07-13T21:23:38.889Z
6a555a8190356182c371ee13,2026-07-13T21:37:07.344Z
6a555bacfd3689604eedcb34,2026-07-13T21:42:05.824Z
6a555bb4fd3689604eedcb35,2026-07-13T21:42:14.881Z
6a555c83fd3689604eedcb36,2026-07-13T21:45:41.486Z
6a555f6490356182c371ee14,2026-07-13T21:57:59.111Z
6a555fd090356182c371ee15,2026-07-13T21:59:45.876Z
6a555fe390356182c371ee16,2026-07-13T22:00:05.408Z
6a55611490356182c371ee17,2026-07-13T22:05:11.976Z
6a556a0ffd3689604eedcb37,2026-07-13T22:43:30.078Z
6a556a49fd3689604eedcb38,2026-07-13T22:44:26.964Z
6a556ef5fd3689604eedcb39,2026-07-13T23:04:23.930Z
6a55774f876bc73219186403,2026-07-13T23:40:00.986Z
6a557867876bc73219186404,2026-07-13T23:44:41.004Z
6a557c17876bc73219186405,2026-07-14T00:00:24.825Z
6a557c60fd3689604eedcb3b,2026-07-14T00:01:38.634Z
6a557dd7876bc73219186406,2026-07-14T00:07:53.207Z
6a557f02fd3689604eedcb3c,2026-07-14T00:12:52.289Z
6a558650876bc73219186407,2026-07-14T00:44:02.841Z
6a5586d2876bc73219186408,2026-07-14T00:46:12.423Z
6a5586f8876bc73219186409,2026-07-14T00:46:49.686Z
6a55881d876bc7321918640a,2026-07-14T00:51:43.955Z
6a558ae3fd3689604eedcb3d,2026-07-14T01:03:33.444Z
6a558fa3fd3689604eedcb3e,2026-07-14T01:23:49.029Z
6a5592b2fd3689604eedcb3f,2026-07-14T01:36:52.715Z
6a559760876bc7321918640b,2026-07-14T01:56:50.935Z
6a559858fd3689604eedcb40,2026-07-14T02:00:58.434Z
6a559e9bfd3689604eedcb41,2026-07-14T02:27:44.050Z
6a559fa9876bc7321918640c,2026-07-14T02:32:14.670Z
6a55a49e876bc7321918640d,2026-07-14T02:53:21.792Z
6a55a8effd3689604eedcb42,2026-07-14T03:11:45.592Z
6a55aa7dfd3689604eedcb44,2026-07-14T03:18:23.740Z
6a55ac8d5c9a91d8b820e83f,2026-07-14T03:27:10.722Z
6a55b17a5c9a91d8b820e840,2026-07-14T03:48:14.550Z
6a55b998fd3689604eedcb45,2026-07-14T04:22:49.348Z
6a55c28d5c9a91d8b820e841,2026-07-14T05:01:03.111Z
6a55c2e6fd3689604eedcb47,2026-07-14T05:02:32.346Z
6a55c346fd3689604eedcb48,2026-07-14T05:04:08.198Z
6a55c3a4fd3689604eedcb49,2026-07-14T05:05:42.119Z
6a55c414fd3689604eedcb4a,2026-07-14T05:07:35.078Z
6a55c468fd3689604eedcb4b,2026-07-14T05:08:58.793Z
6a55c4c35c9a91d8b820e843,2026-07-14T05:10:28.619Z
6a55c5115c9a91d8b820e844,2026-07-14T05:11:47.308Z
6a55c565fd3689604eedcb4c,2026-07-14T05:13:11.340Z
6a55c5b65c9a91d8b820e845,2026-07-14T05:14:32.114Z
6a55c6065c9a91d8b820e846,2026-07-14T05:15:51.791Z
6a55c6535c9a91d8b820e847,2026-07-14T05:17:09.509Z
6a55c67bfd3689604eedcb4d,2026-07-14T05:17:49.467Z
6a55c99ffd3689604eedcb4e,2026-07-14T05:31:13.569Z
6a55ca07fd3689604eedcb4f,2026-07-14T05:32:56.790Z
6a55ca44fd3689604eedcb50,2026-07-14T05:33:58.470Z
6a55cd78fd3689604eedcb51,2026-07-14T05:47:38.153Z
6a55d3affd3689604eedcb52,2026-07-14T06:14:08.998Z
6a55d461fd3689604eedcb53,2026-07-14T06:17:07.857Z
6a55d5875c9a91d8b820e848,2026-07-14T06:22:01.830Z
6a55d609fd3689604eedcb54,2026-07-14T06:24:11.670Z
6a55dddb5c9a91d8b820e84a,2026-07-14T06:57:33.326Z
6a55df25fd3689604eedcb56,2026-07-14T07:03:04.067Z
6a55df915c9a91d8b820e84c,2026-07-14T07:04:51.543Z
6a55dfad5c9a91d8b820e84d,2026-07-14T07:05:19.408Z
6a55e0695c9a91d8b820e84e,2026-07-14T07:08:27.598Z
6a55e0bf5c9a91d8b820e84f,2026-07-14T07:09:53.379Z
6a55e79afd3689604eedcb58,2026-07-14T07:39:10.960Z
6a55e8fd5c9a91d8b820e850,2026-07-14T07:45:05.226Z
6a55e9f15c9a91d8b820e851,2026-07-14T07:49:07.211Z
6a55e9fdfd3689604eedcb59,2026-07-14T07:49:18.829Z
6a55eae7fd3689604eedcb5a,2026-07-14T07:53:13.412Z
6a55ecd0fd3689604eedcb5b,2026-07-14T08:01:22.665Z
6a55edaafd3689604eedcb5c,2026-07-14T08:05:00.900Z
6a55f0bb5c9a91d8b820e852,2026-07-14T08:18:04.710Z
6a55f4b65c9a91d8b820e854,2026-07-14T08:35:04.255Z
6a55f5965c9a91d8b820e855,2026-07-14T08:38:48.327Z
6a55f763fd3689604eedcb5f,2026-07-14T08:46:29.791Z
6a55f9355c9a91d8b820e856,2026-07-14T08:54:15.275Z
6a55fac0fd3689604eedcb60,2026-07-14T09:00:50.230Z
6a55faf9fd3689604eedcb61,2026-07-14T09:01:47.089Z
6a55fb3a5c9a91d8b820e857,2026-07-14T09:02:52.792Z
6a55fb96fd3689604eedcb62,2026-07-14T09:04:24.309Z
6a55fbf1fd3689604eedcb63,2026-07-14T09:05:55.346Z
6a55fc505c9a91d8b820e858,2026-07-14T09:07:29.323Z
6a55fcabfd3689604eedcb64,2026-07-14T09:09:01.594Z
6a55fce15c9a91d8b820e859,2026-07-14T09:09:54.796Z
6a55fcfffd3689604eedcb65,2026-07-14T09:10:25.159Z
6a55fd4a5c9a91d8b820e85a,2026-07-14T09:11:40.441Z
6a55fd8bfd3689604eedcb66,2026-07-14T09:12:45.303Z
6a55fd9cfd3689604eedcb67,2026-07-14T09:13:02.109Z
6a55fdedfd3689604eedcb68,2026-07-14T09:14:23.552Z
6a55fdfa5c9a91d8b820e85b,2026-07-14T09:14:36.098Z
6a55fe3b5c9a91d8b820e85c,2026-07-14T09:15:41.015Z
6a55fe87fd3689604eedcb69,2026-07-14T09:16:57.332Z
6a55fe88fd3689604eedcb6a,2026-07-14T09:16:57.486Z
6a55ff615c9a91d8b820e85d,2026-07-14T09:20:35.386Z
6a5601e35c9a91d8b820e85e,2026-07-14T09:31:17.467Z
6a5603185c9a91d8b820e85f,2026-07-14T09:36:26.325Z
6a560b12fd3689604eedcb6b,2026-07-14T10:10:29.148Z
6a560b62fd3689604eedcb6c,2026-07-14T10:11:48.644Z
6a560f1cfd3689604eedcb6d,2026-07-14T10:27:42.411Z
6a56113b5c9a91d8b820e860,2026-07-14T10:36:45.390Z
6a561145fd3689604eedcb6e,2026-07-14T10:36:55.663Z
6a561159fd3689604eedcb6f,2026-07-14T10:37:15.353Z
6a5611735c9a91d8b820e861,2026-07-14T10:37:40.919Z
6a5613675c9a91d8b820e863,2026-07-14T10:46:01.282Z
6a5617955c9a91d8b820e864,2026-07-14T11:03:51.709Z
6a5617b1fd3689604eedcb71,2026-07-14T11:04:19.150Z
6a561a475c9a91d8b820e865,2026-07-14T11:15:21.944Z
6a561a95fd3689604eedcb72,2026-07-14T11:16:39.952Z
6a561e085c9a91d8b820e867,2026-07-14T11:31:22.828Z
6a561e79fd3689604eedcb73,2026-07-14T11:33:18.698Z
6a562042fd3689604eedcb74,2026-07-14T11:40:51.812Z
6a5620eafd3689604eedcb75,2026-07-14T11:43:40.878Z
6a5621b05c9a91d8b820e868,2026-07-14T11:46:58.212Z
6a562669fd3689604eedcb76,2026-07-14T12:07:07.573Z
6a5626a2fd3689604eedcb77,2026-07-14T12:08:04.025Z
6a56270dfd3689604eedcb78,2026-07-14T12:09:51.523Z
6a562824fd3689604eedcb79,2026-07-14T12:14:31.252Z
6a5629435c9a91d8b820e86a,2026-07-14T12:19:18.177Z
6a562bde5c9a91d8b820e86b,2026-07-14T12:30:23.553Z
6a562bee5c9a91d8b820e86c,2026-07-14T12:30:39.836Z
6a562dfffd3689604eedcb7b,2026-07-14T12:39:28.596Z
6a562e805c9a91d8b820e86d,2026-07-14T12:41:40.820Z
6a563072fd3689604eedcb7c,2026-07-14T12:49:56.453Z
6a5633005c9a91d8b820e86e,2026-07-14T13:00:51.166Z
6a5633615c9a91d8b820e86f,2026-07-14T13:02:27.551Z
6a5633befd3689604eedcb7d,2026-07-14T13:04:00.495Z
6a5634195c9a91d8b820e871,2026-07-14T13:05:30.704Z
6a5634335c9a91d8b820e872,2026-07-14T13:05:58.107Z
6a5634775c9a91d8b820e873,2026-07-14T13:07:05.516Z
6a5634ca5c9a91d8b820e874,2026-07-14T13:08:29.125Z
6a56351b5c9a91d8b820e875,2026-07-14T13:09:49.550Z
6a563568fd3689604eedcb7e,2026-07-14T13:11:06.494Z
6a563569fd3689604eedcb7f,2026-07-14T13:11:07.211Z
6a5635b7fd3689604eedcb80,2026-07-14T13:12:25.167Z
6a5635e4fd3689604eedcb81,2026-07-14T13:13:09.962Z
6a5636075c9a91d8b820e876,2026-07-14T13:13:45.460Z
6a56365cfd3689604eedcb82,2026-07-14T13:15:09.612Z
6a5636aa5c9a91d8b820e877,2026-07-14T13:16:27.991Z
6a563711fd3689604eedcb83,2026-07-14T13:18:11.154Z
6a5637255c9a91d8b820e878,2026-07-14T13:18:31.890Z
6a56417cfd3689604eedcb84,2026-07-14T14:02:41.069Z
6a5641dc5c9a91d8b820e879,2026-07-14T14:04:13.959Z
6a56423dfd3689604eedcb85,2026-07-14T14:05:50.487Z
6a564245fd3689604eedcb86,2026-07-14T14:05:58.775Z
6a564255fd3689604eedcb87,2026-07-14T14:06:15.019Z
6a5643f85c9a91d8b820e87a,2026-07-14T14:13:14.778Z
6a5647bb5c9a91d8b820e87b,2026-07-14T14:29:17.721Z
6a564800fd3689604eedcb89,2026-07-14T14:30:26.570Z
6a564a4bfd3689604eedcb8a,2026-07-14T14:40:13.471Z
6a564abbfd3689604eedcb8b,2026-07-14T14:42:06.047Z
6a564d25fd3689604eedcb8c,2026-07-14T14:52:23Z
6a564f895c9a91d8b820e87c,2026-07-14T15:02:35.250Z
6a565214fd3689604eedcb8e,2026-07-14T15:13:28.361Z
6a56552afd3689604eedcb8f,2026-07-14T15:26:36.281Z
6a565567fd3689604eedcb90,2026-07-14T15:27:37.126Z
6a5656c0fd3689604eedcb92,2026-07-14T15:33:23.052Z
6a5658405c9a91d8b820e87f,2026-07-14T15:39:45.742Z
6a565b67fd3689604eedcb93,2026-07-14T15:53:15.657Z
6a565c005c9a91d8b820e881,2026-07-14T15:55:46.661Z
6a566255fd3689604eedcb95,2026-07-14T16:22:48.654Z
6a5663e85c9a91d8b820e883,2026-07-14T16:29:30.793Z
6a566422fd3689604eedcb96,2026-07-14T16:30:29.026Z
6a566781fd3689604eedcb97,2026-07-14T16:44:51.315Z
6a566788fd3689604eedcb98,2026-07-14T16:44:58.338Z
6a5668735c9a91d8b820e884,2026-07-14T16:48:53.263Z
6a566ace5c9a91d8b820e885,2026-07-14T16:58:56.010Z
6a566b40fd3689604eedcb99,2026-07-14T17:00:50.888Z
6a566ba0fd3689604eedcb9a,2026-07-14T17:02:26.739Z
6a566c045c9a91d8b820e886,2026-07-14T17:04:06.252Z
6a566c6cfd3689604eedcb9b,2026-07-14T17:05:50.297Z
6a566cc9fd3689604eedcb9c,2026-07-14T17:07:22.959Z
6a566d285c9a91d8b820e887,2026-07-14T17:08:58.533Z
6a566d81fd3689604eedcb9d,2026-07-14T17:10:27.296Z
6a566dd25c9a91d8b820e888,2026-07-14T17:11:49.134Z
6a566e25fd3689604eedcb9e,2026-07-14T17:13:12.223Z
6a566e515c9a91d8b820e889,2026-07-14T17:13:55.291Z
6a566e7afd3689604eedcb9f,2026-07-14T17:14:36.338Z
6a566ecd5c9a91d8b820e88a,2026-07-14T17:15:58.799Z
6a566f1cfd3689604eedcba0,2026-07-14T17:17:18.247Z
6a56720d5c9a91d8b820e88b,2026-07-14T17:29:50.932Z
6a567366fd3689604eedcba1,2026-07-14T17:35:35.939Z
6a567740fd3689604eedcba3,2026-07-14T17:52:02.429Z
6a5678ce5c9a91d8b820e88c,2026-07-14T17:58:39.804Z
6a567abefd3689604eedcba4,2026-07-14T18:06:55.967Z
6a567b66fa74661747556b0d,2026-07-14T18:09:42.572Z
6a567bb1d042dec20800694d,2026-07-14T18:10:57.536Z
6a567be0fa74661747556b0e,2026-07-14T18:11:44.371Z
6a567deefd3689604eedcba5,2026-07-14T18:20:33.186Z
6a567df6fd3689604eedcba6,2026-07-14T18:20:40.497Z
6a567fcb5c9a91d8b820e88f,2026-07-14T18:28:29.322Z
6a5680a8fd3689604eedcba7,2026-07-14T18:32:10.590Z
6a5683e35c9a91d8b820e891,2026-07-14T18:45:57.547Z
6a5685265c9a91d8b820e892,2026-07-14T18:51:20.559Z
6a5687f55c9a91d8b820e893,2026-07-14T19:03:19.342Z
6a5689ee5c9a91d8b820e894,2026-07-14T19:11:44.187Z
6a568a7d5c9a91d8b820e895,2026-07-14T19:14:07.221Z
6a568bbcfd3689604eedcba8,2026-07-14T19:19:27.100Z
6a568beb5c9a91d8b820e896,2026-07-14T19:20:13.604Z
6a568c775c9a91d8b820e897,2026-07-14T19:22:32.510Z
6a568cf0fd3689604eedcba9,2026-07-14T19:24:34.784Z
6a569103fd3689604eedcbab,2026-07-14T19:41:58.001Z
6a56917afd3689604eedcbac,2026-07-14T19:43:56.145Z
6a5692215c9a91d8b820e898,2026-07-14T19:46:43.444Z
6a5693295c9a91d8b820e899,2026-07-14T19:51:07.923Z
6a56941e5c9a91d8b820e89a,2026-07-14T19:55:13.063Z
6a5694295c9a91d8b820e89b,2026-07-14T19:55:26.294Z
6a569442fd3689604eedcbad,2026-07-14T19:55:48.226Z
6a56972ffd3689604eedcbae,2026-07-14T20:08:17.278Z
6a5698935c9a91d8b820e89d,2026-07-14T20:14:13.842Z
6a569dba5c9a91d8b820e8a0,2026-07-14T20:36:12.168Z
6a56a374fd3689604eedcbb0,2026-07-14T21:00:38.518Z
6a56a43dfd3689604eedcbb1,2026-07-14T21:03:58.910Z
6a56a56e5c9a91d8b820e8a1,2026-07-14T21:09:04.416Z
6a56a5cbfd3689604eedcbb2,2026-07-14T21:10:37.536Z
6a56a6affd3689604eedcbb3,2026-07-14T21:14:25.443Z
6a56ac605c9a91d8b820e8a2,2026-07-14T21:38:42.641Z
6a56adf35c9a91d8b820e8a3,2026-07-14T21:45:25.137Z
6a56ae455c9a91d8b820e8a5,2026-07-14T21:46:47.608Z
6a56b3555c9a91d8b820e8a6,2026-07-14T22:08:23.425Z
6a56b78e5c9a91d8b820e8a7,2026-07-14T22:26:24.076Z
6a56bcff5c9a91d8b820e8a8,2026-07-14T22:49:37.687Z
6a56be2d5c9a91d8b820e8a9,2026-07-14T22:54:39.172Z
6a56bfd55c9a91d8b820e8ab,2026-07-14T23:01:43.910Z
6a56bffefd3689604eedcbb4,2026-07-14T23:02:25.162Z
6a56cc335c9a91d8b820e8ad,2026-07-14T23:54:29.510Z
6a56ccd55c9a91d8b820e8ae,2026-07-14T23:57:11.274Z
6a56cff55c9a91d8b820e8af,2026-07-15T00:10:31.336Z
6a56d22d5c9a91d8b820e8b0,2026-07-15T00:19:59.297Z
6a56d709fd3689604eedcbb6,2026-07-15T00:40:43.261Z
6a56d899fd3689604eedcbb7,2026-07-15T00:47:26.747Z
6a56d93b5c9a91d8b820e8b1,2026-07-15T00:50:05.174Z
6a56da555c9a91d8b820e8b2,2026-07-15T00:54:47.463Z
6a56dbf0fd3689604eedcbb8,2026-07-15T01:01:38.872Z
6a56e1f95c9a91d8b820e8b3,2026-07-15T01:27:23.467Z
6a56e34e5c9a91d8b820e8b4,2026-07-15T01:33:03.971Z
6a56e7a05c9a91d8b820e8b5,2026-07-15T01:51:30.710Z
6a56e844fd3689604eedcbb9,2026-07-15T01:54:14.068Z
6a56e8e5fd3689604eedcbba,2026-07-15T01:56:56.035Z
6a56eadbfd3689604eedcbbb,2026-07-15T02:05:17.904Z
6a56eb615c9a91d8b820e8b6,2026-07-15T02:07:30.719Z
6a56eb62fd3689604eedcbbc,2026-07-15T02:07:31.642Z
6a56edbbfd3689604eedcbbd,2026-07-15T02:17:33.385Z
6a56eed75c9a91d8b820e8b7,2026-07-15T02:22:17.964Z
6a56f12d5c9a91d8b820e8b9,2026-07-15T02:32:15.295Z
6a56f791fd3689604eedcbbf,2026-07-15T02:59:31.547Z
6a56f90b5c9a91d8b820e8bb,2026-07-15T03:05:49.120Z
6a56fa495c9a91d8b820e8bc,2026-07-15T03:11:07.651Z
6a56fcad5c9a91d8b820e8bd,2026-07-15T03:21:19.027Z
6a56fe3dfd3689604eedcbc0,2026-07-15T03:27:59.518Z
6a57066e5c9a91d8b820e8bf,2026-07-15T04:02:56.502Z
6a570751fd3689604eedcbc2,2026-07-15T04:06:42.998Z
6a570af75c9a91d8b820e8c0,2026-07-15T04:22:17.226Z
6a570c0b5c9a91d8b820e8c1,2026-07-15T04:26:53.331Z
6a57140b5c9a91d8b820e8c2,2026-07-15T05:01:01.283Z
6a57145f5c9a91d8b820e8c3,2026-07-15T05:02:24.837Z
6a5714b85c9a91d8b820e8c4,2026-07-15T05:03:54.954Z
6a57151efd3689604eedcbc3,2026-07-15T05:05:36.471Z
6a57157b5c9a91d8b820e8c5,2026-07-15T05:07:09.511Z
6a5715d55c9a91d8b820e8c6,2026-07-15T05:08:39.536Z
6a57162ffd3689604eedcbc4,2026-07-15T05:10:09.368Z
6a57167cfd3689604eedcbc5,2026-07-15T05:11:26.191Z
6a5716cafd3689604eedcbc6,2026-07-15T05:12:44.625Z
6a5717165c9a91d8b820e8c7,2026-07-15T05:14:00.514Z
6a571760fd3689604eedcbc7,2026-07-15T05:15:13.984Z
6a5717adfd3689604eedcbc8,2026-07-15T05:16:31.484Z
6a57186bfd3689604eedcbc9,2026-07-15T05:19:43.112Z
6a57207b5c9a91d8b820e8c8,2026-07-15T05:54:05.748Z
6a572466fd3689604eedcbcb,2026-07-15T06:10:49.076Z
6a572fa55c9a91d8b820e8ca,2026-07-15T06:58:47.332Z
6a573075fd3689604eedcbce,2026-07-15T07:02:15.869Z
6a573164fd3689604eedcbcf,2026-07-15T07:06:14.522Z
6a573ef15c9a91d8b820e8cb,2026-07-15T08:04:04.243Z
6a573f04fd3689604eedcbd0,2026-07-15T08:04:22.055Z
6a57404b5c9a91d8b820e8cc,2026-07-15T08:09:49.754Z
6a574809fd3689604eedcbd2,2026-07-15T08:42:51.782Z
6a57480c5c9a91d8b820e8ce,2026-07-15T08:42:54.072Z
6a5748e4fd3689604eedcbd3,2026-07-15T08:46:30.289Z
6a574b25fd3689604eedcbd4,2026-07-15T08:56:07.698Z
6a574bd9fd3689604eedcbd5,2026-07-15T08:59:07.292Z
6a574c355c9a91d8b820e8cf,2026-07-15T09:00:38.972Z
6a574c8afd3689604eedcbd6,2026-07-15T09:02:03.975Z
6a574ce65c9a91d8b820e8d0,2026-07-15T09:03:36.494Z
6a574d3efd3689604eedcbd7,2026-07-15T09:05:04.019Z
6a574d755c9a91d8b820e8d1,2026-07-15T09:06:00.234Z
6a574dc85c9a91d8b820e8d2,2026-07-15T09:07:22.164Z
6a574e1ffd3689604eedcbd8,2026-07-15T09:08:49.242Z
6a574e6ffd3689604eedcbd9,2026-07-15T09:10:09.347Z
6a574ec1fd3689604eedcbda,2026-07-15T09:11:31.821Z
6a574f0b5c9a91d8b820e8d3,2026-07-15T09:12:44.871Z
6a574f50fd3689604eedcbdb,2026-07-15T09:13:53.909Z
6a574f9a5c9a91d8b820e8d4,2026-07-15T09:15:08.358Z
6a575119fd3689604eedcbdc,2026-07-15T09:21:34.003Z
6a575195fd3689604eedcbdd,2026-07-15T09:23:35.586Z
6a575203fd3689604eedcbde,2026-07-15T09:25:24.871Z
6a57543f5c9a91d8b820e8d5,2026-07-15T09:34:57.047Z
6a5755fcfd3689604eedcbdf,2026-07-15T09:42:22.459Z
6a575768fd3689604eedcbe0,2026-07-15T09:48:26.494Z
6a57577e5c9a91d8b820e8d7,2026-07-15T09:48:50.279Z
6a5761545c9a91d8b820e8d8,2026-07-15T10:30:45.747Z
6a5762b45c9a91d8b820e8d9,2026-07-15T10:36:41.193Z
6a5767fd5c9a91d8b820e8db,2026-07-15T10:59:11.719Z
6a576865fd3689604eedcbe1,2026-07-15T11:00:56.207Z
6a57687afd3689604eedcbe2,2026-07-15T11:01:16.744Z
6a5768c45c9a91d8b820e8dd,2026-07-15T11:02:29.959Z
6a576d185c9a91d8b820e8e0,2026-07-15T11:20:58.156Z
6a576e095c9a91d8b820e8e1,2026-07-15T11:24:58.934Z
6a5770045c9a91d8b820e8e2,2026-07-15T11:33:26.263Z
6a5771c1fd3689604eedcbe3,2026-07-15T11:40:50.900Z
6a5772e9fd3689604eedcbe4,2026-07-15T11:45:49.710Z
6a577315fd3689604eedcbe5,2026-07-15T11:46:31.099Z
6a57736bfd3689604eedcbe6,2026-07-15T11:47:57.504Z
6a5774f9fd3689604eedcbe7,2026-07-15T11:54:36.220Z
6a57759a5c9a91d8b820e8e3,2026-07-15T11:57:16.353Z
6a57763f5c9a91d8b820e8e4,2026-07-15T12:00:01.551Z
6a577c27fd3689604eedcbe8,2026-07-15T12:25:13.009Z
6a577dc8fd3689604eedcbe9,2026-07-15T12:32:11.001Z
6a577f2ffd3689604eedcbea,2026-07-15T12:38:09.440Z
6a578135fd3689604eedcbeb,2026-07-15T12:46:47.857Z
6a578138fd3689604eedcbec,2026-07-15T12:46:49.666Z
6a5781ba5c9a91d8b820e8e7,2026-07-15T12:49:00.278Z
6a57828cfd3689604eedcbed,2026-07-15T12:52:30.088Z
6a57837efd3689604eedcbef,2026-07-15T12:56:32.052Z
6a5784775c9a91d8b820e8e8,2026-07-15T13:00:41.131Z
6a5784cd5c9a91d8b820e8e9,2026-07-15T13:02:07.639Z
6a5784f85c9a91d8b820e8ea,2026-07-15T13:02:53.323Z
6a578529fd3689604eedcbf0,2026-07-15T13:03:39.092Z
6a57857f5c9a91d8b820e8eb,2026-07-15T13:05:06.151Z
6a5785b5fd3689604eedcbf1,2026-07-15T13:05:59.782Z
6a5785d45c9a91d8b820e8ed,2026-07-15T13:06:30.417Z
6a57862afd3689604eedcbf2,2026-07-15T13:07:56.054Z
6a578675fd3689604eedcbf3,2026-07-15T13:09:11.337Z
6a5786ab5c9a91d8b820e8ee,2026-07-15T13:10:04.862Z
6a5786c5fd3689604eedcbf4,2026-07-15T13:10:31.325Z
6a578715fd3689604eedcbf5,2026-07-15T13:11:51.232Z
6a578767fd3689604eedcbf6,2026-07-15T13:13:13.590Z
6a578778fd3689604eedcbf7,2026-07-15T13:13:30.337Z
6a5787acfd3689604eedcbf8,2026-07-15T13:14:21.902Z
6a5787fe5c9a91d8b820e8ef,2026-07-15T13:15:44.245Z
6a5789eefd3689604eedcbf9,2026-07-15T13:24:00.667Z
6a578a7cfd3689604eedcbfb,2026-07-15T13:26:22.401Z
6a578a84fd3689604eedcbfc,2026-07-15T13:26:29.725Z
6a578b935c9a91d8b820e8f0,2026-07-15T13:31:01.465Z
6a578c6afd3689604eedcbfd,2026-07-15T13:34:35.757Z
6a578d585c9a91d8b820e8f1,2026-07-15T13:38:34.088Z
6a578d96fd3689604eedcbfe,2026-07-15T13:39:36.277Z
6a578eb4fd3689604eedcbff,2026-07-15T13:44:22.821Z
6a578efbfd3689604eedcc00,2026-07-15T13:45:32.935Z
6a578f465c9a91d8b820e8f2,2026-07-15T13:46:48.999Z
6a57929a5c9a91d8b820e8f3,2026-07-15T14:01:00.781Z
6a579404fd3689604eedcc01,2026-07-15T14:07:02.139Z
6a5794385c9a91d8b820e8f4,2026-07-15T14:07:57.016Z
6a579816fd3689604eedcc03,2026-07-15T14:24:24.393Z
6a579a78fd3689604eedcc04,2026-07-15T14:34:34.854Z
6a579a815c9a91d8b820e8f5,2026-07-15T14:34:42.948Z
6a579d025c9a91d8b820e8f6,2026-07-15T14:45:27.545Z
6a579d625c9a91d8b820e8f7,2026-07-15T14:47:00.171Z
6a579e42fd3689604eedcc05,2026-07-15T14:50:44.368Z
6a57a1c7fd3689604eedcc06,2026-07-15T15:05:46.344Z
6a57a2e32a2b170013001538,2026-07-15T15:10:27.234Z
6a57a74c5c9a91d8b820e8f9,2026-07-15T15:29:18.635Z
6a57a9495c9a91d8b820e8fa,2026-07-15T15:37:47.204Z
6a57aa2a5c9a91d8b820e8fc,2026-07-15T15:41:32.797Z
6a57ae085c9a91d8b820e8fe,2026-07-15T15:58:02.886Z
6a57ae6c5c9a91d8b820e8ff,2026-07-15T15:59:42.309Z
6a57af22fd3689604eedcc07,2026-07-15T16:02:44.756Z
6a57b0d75c9a91d8b820e900,2026-07-15T16:10:01.548Z
6a57b1fe5c9a91d8b820e902,2026-07-15T16:14:55.876Z
6a57b23d5c9a91d8b820e904,2026-07-15T16:15:59.824Z
6a57b3a9fd3689604eedcc08,2026-07-15T16:22:03.399Z
6a57b402fd3689604eedcc09,2026-07-15T16:23:32.363Z
6a57b4f75c9a91d8b820e905,2026-07-15T16:27:37.811Z
6a57b6fd5c9a91d8b820e906,2026-07-15T16:36:16.042Z
6a57b8b95c9a91d8b820e907,2026-07-15T16:43:38.963Z
6a57baebfd3689604eedcc0a,2026-07-15T16:53:03.999Z
6a57bbf95c9a91d8b820e908,2026-07-15T16:57:31.602Z
6a57bcb65c9a91d8b820e909,2026-07-15T17:00:40.328Z
6a57bd13fd3689604eedcc0b,2026-07-15T17:02:13.880Z
6a57bd73fd3689604eedcc0c,2026-07-15T17:03:49.364Z
6a57bdda5c9a91d8b820e90a,2026-07-15T17:05:31.825Z
6a57be39fd3689604eedcc0d,2026-07-15T17:07:07.602Z
6a57be97fd3689604eedcc0e,2026-07-15T17:08:50.205Z
6a57bef05c9a91d8b820e90b,2026-07-15T17:10:10.324Z
6a57bf3b5c9a91d8b820e90c,2026-07-15T17:11:25.164Z
6a57bf91fd3689604eedcc0f,2026-07-15T17:12:51.206Z
6a57bfe05c9a91d8b820e90d,2026-07-15T17:14:10.235Z
6a57c0325c9a91d8b820e90e,2026-07-15T17:15:32.180Z
6a57c0825c9a91d8b820e90f,2026-07-15T17:16:52.390Z
6a57c7285c9a91d8b820e910,2026-07-15T17:45:14.300Z
6a57c7805c9a91d8b820e911,2026-07-15T17:46:42.758Z
6a57c7abfd3689604eedcc11,2026-07-15T17:47:24.697Z
6a57c8af5c9a91d8b820e912,2026-07-15T17:51:46.543Z
6a57cc1dfd3689604eedcc12,2026-07-15T18:06:23.810Z
6a57cc955c9a91d8b820e913,2026-07-15T18:08:23.045Z
6a57cd56fd3689604eedcc13,2026-07-15T18:11:36.187Z
6a57ce245c9a91d8b820e914,2026-07-15T18:15:02.579Z
6a57d3205c9a91d8b820e915,2026-07-15T18:36:18.494Z
6a57d41e5c9a91d8b820e916,2026-07-15T18:40:35.343Z
6a57d4fd5c9a91d8b820e917,2026-07-15T18:44:14.673Z
6a57d7a15c9a91d8b820e918,2026-07-15T18:55:30.995Z
6a57d8ee5c9a91d8b820e919,2026-07-15T19:01:04.325Z
6a57d9215c9a91d8b820e91a,2026-07-15T19:01:55.529Z
6a57d9f2fd3689604eedcc17,2026-07-15T19:05:24.644Z
6a57ddb05c9a91d8b820e91b,2026-07-15T19:21:22.693Z
6a57df2f5c9a91d8b820e91c,2026-07-15T19:27:46.070Z
6a57e3895c9a91d8b820e91d,2026-07-15T19:46:19.783Z
6a57e4b25c9a91d8b820e91f,2026-07-15T19:51:16.961Z
6a57e5265c9a91d8b820e920,2026-07-15T19:53:11.996Z
6a57e59d5c9a91d8b820e921,2026-07-15T19:55:11.397Z
6a57e637fd3689604eedcc19,2026-07-15T19:57:44.963Z
6a57e640fd3689604eedcc1a,2026-07-15T19:57:54.198Z
6a57e97afd3689604eedcc1b,2026-07-15T20:11:41.029Z
6a57ea4dfd3689604eedcc1c,2026-07-15T20:15:11.309Z
6a57eb0dfd3689604eedcc1d,2026-07-15T20:18:23.848Z
6a57eb925c9a91d8b820e922,2026-07-15T20:20:36.527Z
6a57eb9ffd3689604eedcc1e,2026-07-15T20:20:48.747Z
6a57f0635c9a91d8b820e924,2026-07-15T20:41:09.523Z
6a57f3c25c9a91d8b820e925,2026-07-15T20:55:32.239Z
6a57f4a15c9a91d8b820e926,2026-07-15T20:59:15.113Z
6a57f8ebfd3689604eedcc20,2026-07-15T21:17:36.577Z
6a57fb1ffa74661747556b0f,2026-07-15T21:26:55.545Z
6a580211fd3689604eedcc21,2026-07-15T21:56:35.403Z
6a58082ffd3689604eedcc22,2026-07-15T22:22:42.198Z
6a58091a5c9a91d8b820e929,2026-07-15T22:26:36.402Z
6a58099bfd3689604eedcc23,2026-07-15T22:28:47.771Z
6a580c485c9a91d8b820e92a,2026-07-15T22:40:10.163Z
6a580cc25c9a91d8b820e92b,2026-07-15T22:42:12.147Z
6a58110b5c9a91d8b820e92c,2026-07-15T23:00:29.232Z
6a5812a1fd3689604eedcc24,2026-07-15T23:07:15.380Z
6a5812a5fd3689604eedcc25,2026-07-15T23:07:18.853Z
6a5816675c9a91d8b820e92d,2026-07-15T23:23:23.560Z
6a581cadfd3689604eedcc26,2026-07-15T23:50:07.365Z
6a581d48fd3689604eedcc27,2026-07-15T23:52:42.265Z
6a581e675c9a91d8b820e92e,2026-07-15T23:57:29.796Z
6a581fdc5c9a91d8b820e92f,2026-07-16T00:03:42.882Z
6a5827eefd3689604eedcc28,2026-07-16T00:38:08.214Z
6a582d69fd3689604eedcc29,2026-07-16T01:01:31.254Z
6a583bdcfd3689604eedcc2a,2026-07-16T02:03:10.179Z
6a583e37fd3689604eedcc2b,2026-07-16T02:13:13.354Z
6a58402cfd3689604eedcc2c,2026-07-16T02:21:34.736Z
6a5843cefd3689604eedcc2d,2026-07-16T02:37:04.696Z
6a5844255c9a91d8b820e931,2026-07-16T02:38:31.222Z
6a58492bfd3689604eedcc2e,2026-07-16T02:59:57.028Z
6a584ca7fd3689604eedcc30,2026-07-16T03:14:49.277Z
6a584e8d5c9a91d8b820e932,2026-07-16T03:22:56.170Z
6a58508efd3689604eedcc31,2026-07-16T03:31:28.415Z
6a585518fd3689604eedcc32,2026-07-16T03:50:50.554Z
6a585a9ffd3689604eedcc33,2026-07-16T04:14:25.319Z
6a585be2fd3689604eedcc34,2026-07-16T04:19:48.419Z
6a585db95c9a91d8b820e934,2026-07-16T04:27:38.906Z
6a585f275c9a91d8b820e935,2026-07-16T04:33:45.285Z
6a5863125c9a91d8b820e936,2026-07-16T04:50:28.693Z
6a5865915c9a91d8b820e937,2026-07-16T05:01:07.245Z
6a5865f25c9a91d8b820e938,2026-07-16T05:02:44.463Z
6a58662b5c9a91d8b820e939,2026-07-16T05:03:41.179Z
6a586650fd3689604eedcc35,2026-07-16T05:04:18.378Z
6a5866875c9a91d8b820e93a,2026-07-16T05:05:12.956Z
6a5866b25c9a91d8b820e93b,2026-07-16T05:05:56.645Z
6a5867315c9a91d8b820e93c,2026-07-16T05:08:02.899Z
6a5867345c9a91d8b820e93d,2026-07-16T05:08:06.465Z
6a586793fd3689604eedcc36,2026-07-16T05:09:41.431Z
6a5867effd3689604eedcc37,2026-07-16T05:11:13.748Z
6a58683dfd3689604eedcc38,2026-07-16T05:12:31.455Z
6a5868705c9a91d8b820e93e,2026-07-16T05:13:22.653Z
6a58688ffd3689604eedcc39,2026-07-16T05:13:53.142Z
6a5868adfd3689604eedcc3a,2026-07-16T05:14:23.290Z
6a5868e1fd3689604eedcc3b,2026-07-16T05:15:14.909Z
6a5868e85c9a91d8b820e93f,2026-07-16T05:15:22.443Z
6a58692d5c9a91d8b820e940,2026-07-16T05:16:31.643Z
6a586978fd3689604eedcc3c,2026-07-16T05:17:46.613Z
6a586b6afd3689604eedcc3d,2026-07-16T05:26:03.945Z
6a587151fd3689604eedcc3e,2026-07-16T05:51:15.701Z
6a5872df5c9a91d8b820e941,2026-07-16T05:57:53.357Z
6a587412fd3689604eedcc40,2026-07-16T06:03:00.935Z
6a5879f15c9a91d8b820e942,2026-07-16T06:28:05.806Z
6a587a255c9a91d8b820e943,2026-07-16T06:28:54.640Z
6a587b24fd3689604eedcc42,2026-07-16T06:33:10.835Z
6a587d865c9a91d8b820e944,2026-07-16T06:43:22.190Z
6a587de2fd3689604eedcc43,2026-07-16T06:44:52.576Z
6a587e2a5c9a91d8b820e945,2026-07-16T06:46:04.468Z
6a587ea0fd3689604eedcc44,2026-07-16T06:48:02.419Z
6a587fca5c9a91d8b820e947,2026-07-16T06:53:00.366Z
6a5881c25c9a91d8b820e948,2026-07-16T07:01:24.239Z
6a5881d85c9a91d8b820e949,2026-07-16T07:01:45.879Z
6a588271fd3689604eedcc45,2026-07-16T07:04:19.655Z
6a588393fd3689604eedcc46,2026-07-16T07:09:09.170Z
6a588442fd3689604eedcc47,2026-07-16T07:12:04.627Z
6a58850dfd3689604eedcc48,2026-07-16T07:15:26.939Z
6a588606fd3689604eedcc49,2026-07-16T07:19:36.071Z
6a58882cfd3689604eedcc4a,2026-07-16T07:28:46.329Z
6a588a74fd3689604eedcc4b,2026-07-16T07:38:30.143Z
6a588c5afd3689604eedcc4c,2026-07-16T07:46:36.178Z
6a58903e5c9a91d8b820e94b,2026-07-16T08:03:11.890Z
6a5892c65c9a91d8b820e94c,2026-07-16T08:14:00.763Z
6a5893de5c9a91d8b820e94e,2026-07-16T08:18:39.728Z
6a5896015c9a91d8b820e94f,2026-07-16T08:27:47.339Z
6a5897cc5c9a91d8b820e950,2026-07-16T08:35:26.754Z
6a589a4f5c9a91d8b820e951,2026-07-16T08:46:09.131Z
6a589db75c9a91d8b820e952,2026-07-16T09:00:41.808Z
6a589e0e5c9a91d8b820e953,2026-07-16T09:02:08.142Z
6a589e8331bd42c1e64066d8,2026-07-16T09:04:05.793Z
6a589ef75c9a91d8b820e954,2026-07-16T09:06:01.608Z
6a589f5231bd42c1e64066d9,2026-07-16T09:07:31.577Z
6a589f9d31bd42c1e64066da,2026-07-16T09:08:47.451Z
6a589fd85c9a91d8b820e955,2026-07-16T09:09:46.486Z
6a589ff35c9a91d8b820e956,2026-07-16T09:10:12.556Z
6a58a0185c9a91d8b820e957,2026-07-16T09:10:50.196Z
6a58a03e5c9a91d8b820e958,2026-07-16T09:11:28.148Z
6a58a08e31bd42c1e64066db,2026-07-16T09:12:48.229Z
6a58a0d731bd42c1e64066dd,2026-07-16T09:14:01.471Z
6a58a12331bd42c1e64066de,2026-07-16T09:15:17.174Z
6a58a16c31bd42c1e64066df,2026-07-16T09:16:30.518Z
6a58a30231bd42c1e64066e0,2026-07-16T09:23:16.042Z
6a58a47d5c9a91d8b820e959,2026-07-16T09:29:34.896Z
6a58a56131bd42c1e64066e1,2026-07-16T09:33:23.652Z
6a58a6665c9a91d8b820e95a,2026-07-16T09:37:43.615Z
6a58a71a5c9a91d8b820e95b,2026-07-16T09:40:44.283Z
6a58af5e5c9a91d8b820e95c,2026-07-16T10:16:00.435Z
6a58b1b15c9a91d8b820e95d,2026-07-16T10:25:55.002Z
6a58b31d5c9a91d8b820e95e,2026-07-16T10:31:58.962Z
6a58b3bd5c9a91d8b820e95f,2026-07-16T10:34:38.875Z
6a58b4f05c9a91d8b820e960,2026-07-16T10:39:45.889Z
6a58b56631bd42c1e64066e2,2026-07-16T10:41:44.504Z
6a58b65631bd42c1e64066e3,2026-07-16T10:45:44.630Z
6a58b6e35c9a91d8b820e961,2026-07-16T10:48:05.282Z
6a58b74531bd42c1e64066e4,2026-07-16T10:49:43.969Z
6a58b86b31bd42c1e64066e5,2026-07-16T10:54:37.628Z
6a58b8b331bd42c1e64066e6,2026-07-16T10:55:49.627Z
6a58be3e31bd42c1e64066e7,2026-07-16T11:19:28.803Z
6a58be945c9a91d8b820e962,2026-07-16T11:20:54.481Z
6a58c29731bd42c1e64066e8,2026-07-16T11:38:02.113Z
6a58c4335c9a91d8b820e963,2026-07-16T11:44:52.756Z
6a58ca3343f2989566ea9ee5,2026-07-16T12:10:30.485Z
6a58ca595c9a91d8b820e964,2026-07-16T12:11:07.419Z
6a58d03631bd42c1e64066e9,2026-07-16T12:36:08.114Z
6a58d1275c9a91d8b820e966,2026-07-16T12:40:10.145Z
6a58d20a5c9a91d8b820e967,2026-07-16T12:43:56.842Z
6a58d24231bd42c1e64066ea,2026-07-16T12:44:52.268Z
6a58d37531bd42c1e64066eb,2026-07-16T12:49:59.780Z
6a58d3945c9a91d8b820e968,2026-07-16T12:50:30.772Z
6a58d44f5c9a91d8b820e969,2026-07-16T12:53:36.883Z
6a58d4c55c9a91d8b820e96a,2026-07-16T12:55:35.477Z
6a58d55d5c9a91d8b820e96b,2026-07-16T12:58:06.960Z
6a58d5625c9a91d8b820e96c,2026-07-16T12:58:12.522Z
6a58d5d85c9a91d8b820e96d,2026-07-16T13:00:10.595Z
6a58d5f95c9a91d8b820e96e,2026-07-16T13:00:43.378Z
6a58d6555c9a91d8b820e96f,2026-07-16T13:02:15.673Z
6a58d6cb5c9a91d8b820e970,2026-07-16T13:04:13.046Z
6a58d75731bd42c1e64066ef,2026-07-16T13:06:33.539Z
6a58d7b05c9a91d8b820e972,2026-07-16T13:08:02.805Z
6a58d7bb5c9a91d8b820e973,2026-07-16T13:08:13.852Z
6a58d82831bd42c1e64066f0,2026-07-16T13:10:03.002Z
6a58d87c5c9a91d8b820e974,2026-07-16T13:11:26.657Z
6a58d8c75c9a91d8b820e975,2026-07-16T13:12:41.370Z
6a58d9115c9a91d8b820e976,2026-07-16T13:13:55.483Z
6a58d95e31bd42c1e64066f1,2026-07-16T13:15:12.456Z
6a58d9b05c9a91d8b820e977,2026-07-16T13:16:34.791Z
6a58d9fc5c9a91d8b820e978,2026-07-16T13:17:50.493Z
6a58da6931bd42c1e64066f2,2026-07-16T13:19:39.596Z
6a58e23f31bd42c1e64066f3,2026-07-16T13:53:05.558Z
6a58e2945c9a91d8b820e97c,2026-07-16T13:54:30.710Z
6a58e7185c9a91d8b820e97d,2026-07-16T14:13:46.391Z
6a58e75431bd42c1e64066f4,2026-07-16T14:14:46.776Z
6a58e82031bd42c1e64066f5,2026-07-16T14:18:10.822Z
6a58e8805c9a91d8b820e97e,2026-07-16T14:19:46.270Z
6a58edbc31bd42c1e64066f8,2026-07-16T14:42:06.857Z
6a58ee1431bd42c1e64066fb,2026-07-16T14:43:34.210Z
6a58eea331bd42c1e64066fc,2026-07-16T14:45:57.196Z
6a58eed831bd42c1e64066fd,2026-07-16T14:46:50.743Z
6a58f1e14a4c267b3be2d2cf,2026-07-16T14:59:48.124Z
6a58f22531bd42c1e64066ff,2026-07-16T15:00:55.248Z
6a58f3224a4c267b3be2d2d0,2026-07-16T15:05:09.131Z
6a58f3484a4c267b3be2d2d2,2026-07-16T15:05:46.997Z
6a58f3c031bd42c1e6406705,2026-07-16T15:07:46.574Z
6a58f3cf4a4c267b3be2d2d4,2026-07-16T15:08:01.694Z
6a58f4244a4c267b3be2d2d6,2026-07-16T15:09:26.319Z
6a58f5174a4c267b3be2d2d7,2026-07-16T15:13:28.855Z
6a58f51f31bd42c1e6406708,2026-07-16T15:13:37.861Z
6a58f5584a4c267b3be2d2d8,2026-07-16T15:14:34.545Z
6a58f5714a4c267b3be2d2d9,2026-07-16T15:15:00.123Z
6a58f58a4a4c267b3be2d2da,2026-07-16T15:15:24.840Z
6a58f5f54a4c267b3be2d2db,2026-07-16T15:17:11.520Z
6a58f7b94a4c267b3be2d2de,2026-07-16T15:24:43.098Z
6a58f7ea31bd42c1e640670c,2026-07-16T15:25:32.031Z
6a58f8d24a4c267b3be2d2e1,2026-07-16T15:29:25.365Z
6a58f8d431bd42c1e640670e,2026-07-16T15:29:26.082Z
6a58f8f14a4c267b3be2d2e3,2026-07-16T15:29:55.334Z
6a58fb354a4c267b3be2d2e4,2026-07-16T15:39:35.448Z
6a58fbc04a4c267b3be2d2e5,2026-07-16T15:41:54.526Z
6a58fbe94a4c267b3be2d2e6,2026-07-16T15:42:35.460Z
6a58fce131bd42c1e6406714,2026-07-16T15:46:43.364Z
6a58ff974a4c267b3be2d2e8,2026-07-16T15:58:17.186Z
6a5900a94a4c267b3be2d2e9,2026-07-16T16:02:51.361Z
6a59012931bd42c1e6406715,2026-07-16T16:04:59.496Z
6a59014e4a4c267b3be2d2ea,2026-07-16T16:05:36.061Z
6a5901b44a4c267b3be2d2eb,2026-07-16T16:07:17.887Z
6a59023f31bd42c1e6406716,2026-07-16T16:09:37.852Z
6a59055c31bd42c1e6406717,2026-07-16T16:22:56.930Z
6a5906ca31bd42c1e6406718,2026-07-16T16:29:00.997Z
6a5906f94a4c267b3be2d2ec,2026-07-16T16:29:50.019Z
6a59080e4a4c267b3be2d2ee,2026-07-16T16:34:24.132Z
6a5908da4a4c267b3be2d2ef,2026-07-16T16:37:48.657Z
6a5909684a4c267b3be2d2f1,2026-07-16T16:40:12.093Z
6a590a7c4a4c267b3be2d2f3,2026-07-16T16:44:46.794Z
6a590be231bd42c1e640671c,2026-07-16T16:50:44.273Z
6a590c4531bd42c1e640671e,2026-07-16T16:52:23.427Z
6a590cc04a4c267b3be2d2f7,2026-07-16T16:54:27.117Z
6a590e3a4a4c267b3be2d2f8,2026-07-16T17:00:44.700Z
6a590e9231bd42c1e640671f,2026-07-16T17:02:12.676Z
6a590ef331bd42c1e6406720,2026-07-16T17:03:49.444Z
6a590f4f4a4c267b3be2d2f9,2026-07-16T17:05:21.890Z
6a590fc531bd42c1e6406721,2026-07-16T17:07:19.372Z
6a590fd031bd42c1e6406722,2026-07-16T17:07:30.605Z
6a59103a31bd42c1e6406723,2026-07-16T17:09:17.090Z
6a59107e31bd42c1e6406724,2026-07-16T17:10:24.833Z
6a59109c31bd42c1e6406725,2026-07-16T17:10:54.466Z
6a5910ea31bd42c1e6406726,2026-07-16T17:12:12.947Z
6a59113c31bd42c1e6406727,2026-07-16T17:13:34.264Z
6a59118b31bd42c1e6406728,2026-07-16T17:14:52.923Z
6a5911db31bd42c1e6406729,2026-07-16T17:16:13.757Z
6a59122d31bd42c1e640672a,2026-07-16T17:17:35.298Z
6a59132031bd42c1e640672b,2026-07-16T17:21:38.872Z
6a59138d31bd42c1e640672c,2026-07-16T17:23:27.845Z
6a5913a631bd42c1e640672d,2026-07-16T17:23:54.870Z
6a59154131bd42c1e640672e,2026-07-16T17:30:42.985Z
6a59178331bd42c1e640672f,2026-07-16T17:40:21.630Z
6a59180f4a4c267b3be2d2fa,2026-07-16T17:42:41.225Z
6a591ac64a4c267b3be2d2fb,2026-07-16T17:54:17.135Z
6a591e094a4c267b3be2d2fd,2026-07-16T18:08:11.099Z
6a591ea531bd42c1e6406730,2026-07-16T18:10:47.643Z
6a591f2e31bd42c1e6406731,2026-07-16T18:13:06.867Z
6a591ff04a4c267b3be2d2fe,2026-07-16T18:16:17.961Z
6a5921a931bd42c1e6406732,2026-07-16T18:23:39.113Z
6a59231b4a4c267b3be2d2ff,2026-07-16T18:29:49.863Z
6a5925284a4c267b3be2d300,2026-07-16T18:38:33.949Z
6a5925d231bd42c1e6406733,2026-07-16T18:41:24.031Z
6a59274731bd42c1e6406734,2026-07-16T18:47:37.475Z
6a59277e31bd42c1e6406735,2026-07-16T18:48:32.561Z
6a5927ec31bd42c1e6406736,2026-07-16T18:50:22.232Z
6a592b0f4a4c267b3be2d301,2026-07-16T19:03:44.990Z
6a592e7531bd42c1e6406738,2026-07-16T19:18:15.108Z
6a592e9c4a4c267b3be2d303,2026-07-16T19:18:54Z
6a5938ca31bd42c1e640673c,2026-07-16T20:02:20.622Z
6a59394931bd42c1e640673d,2026-07-16T20:04:27.794Z
6a593ce84a4c267b3be2d304,2026-07-16T20:19:54.960Z
6a593e2c31bd42c1e640673e,2026-07-16T20:25:18.674Z
6a593eac4a4c267b3be2d305,2026-07-16T20:27:26.325Z
6a5940b14a4c267b3be2d306,2026-07-16T20:36:03.140Z
6a5941524a4c267b3be2d307,2026-07-16T20:38:44.117Z
6a59425f4a4c267b3be2d308,2026-07-16T20:43:13.939Z
6a5942d74a4c267b3be2d309,2026-07-16T20:45:15.617Z
6a5943184a4c267b3be2d30a,2026-07-16T20:46:18.986Z
6a5945f94d4506343d1b3a98,2026-07-16T20:58:33.306Z
6a59475a31bd42c1e640673f,2026-07-16T21:04:28.294Z
6a5947984a4c267b3be2d30b,2026-07-16T21:05:30.174Z
6a5947a431bd42c1e6406740,2026-07-16T21:05:42.746Z
6a594b1b31bd42c1e6406741,2026-07-16T21:20:32.805Z
6a594b9931bd42c1e6406742,2026-07-16T21:22:35.147Z
6a594be031bd42c1e6406743,2026-07-16T21:23:46.550Z
6a5950b74a4c267b3be2d30c,2026-07-16T21:44:25.759Z
6a5952e031bd42c1e6406744,2026-07-16T21:53:40.512Z
6a5957324a4c267b3be2d30d,2026-07-16T22:12:03.731Z
6a59589531bd42c1e6406745,2026-07-16T22:17:59.523Z
6a5959cd31bd42c1e6406746,2026-07-16T22:23:11.501Z
6a595ae731bd42c1e6406747,2026-07-16T22:27:53.020Z
6a595b6131bd42c1e6406748,2026-07-16T22:29:55.232Z
6a595c604a4c267b3be2d311,2026-07-16T22:34:10.666Z
6a595cd04a4c267b3be2d312,2026-07-16T22:36:02.406Z
6a595d394a4c267b3be2d313,2026-07-16T22:37:48.236Z
6a595d654a4c267b3be2d314,2026-07-16T22:38:31.854Z
6a595d9b4a4c267b3be2d315,2026-07-16T22:39:25.468Z
6a59672a31bd42c1e640674b,2026-07-16T23:20:12.868Z
6a59673031bd42c1e640674c,2026-07-16T23:20:18.074Z
6a596b8531bd42c1e640674d,2026-07-16T23:38:49.835Z
6a59738f31bd42c1e640674f,2026-07-17T00:13:05.531Z
6a5976334a4c267b3be2d316,2026-07-17T00:24:21.626Z
6a5977c84a4c267b3be2d317,2026-07-17T00:31:06.165Z
6a5979134a4c267b3be2d318,2026-07-17T00:36:37.518Z
6a597a4b4a4c267b3be2d319,2026-07-17T00:41:49.525Z
6a597e6331bd42c1e6406750,2026-07-17T00:59:17.888Z
6a5984a431bd42c1e6406751,2026-07-17T01:25:58.525Z
6a598d724a4c267b3be2d31a,2026-07-17T02:03:32.871Z
6a598eb131bd42c1e6406752,2026-07-17T02:08:51.095Z
6a598fa74a4c267b3be2d31b,2026-07-17T02:12:57.491Z
6a5998a74a4c267b3be2d31c,2026-07-17T02:51:22.218Z
6a5998aa31bd42c1e6406754,2026-07-17T02:51:26.840Z
6a59993931bd42c1e6406755,2026-07-17T02:53:47.416Z
6a59a08c4a4c267b3be2d31d,2026-07-17T03:25:02.656Z
6a59a2164a4c267b3be2d31e,2026-07-17T03:31:36.406Z
6a59a3a24a4c267b3be2d31f,2026-07-17T03:38:12.270Z
6a59aa644a4c267b3be2d320,2026-07-17T04:07:02.315Z
6a59af3f4a4c267b3be2d322,2026-07-17T04:27:45.261Z
6a59b49f4a4c267b3be2d323,2026-07-17T04:50:43.493Z
6a59b6fa4a4c267b3be2d324,2026-07-17T05:00:44.638Z
6a59b75a4a4c267b3be2d325,2026-07-17T05:02:20.142Z
6a59b7bd4a4c267b3be2d326,2026-07-17T05:03:58.533Z
6a59b8144a4c267b3be2d327,2026-07-17T05:05:26.545Z
6a59b8734a4c267b3be2d328,2026-07-17T05:07:01.523Z
6a59b8d231bd42c1e6406757,2026-07-17T05:08:36.340Z
6a59b92f31bd42c1e6406758,2026-07-17T05:10:09.347Z
6a59b98131bd42c1e6406759,2026-07-17T05:11:32.075Z
6a59b9d54a4c267b3be2d329,2026-07-17T05:12:54.663Z
6a59ba2731bd42c1e640675b,2026-07-17T05:14:17.532Z
6a59ba3b4a4c267b3be2d32a,2026-07-17T05:14:37.161Z
6a59ba764a4c267b3be2d32b,2026-07-17T05:15:36.847Z
6a59bac34a4c267b3be2d32c,2026-07-17T05:16:53.005Z
6a59bc9e31bd42c1e640675c,2026-07-17T05:24:49.532Z
6a59c1ab4a4c267b3be2d32d,2026-07-17T05:46:21.609Z
6a59c36831bd42c1e640675d,2026-07-17T05:53:46.139Z
6a59ce9731bd42c1e640675e,2026-07-17T06:41:30.226Z
6a59d1364a4c267b3be2d32e,2026-07-17T06:52:42.324Z
6a59d4274a4c267b3be2d330,2026-07-17T07:05:13.580Z
6a59d46c4a4c267b3be2d331,2026-07-17T07:06:22.754Z
6a59d64731bd42c1e640675f,2026-07-17T07:14:17.645Z
6a59d7d531bd42c1e6406760,2026-07-17T07:20:55.053Z
6a59d81431bd42c1e6406761,2026-07-17T07:21:57.920Z
6a59da3131bd42c1e6406762,2026-07-17T07:30:59.230Z
6a59dda431bd42c1e6406763,2026-07-17T07:45:44.835Z
6a59ddf84a4c267b3be2d332,2026-07-17T07:47:06.738Z
6a59de194a4c267b3be2d333,2026-07-17T07:47:39.714Z
6a59de324a4c267b3be2d335,2026-07-17T07:48:04.400Z
6a59df4931bd42c1e6406766,2026-07-17T07:52:42.958Z
6a59e20c4a4c267b3be2d336,2026-07-17T08:04:30.943Z
6a59e3fd4a4c267b3be2d337,2026-07-17T08:12:46.939Z
6a59e46c31bd42c1e6406767,2026-07-17T08:14:38.490Z
6a59e65431bd42c1e640676a,2026-07-17T08:22:46.541Z
6a59e76731bd42c1e640676c,2026-07-17T08:27:21.928Z
6a59e87331bd42c1e640676d,2026-07-17T08:31:49.879Z
6a59ec584a4c267b3be2d339,2026-07-17T08:48:26.056Z
6a59ef394a4c267b3be2d33a,2026-07-17T09:00:43.338Z
6a59ef8a4a4c267b3be2d33b,2026-07-17T09:02:04.873Z
6a59efe731bd42c1e640676e,2026-07-17T09:03:37.573Z
6a59f04131bd42c1e640676f,2026-07-17T09:05:07.505Z
6a59f09931bd42c1e6406770,2026-07-17T09:06:35.671Z
6a59f0f04a4c267b3be2d33c,2026-07-17T09:08:02.481Z
6a59f0f131bd42c1e6406771,2026-07-17T09:08:03.415Z
6a59f1434a4c267b3be2d33d,2026-07-17T09:09:25.559Z
6a59f1904a4c267b3be2d33e,2026-07-17T09:10:41.832Z
6a59f1dc31bd42c1e6406772,2026-07-17T09:11:58.268Z
6a59f22e31bd42c1e6406773,2026-07-17T09:13:20.224Z
6a59f27f4a4c267b3be2d33f,2026-07-17T09:14:40.685Z
6a59f2824a4c267b3be2d340,2026-07-17T09:14:43.682Z
6a59f2ca31bd42c1e6406774,2026-07-17T09:15:56.237Z
6a59f2ea4a4c267b3be2d341,2026-07-17T09:16:28.399Z
6a59fba231bd42c1e6406775,2026-07-17T09:53:39.801Z
6a59fe664a4c267b3be2d343,2026-07-17T10:05:28.768Z
6a59ffa74a4c267b3be2d344,2026-07-17T10:10:49.263Z
6a5a03524a4c267b3be2d345,2026-07-17T10:26:28.003Z
6a5a06824a4c267b3be2d346,2026-07-17T10:40:06.949Z
6a5a082731bd42c1e6406776,2026-07-17T10:47:04.917Z
6a5a084831bd42c1e6406777,2026-07-17T10:47:38.487Z
6a5a08dd31bd42c1e6406778,2026-07-17T10:50:07.661Z
6a5a091931bd42c1e6406779,2026-07-17T10:51:07.221Z
6a5a0b104a4c267b3be2d347,2026-07-17T10:59:30.699Z
6a5a0b5931bd42c1e640677b,2026-07-17T11:00:42.901Z
6a5a0cd84a4c267b3be2d348,2026-07-17T11:07:06.271Z
6a5a0d4a4a4c267b3be2d349,2026-07-17T11:09:00.178Z
6a5a178f31bd42c1e640677c,2026-07-17T11:52:49.204Z
6a5a1a9231bd42c1e640677d,2026-07-17T12:05:40.217Z
6a5a1c7131bd42c1e640677e,2026-07-17T12:13:39.774Z
6a5a1c8531bd42c1e640677f,2026-07-17T12:13:58.984Z
6a5a229e31bd42c1e6406780,2026-07-17T12:40:00.069Z
6a5a236531bd42c1e6406781,2026-07-17T12:43:19.831Z
6a5a25724a4c267b3be2d34a,2026-07-17T12:52:04.949Z
6a5a277a4a4c267b3be2d34b,2026-07-17T13:00:44.754Z
6a5a27d731bd42c1e6406782,2026-07-17T13:02:17.054Z
6a5a28314a4c267b3be2d34c,2026-07-17T13:03:47.560Z
6a5a28874a4c267b3be2d34d,2026-07-17T13:05:13.752Z
6a5a28fc4a4c267b3be2d34e,2026-07-17T13:07:10.172Z
6a5a29564a4c267b3be2d34f,2026-07-17T13:08:40.804Z
6a5a29a44a4c267b3be2d350,2026-07-17T13:09:58.471Z
6a5a29f931bd42c1e6406783,2026-07-17T13:11:23.375Z
6a5a2a494a4c267b3be2d351,2026-07-17T13:12:44.171Z
6a5a2a994a4c267b3be2d352,2026-07-17T13:14:03.366Z
6a5a2ae931bd42c1e6406784,2026-07-17T13:15:22.637Z
6a5a2b344a4c267b3be2d353,2026-07-17T13:16:38.483Z
6a5a2b644a4c267b3be2d354,2026-07-17T13:17:25.955Z
6a5a2cdf31bd42c1e6406785,2026-07-17T13:23:44.892Z
6a5a2ecf31bd42c1e6406786,2026-07-17T13:32:01.820Z
6a5a300c4a4c267b3be2d355,2026-07-17T13:37:18.540Z
6a5a32fb4a4c267b3be2d356,2026-07-17T13:49:49.067Z
6a5a33dc4a4c267b3be2d357,2026-07-17T13:53:35.082Z
6a5a36df4a4c267b3be2d358,2026-07-17T14:06:25.178Z
6a5a37914a4c267b3be2d359,2026-07-17T14:09:23.352Z
6a5a37a44a4c267b3be2d35a,2026-07-17T14:09:44.741Z
6a5a38154a4c267b3be2d35b,2026-07-17T14:11:34.862Z
6a5a39c631bd42c1e6406788,2026-07-17T14:18:48.038Z
6a5a3b6631bd42c1e6406789,2026-07-17T14:25:44.616Z
6a5a3bf74a4c267b3be2d35c,2026-07-17T14:28:09.869Z
6a5a3f114a4c267b3be2d35d,2026-07-17T14:41:23.309Z
6a5a4bae4a4c267b3be2d35e,2026-07-17T15:35:12.483Z
6a5a4c984a4c267b3be2d35f,2026-07-17T15:39:06.087Z
6a5a4ccc4a4c267b3be2d360,2026-07-17T15:39:58.683Z
6a5a4d684a4c267b3be2d361,2026-07-17T15:42:33.593Z
6a5a52e24a4c267b3be2d362,2026-07-17T16:05:56.925Z
6a5a55904a4c267b3be2d363,2026-07-17T16:17:22.060Z
6a5a55e531bd42c1e640678a,2026-07-17T16:18:47.512Z
6a5a585a31bd42c1e640678b,2026-07-17T16:29:19.146Z
6a5a5c9631bd42c1e640678c,2026-07-17T16:47:20.225Z
6a5a5cb031bd42c1e640678d,2026-07-17T16:47:46.163Z
6a5a5ebb4a4c267b3be2d365,2026-07-17T16:56:29.587Z
6a5a5f4731bd42c1e640678e,2026-07-17T16:58:49.370Z
6a5a5fba4a4c267b3be2d366,2026-07-17T17:00:45.278Z
6a5a602c4a4c267b3be2d367,2026-07-17T17:02:38.833Z
6a5a608731bd42c1e640678f,2026-07-17T17:04:10.288Z
6a5a60e64a4c267b3be2d368,2026-07-17T17:05:44.557Z
6a5a60ef4a4c267b3be2d369,2026-07-17T17:05:55.939Z
6a5a614931bd42c1e6406790,2026-07-17T17:07:23.298Z
6a5a61a74a4c267b3be2d36a,2026-07-17T17:08:57.038Z
6a5a62014a4c267b3be2d36b,2026-07-17T17:10:27.981Z
6a5a62314a4c267b3be2d36c,2026-07-17T17:11:15.441Z
6a5a624f4a4c267b3be2d36d,2026-07-17T17:11:45.329Z
6a5a62a04a4c267b3be2d36e,2026-07-17T17:13:06.106Z
6a5a62f331bd42c1e6406791,2026-07-17T17:14:29.561Z
6a5a634931bd42c1e6406792,2026-07-17T17:15:55.098Z
6a5a639d31bd42c1e6406793,2026-07-17T17:17:18.959Z
6a5a67014a4c267b3be2d370,2026-07-17T17:31:47.176Z
6a5a681b31bd42c1e6406794,2026-07-17T17:36:29.477Z
6a5a68e14a4c267b3be2d371,2026-07-17T17:39:46.726Z
6a5a6ad531bd42c1e6406795,2026-07-17T17:48:07.017Z
6a5a6b3a4a4c267b3be2d372,2026-07-17T17:49:48.858Z
6a5a73fb4a4c267b3be2d373,2026-07-17T18:27:09.635Z
6a5a75464a4c267b3be2d375,2026-07-17T18:32:42.881Z
6a5a784031bd42c1e6406796,2026-07-17T18:45:22.422Z
6a5a78fa4a4c267b3be2d376,2026-07-17T18:48:28.648Z
6a5a7e9d4a4c267b3be2d377,2026-07-17T19:12:31.127Z
6a5a7f8e4a4c267b3be2d379,2026-07-17T19:16:35.130Z
6a5a82a34a4c267b3be2d37a,2026-07-17T19:29:40.778Z
6a5a83f54a4c267b3be2d37b,2026-07-17T19:35:18.968Z
6a5a84d731bd42c1e6406797,2026-07-17T19:39:05.451Z
6a5a88f931bd42c1e6406798,2026-07-17T19:56:43.353Z
6a5a8acc31bd42c1e6406799,2026-07-17T20:04:31.409Z
6a5a8cb231bd42c1e640679a,2026-07-17T20:12:36.129Z
6a5a8cff31bd42c1e640679b,2026-07-17T20:13:53.284Z
6a5a8d914a4c267b3be2d37c,2026-07-17T20:16:22.195Z
6a5a8e534a4c267b3be2d37d,2026-07-17T20:19:32.917Z
6a5a8fb531bd42c1e640679c,2026-07-17T20:25:27.314Z
6a5a922a31bd42c1e640679d,2026-07-17T20:35:56.708Z
6a5a93204a4c267b3be2d37f,2026-07-17T20:40:05.071Z
6a5a93af4a4c267b3be2d380,2026-07-17T20:42:25.485Z
6a5a974631bd42c1e640679e,2026-07-17T20:57:44.751Z
6a5a9b324a4c267b3be2d381,2026-07-17T21:14:27.932Z
6a5a9d1131bd42c1e640679f,2026-07-17T21:22:27.433Z
6a5a9f7831bd42c1e64067a0,2026-07-17T21:32:42.761Z
6a5aa8de4a4c267b3be2d383,2026-07-17T22:12:48.452Z
6a5aa8ff31bd42c1e64067a2,2026-07-17T22:13:21.759Z
6a5aa9d64a4c267b3be2d384,2026-07-17T22:16:55.828Z
6a5aab4f4a4c267b3be2d386,2026-07-17T22:23:13.746Z
6a5aacaa31bd42c1e64067a3,2026-07-17T22:29:00.720Z
6a5aaed731bd42c1e64067a4,2026-07-17T22:38:17.003Z
6a5ab67e4a4c267b3be2d387,2026-07-17T23:10:55.897Z
6a5ab78f31bd42c1e64067a5,2026-07-17T23:15:30.161Z
6a5ab8864a4c267b3be2d388,2026-07-17T23:19:36.821Z
6a5ab9b34a4c267b3be2d389,2026-07-17T23:24:37.002Z
6a5abc034a4c267b3be2d38a,2026-07-17T23:34:29.155Z
6a5ac5484a4c267b3be2d38c,2026-07-18T00:14:02.714Z
6a5acc9631bd42c1e64067a8,2026-07-18T00:45:11.827Z
6a5adb924a4c267b3be2d38d,2026-07-18T01:49:10.153Z
6a5adc5d4a4c267b3be2d38e,2026-07-18T01:52:32.194Z
6a5adc8d4a4c267b3be2d38f,2026-07-18T01:53:19.038Z
6a5ae25931bd42c1e64067a9,2026-07-18T02:18:02.924Z
6a5ae66431bd42c1e64067aa,2026-07-18T02:35:18.004Z
6a5ae8e74a4c267b3be2d390,2026-07-18T02:46:01.441Z
6a5ae9124a4c267b3be2d391,2026-07-18T02:46:43.795Z
6a5ae99031bd42c1e64067ab,2026-07-18T02:48:49.815Z
6a5aebbb31bd42c1e64067ac,2026-07-18T02:58:05.653Z
6a5aef004a4c267b3be2d392,2026-07-18T03:12:02.542Z
6a5af25f4a4c267b3be2d393,2026-07-18T03:26:24.877Z
6a5af44031bd42c1e64067ad,2026-07-18T03:34:26.510Z
6a5afd3b31bd42c1e64067ae,2026-07-18T04:12:45.867Z
6a5b087b4a4c267b3be2d394,2026-07-18T05:00:45.448Z
6a5b08d931bd42c1e64067af,2026-07-18T05:02:19.625Z
6a5b093231bd42c1e64067b0,2026-07-18T05:03:48.075Z
6a5b09a64a4c267b3be2d395,2026-07-18T05:05:43.727Z
6a5b0a034a4c267b3be2d396,2026-07-18T05:07:17.224Z
6a5b0a584a4c267b3be2d397,2026-07-18T05:08:42.778Z
6a5b0a714a4c267b3be2d398,2026-07-18T05:09:07.170Z
6a5b0aae4a4c267b3be2d399,2026-07-18T05:10:08.449Z
6a5b0afe4a4c267b3be2d39a,2026-07-18T05:11:28.320Z
6a5b0b4f31bd42c1e64067b1,2026-07-18T05:12:49.245Z
6a5b0b7c31bd42c1e64067b2,2026-07-18T05:13:34.094Z
6a5b0ba231bd42c1e64067b3,2026-07-18T05:14:11.976Z
6a5b0bf131bd42c1e64067b4,2026-07-18T05:15:31.757Z
6a5b0c0331bd42c1e64067b5,2026-07-18T05:15:50.034Z
6a5b0c3d4a4c267b3be2d39b,2026-07-18T05:16:47.423Z
6a5b0f374a4c267b3be2d39c,2026-07-18T05:29:29.339Z
6a5b15dc31bd42c1e64067b6,2026-07-18T05:57:50.538Z
6a5b193931bd42c1e64067b7,2026-07-18T06:12:11.155Z
6a5b194131bd42c1e64067b8,2026-07-18T06:12:19.132Z
6a5b256131bd42c1e64067b9,2026-07-18T07:04:03.092Z
6a5b261f31bd42c1e64067ba,2026-07-18T07:07:14.079Z
6a5b268531bd42c1e64067bb,2026-07-18T07:08:56.304Z
6a5b2da84a4c267b3be2d39d,2026-07-18T07:39:22.464Z
6a5b2ebc4a4c267b3be2d39e,2026-07-18T07:43:58.411Z
6a5b313b31bd42c1e64067bd,2026-07-18T07:54:37.181Z
6a5b322d4a4c267b3be2d39f,2026-07-18T07:58:39.464Z
6a5b39d24a4c267b3be2d3a0,2026-07-18T08:31:16.307Z
6a5b3c744a4c267b3be2d3a1,2026-07-18T08:42:30.129Z
6a5b3fd74a4c267b3be2d3a2,2026-07-18T08:56:57.643Z
6a5b40bd4a4c267b3be2d3a3,2026-07-18T09:00:47.430Z
6a5b41144a4c267b3be2d3a4,2026-07-18T09:02:14.315Z
6a5b417031bd42c1e64067c1,2026-07-18T09:03:46.244Z
6a5b41c54a4c267b3be2d3a5,2026-07-18T09:05:11.553Z
6a5b422731bd42c1e64067c2,2026-07-18T09:06:48.844Z
6a5b427f31bd42c1e64067c3,2026-07-18T09:08:17.399Z
6a5b42ee31bd42c1e64067c4,2026-07-18T09:10:08.457Z
6a5b433c4a4c267b3be2d3a6,2026-07-18T09:11:26.127Z
6a5b438b31bd42c1e64067c5,2026-07-18T09:12:44.941Z
6a5b43db4a4c267b3be2d3a7,2026-07-18T09:14:05.581Z
6a5b442b31bd42c1e64067c6,2026-07-18T09:15:24.827Z
6a5b447931bd42c1e64067c7,2026-07-18T09:16:42.990Z
6a5b45c64a4c267b3be2d3a8,2026-07-18T09:22:16.201Z
6a5b468b4a4c267b3be2d3a9,2026-07-18T09:25:35.473Z
6a5b468d31bd42c1e64067c8,2026-07-18T09:25:35.520Z
6a5b474b31bd42c1e64067c9,2026-07-18T09:28:45.267Z
6a5b4c2531bd42c1e64067cb,2026-07-18T09:49:26.664Z
6a5b4cc64a4c267b3be2d3aa,2026-07-18T09:52:07.944Z
6a5b4fa231bd42c1e64067cd,2026-07-18T10:04:20.390Z
6a5b50d74a4c267b3be2d3ac,2026-07-18T10:09:29.086Z
6a5b51f74a4c267b3be2d3ad,2026-07-18T10:14:16.836Z
6a5b567931bd42c1e64067ce,2026-07-18T10:33:30.799Z
6a5b5a954a4c267b3be2d3ae,2026-07-18T10:51:03.034Z
6a5b5d4c4a4c267b3be2d3b0,2026-07-18T11:02:39.142Z
6a5b5dc74a4c267b3be2d3b1,2026-07-18T11:04:41.274Z
6a5b5e354a4c267b3be2d3b2,2026-07-18T11:06:32.039Z
6a5b604131bd42c1e64067d0,2026-07-18T11:15:15.250Z
6a5b685b4a4c267b3be2d3b4,2026-07-18T11:49:49.819Z
6a5b6b3d31bd42c1e64067d1,2026-07-18T12:02:07.476Z
6a5b6ca831bd42c1e64067d2,2026-07-18T12:08:09.867Z
6a5b6cf54a4c267b3be2d3b5,2026-07-18T12:09:27.535Z
6a5b6e6531bd42c1e64067d3,2026-07-18T12:15:35.085Z
6a5b70f94a4c267b3be2d3b8,2026-07-18T12:26:35.378Z
6a5b71374a4c267b3be2d3b9,2026-07-18T12:27:37.488Z
6a5b726031bd42c1e64067d4,2026-07-18T12:32:34.395Z
6a5b728c4a4c267b3be2d3ba,2026-07-18T12:33:18.309Z
6a5b78574a4c267b3be2d3bb,2026-07-18T12:58:00.780Z
6a5b790231bd42c1e64067d6,2026-07-18T13:00:52.568Z
6a5b795e4a4c267b3be2d3bc,2026-07-18T13:02:24.364Z
6a5b796e31bd42c1e64067d7,2026-07-18T13:02:40.032Z
6a5b79c231bd42c1e64067d8,2026-07-18T13:04:04.494Z
6a5b7a1e4a4c267b3be2d3bd,2026-07-18T13:05:36.771Z
6a5b7a7931bd42c1e64067d9,2026-07-18T13:07:07.427Z
6a5b7aca31bd42c1e64067da,2026-07-18T13:08:28.140Z
6a5b7ad04a4c267b3be2d3be,2026-07-18T13:08:34.142Z
6a5b7b1031bd42c1e64067db,2026-07-18T13:09:38.685Z
6a5b7b3931bd42c1e64067dc,2026-07-18T13:10:19.239Z
6a5b7b424a4c267b3be2d3c0,2026-07-18T13:10:28.224Z
6a5b7b9131bd42c1e64067dd,2026-07-18T13:11:47.670Z
6a5b7be44a4c267b3be2d3c1,2026-07-18T13:13:09.818Z
6a5b7bff4a4c267b3be2d3c2,2026-07-18T13:13:39.457Z
6a5b7c3531bd42c1e64067de,2026-07-18T13:14:31.785Z
6a5b7c844a4c267b3be2d3c3,2026-07-18T13:15:50.268Z
6a5b7cd031bd42c1e64067e0,2026-07-18T13:17:06.266Z
6a5b803e4a4c267b3be2d3c4,2026-07-18T13:31:44.012Z
6a5b80ae31bd42c1e64067e1,2026-07-18T13:33:36.840Z
6a5b86d64a4c267b3be2d3c5,2026-07-18T13:59:54.417Z
6a5b8be34a4c267b3be2d3c7,2026-07-18T14:21:26.376Z
6a5b8d0f31bd42c1e64067e3,2026-07-18T14:26:25.414Z
6a5b8d2b4a4c267b3be2d3c8,2026-07-18T14:26:53.196Z
6a5b8f5831bd42c1e64067e4,2026-07-18T14:36:09.922Z
6a5b92e04a4c267b3be2d3c9,2026-07-18T14:51:14.051Z
6a5b937c4a4c267b3be2d3ca,2026-07-18T14:53:50.590Z
6a5b94524a4c267b3be2d3cb,2026-07-18T14:57:24.600Z
6a5b978e31bd42c1e64067e5,2026-07-18T15:11:12.388Z
6a5b97be31bd42c1e64067e6,2026-07-18T15:12:00.368Z
6a5b98824a4c267b3be2d3cc,2026-07-18T15:15:19.299Z
6a5b99f931bd42c1e64067e7,2026-07-18T15:21:31.227Z
6a5b9aed4a4c267b3be2d3ce,2026-07-18T15:25:36.427Z
6a5b9b924a4c267b3be2d3cf,2026-07-18T15:28:19.861Z
6a5b9ec631bd42c1e64067e8,2026-07-18T15:42:00.619Z
6a5ba09d31bd42c1e64067e9,2026-07-18T15:49:51.622Z
6a5ba10231bd42c1e64067ea,2026-07-18T15:51:32.738Z
6a5ba3ba4a4c267b3be2d3d0,2026-07-18T16:03:08.290Z
6a5ba6a931bd42c1e64067eb,2026-07-18T16:15:39.173Z
6a5bad134a4c267b3be2d3d3,2026-07-18T16:43:01.295Z
6a5bad6f31bd42c1e64067ec,2026-07-18T16:44:33.545Z
6a5baf7e31bd42c1e64067ed,2026-07-18T16:53:21.137Z
6a5bb0ae4a4c267b3be2d3d5,2026-07-18T16:58:24.509Z
6a5bb1174a4c267b3be2d3d6,2026-07-18T17:00:09.714Z
6a5bb13f4a4c267b3be2d3d7,2026-07-18T17:00:49.096Z
6a5bb19b31bd42c1e64067ee,2026-07-18T17:02:20.791Z
6a5bb1fe4a4c267b3be2d3d8,2026-07-18T17:04:00.205Z
6a5bb23a4a4c267b3be2d3d9,2026-07-18T17:05:00.305Z
6a5bb2614a4c267b3be2d3da,2026-07-18T17:05:38.769Z
6a5bb29831bd42c1e64067f0,2026-07-18T17:06:34.562Z
6a5bb2c04a4c267b3be2d3db,2026-07-18T17:07:15.062Z
6a5bb31b4a4c267b3be2d3dc,2026-07-18T17:08:45.221Z
6a5bb37131bd42c1e64067f1,2026-07-18T17:10:11.293Z
6a5bb3c331bd42c1e64067f2,2026-07-18T17:11:33.075Z
6a5bb4154a4c267b3be2d3de,2026-07-18T17:12:55.502Z
6a5bb4644a4c267b3be2d3df,2026-07-18T17:14:14.070Z
6a5bb47031bd42c1e64067f3,2026-07-18T17:14:25.779Z
6a5bb4b531bd42c1e64067f4,2026-07-18T17:15:35.261Z
6a5bb5044a4c267b3be2d3e0,2026-07-18T17:16:54.257Z
6a5bbfd24a4c267b3be2d3e1,2026-07-18T18:03:00.347Z
6a5bc26b31bd42c1e64067f7,2026-07-18T18:14:05.603Z
6a5bc62a31bd42c1e64067f8,2026-07-18T18:30:04.605Z
6a5bc63c31bd42c1e64067f9,2026-07-18T18:30:22.766Z
6a5bc71531bd42c1e64067fa,2026-07-18T18:33:59.296Z
6a5bc93331bd42c1e64067fb,2026-07-18T18:43:01.703Z
6a5bc9ff31bd42c1e64067fc,2026-07-18T18:46:25.277Z
6a5bcccb31bd42c1e64067fd,2026-07-18T18:58:20.769Z
6a5bd0854a4c267b3be2d3e5,2026-07-18T19:14:15.167Z
6a5bd3fc31bd42c1e64067fe,2026-07-18T19:29:05.067Z
6a5bda8931bd42c1e64067ff,2026-07-18T19:56:59.644Z
6a5bdb2431bd42c1e6406800,2026-07-18T19:59:34.803Z
6a5bdecd4a4c267b3be2d3e6,2026-07-18T20:15:11.081Z
6a5bdedf4a4c267b3be2d3e7,2026-07-18T20:15:29.497Z
6a5bdfaf31bd42c1e6406801,2026-07-18T20:18:57.265Z
6a5be0e931bd42c1e6406802,2026-07-18T20:24:11.108Z
6a5be3a14a4c267b3be2d3e8,2026-07-18T20:35:47.862Z
6a5befad31bd42c1e6406804,2026-07-18T21:27:11.127Z
6a5bf11231bd42c1e6406805,2026-07-18T21:33:07.721Z
6a5bf1ed4a4c267b3be2d3e9,2026-07-18T21:36:47.162Z
6a5bf2064a4c267b3be2d3ea,2026-07-18T21:37:11.729Z
6a5bf2c031bd42c1e6406806,2026-07-18T21:40:18.428Z
6a5bf4db31bd42c1e6406807,2026-07-18T21:49:17.075Z
6a5bfb1f31bd42c1e6406808,2026-07-18T22:16:01.014Z
6a5bfb8431bd42c1e6406809,2026-07-18T22:17:44.295Z
6a5c00a631bd42c1e640680a,2026-07-18T22:39:36.603Z
6a5c030f4a4c267b3be2d3eb,2026-07-18T22:49:53.153Z
6a5c045d31bd42c1e640680b,2026-07-18T22:55:29.455Z
6a5c064e4a4c267b3be2d3ec,2026-07-18T23:03:44.480Z
6a5c089f4a4c267b3be2d3ed,2026-07-18T23:13:38.439Z
6a5c092d31bd42c1e640680c,2026-07-18T23:15:59.445Z
6a5c0a0331bd42c1e640680d,2026-07-18T23:19:33.952Z
6a5c0a8431bd42c1e640680e,2026-07-18T23:21:41.972Z
6a5c0ae331bd42c1e640680f,2026-07-18T23:23:17.693Z
6a5c0b4931bd42c1e6406810,2026-07-18T23:24:59.207Z
6a5c0fc24a4c267b3be2d3ee,2026-07-18T23:44:06.451Z
6a5c14654a4c267b3be2d3ef,2026-07-19T00:03:50.867Z
6a5c16a14a4c267b3be2d3f0,2026-07-19T00:13:22.906Z
6a5c17644a4c267b3be2d3f1,2026-07-19T00:16:38.734Z
6a5c17fd4a4c267b3be2d3f2,2026-07-19T00:19:11.181Z
6a5c19f031bd42c1e6406811,2026-07-19T00:27:30.181Z
6a5c25ff31bd42c1e6406812,2026-07-19T01:18:57.287Z
6a5c29c94a4c267b3be2d3f3,2026-07-19T01:35:07.041Z
6a5c2b1e4a4c267b3be2d3f4,2026-07-19T01:40:48.365Z
6a5c2ca04a4c267b3be2d3f5,2026-07-19T01:47:13.904Z
6a5c30db4a4c267b3be2d3f6,2026-07-19T02:05:17.128Z
6a5c339431bd42c1e6406813,2026-07-19T02:16:56.341Z
6a5c36b54a4c267b3be2d3f7,2026-07-19T02:30:15.821Z
6a5c387931bd42c1e6406814,2026-07-19T02:37:46.824Z
6a5c41514a4c267b3be2d3f8,2026-07-19T03:15:31.416Z
6a5c43b131bd42c1e6406815,2026-07-19T03:25:39.399Z
6a5c519331bd42c1e6406816,2026-07-19T04:24:52.775Z
6a5c51d631bd42c1e6406817,2026-07-19T04:26:00.354Z
6a5c52de31bd42c1e6406818,2026-07-19T04:30:24.504Z
6a5c5a0031bd42c1e640681a,2026-07-19T05:00:50.342Z
6a5c5a5831bd42c1e640681b,2026-07-19T05:02:18.420Z
6a5c5acf31bd42c1e640681c,2026-07-19T05:04:16.789Z
6a5c5b2a4a4c267b3be2d3fa,2026-07-19T05:05:48.076Z
6a5c5b8531bd42c1e640681d,2026-07-19T05:07:19.203Z
6a5c5bd94a4c267b3be2d3fb,2026-07-19T05:08:43.890Z
6a5c5c304a4c267b3be2d3fc,2026-07-19T05:10:10.445Z
6a5c5c7f4a4c267b3be2d3fd,2026-07-19T05:11:28.850Z
6a5c5ccd31bd42c1e640681e,2026-07-19T05:12:46.629Z
6a5c5d144a4c267b3be2d3fe,2026-07-19T05:13:58.755Z
6a5c5d654a4c267b3be2d3ff,2026-07-19T05:15:19.162Z
6a5c5db24a4c267b3be2d400,2026-07-19T05:16:35.756Z
6a5c65f931bd42c1e6406820,2026-07-19T05:51:55.522Z
6a5c6c7c31bd42c1e6406821,2026-07-19T06:19:41.998Z
6a5c6daa4a4c267b3be2d401,2026-07-19T06:24:44.556Z
6a5c76d2e656d0d9852c991b,2026-07-19T07:03:48.074Z
6a5c7b80e656d0d9852c991c,2026-07-19T07:23:46.163Z
6a5c7c1bfeb8a70cbdc03b76,2026-07-19T07:26:21.246Z
6a5c7eedfeb8a70cbdc03b77,2026-07-19T07:38:23.200Z
6a5c842ce656d0d9852c991d,2026-07-19T08:00:47.456Z
6a5c908b6bb84309655a6f0d,2026-07-19T08:53:32.891Z
6a5c91fce656d0d9852c991f,2026-07-19T08:59:41.795Z
6a5c91ff6bb84309655a6f0e,2026-07-19T08:59:45.106Z
6a5c9240e656d0d9852c9920,2026-07-19T09:00:50.599Z
6a5c929a6bb84309655a6f0f,2026-07-19T09:02:20.492Z
6a5c929e6bb84309655a6f10,2026-07-19T09:02:24.504Z
6a5c92f2e656d0d9852c9922,2026-07-19T09:03:48.040Z
6a5c934ee656d0d9852c9923,2026-07-19T09:05:20.548Z
6a5c93c86bb84309655a6f12,2026-07-19T09:07:21.984Z
6a5c94236bb84309655a6f13,2026-07-19T09:08:53.195Z
6a5c948f6bb84309655a6f14,2026-07-19T09:10:41.264Z
6a5c94e0e656d0d9852c9924,2026-07-19T09:12:02.683Z
6a5c95366bb84309655a6f15,2026-07-19T09:13:28.431Z
6a5c95826bb84309655a6f16,2026-07-19T09:14:44.590Z
6a5c95d2e656d0d9852c9925,2026-07-19T09:16:03.763Z
6a5c9620e656d0d9852c9926,2026-07-19T09:17:22.288Z
6a5c96f66bb84309655a6f17,2026-07-19T09:20:56.036Z
6a5c9756e656d0d9852c9927,2026-07-19T09:22:32.215Z
6a5c97c06bb84309655a6f18,2026-07-19T09:24:17.782Z
6a5c9821e656d0d9852c9928,2026-07-19T09:25:55.537Z
6a5c98876bb84309655a6f19,2026-07-19T09:27:37.325Z
6a5c98ef6bb84309655a6f1a,2026-07-19T09:29:21.057Z
6a5c99586bb84309655a6f1b,2026-07-19T09:31:06.658Z
6a5c99a86bb84309655a6f1c,2026-07-19T09:32:26.260Z
6a5c99fee656d0d9852c9929,2026-07-19T09:33:52.674Z
6a5c9a52e656d0d9852c992a,2026-07-19T09:35:15.825Z
6a5c9aa66bb84309655a6f1d,2026-07-19T09:36:40.690Z
6a5c9af9e656d0d9852c992b,2026-07-19T09:38:03.157Z
6a5c9e9ae656d0d9852c992c,2026-07-19T09:53:32.813Z
6a5ca8796bb84309655a6f1e,2026-07-19T10:35:38.909Z
6a5ca9dae656d0d9852c992e,2026-07-19T10:41:32.853Z
6a5cab6d6bb84309655a6f1f,2026-07-19T10:48:16.182Z
6a5cb70d6bb84309655a6f20,2026-07-19T11:37:51.115Z
6a5cb7446bb84309655a6f21,2026-07-19T11:38:46.398Z
6a5cb7ab6bb84309655a6f22,2026-07-19T11:40:29.126Z
6a5cbc35e656d0d9852c992f,2026-07-19T11:59:51.345Z
6a5cbd34e656d0d9852c9930,2026-07-19T12:04:06.756Z
6a5cbddd6bb84309655a6f24,2026-07-19T12:06:55.297Z
6a5cc073e656d0d9852c9931,2026-07-19T12:17:57.747Z
6a5cc126e656d0d9852c9932,2026-07-19T12:20:56.618Z
6a5cc212e656d0d9852c9933,2026-07-19T12:24:52.132Z
6a5cc3516bb84309655a6f26,2026-07-19T12:30:14.055Z
6a5cc3936bb84309655a6f27,2026-07-19T12:31:17.591Z
6a5cc3a66bb84309655a6f28,2026-07-19T12:31:35.937Z
6a5cc50be656d0d9852c9935,2026-07-19T12:37:33.610Z
6a5cca806bb84309655a6f29,2026-07-19T13:00:50.905Z
6a5ccad9e656d0d9852c9936,2026-07-19T13:02:19.211Z
6a5ccb346bb84309655a6f2a,2026-07-19T13:03:50.172Z
6a5ccb8ae656d0d9852c9937,2026-07-19T13:05:16.917Z
6a5ccbff6bb84309655a6f2b,2026-07-19T13:07:13.595Z
6a5ccc26e656d0d9852c9938,2026-07-19T13:07:52.522Z
6a5ccc726bb84309655a6f2c,2026-07-19T13:09:08.067Z
6a5cccc1e656d0d9852c9939,2026-07-19T13:10:27.453Z
6a5ccd126bb84309655a6f2d,2026-07-19T13:11:47.494Z
6a5ccd5de656d0d9852c993a,2026-07-19T13:13:03.473Z
6a5ccda26bb84309655a6f2f,2026-07-19T13:14:12.307Z
6a5ccda96bb84309655a6f30,2026-07-19T13:14:19.696Z
6a5ccdf7e656d0d9852c993b,2026-07-19T13:15:36.549Z
6a5cce466bb84309655a6f31,2026-07-19T13:16:55.999Z
6a5ccef4e656d0d9852c993c,2026-07-19T13:19:50.454Z
6a5ccf77e656d0d9852c993d,2026-07-19T13:22:01.609Z
6a5cd411e656d0d9852c993f,2026-07-19T13:41:39.479Z
6a5cd5d06bb84309655a6f34,2026-07-19T13:49:06.613Z
6a5cdae26bb84309655a6f35,2026-07-19T14:10:44.475Z
6a5cdcaf6bb84309655a6f36,2026-07-19T14:18:25.380Z
6a5cdd2b6bb84309655a6f37,2026-07-19T14:20:29.921Z
6a5cdf3ae656d0d9852c9940,2026-07-19T14:29:16.796Z
6a5ce1296bb84309655a6f38,2026-07-19T14:37:31.280Z
6a5ce1a8e656d0d9852c9941,2026-07-19T14:39:37.830Z
6a5ce1cb6bb84309655a6f39,2026-07-19T14:40:13.886Z
6a5ce66a6bb84309655a6f3a,2026-07-19T14:59:55.950Z
6a5ce68ce656d0d9852c9942,2026-07-19T15:00:30.136Z
6a5ce71be656d0d9852c9944,2026-07-19T15:02:53.871Z
6a5ce73e6bb84309655a6f3b,2026-07-19T15:03:28.533Z
6a5ce99fe656d0d9852c9945,2026-07-19T15:13:37.174Z
6a5cebc9e656d0d9852c9946,2026-07-19T15:22:51.351Z
6a5cef72e656d0d9852c9947,2026-07-19T15:38:28.819Z
6a5cef7c6bb84309655a6f3c,2026-07-19T15:38:41.069Z
6a5cf4376bb84309655a6f3d,2026-07-19T15:58:49.418Z
6a5cf57fe656d0d9852c9948,2026-07-19T16:04:17.664Z
6a5cfd366bb84309655a6f3e,2026-07-19T16:37:12.751Z
6a5cfe10e656d0d9852c994a,2026-07-19T16:40:50.487Z
6a5cff92e656d0d9852c994d,2026-07-19T16:47:16.765Z
6a5d000be656d0d9852c994e,2026-07-19T16:49:16.998Z
6a5d02c3e656d0d9852c994f,2026-07-19T17:00:53.150Z
6a5d03306bb84309655a6f3f,2026-07-19T17:02:42.205Z
6a5d03956bb84309655a6f40,2026-07-19T17:04:23.335Z
6a5d03fa6bb84309655a6f41,2026-07-19T17:06:03.911Z
6a5d04616bb84309655a6f42,2026-07-19T17:07:46.553Z
6a5d04766bb84309655a6f43,2026-07-19T17:08:08.420Z
6a5d04bee656d0d9852c9950,2026-07-19T17:09:20.487Z
6a5d0519e656d0d9852c9951,2026-07-19T17:10:51.268Z
6a5d0567e656d0d9852c9952,2026-07-19T17:12:09.627Z
6a5d05bae656d0d9852c9953,2026-07-19T17:13:32.670Z
6a5d06096bb84309655a6f44,2026-07-19T17:14:50.739Z
6a5d0659e656d0d9852c9954,2026-07-19T17:16:10.961Z
6a5d06a56bb84309655a6f45,2026-07-19T17:17:27.319Z
6a5d070be656d0d9852c9955,2026-07-19T17:19:09.584Z
6a5d09e66bb84309655a6f46,2026-07-19T17:31:20.997Z
6a5d0b7ee656d0d9852c9956,2026-07-19T17:38:08.049Z
6a5d0c9be656d0d9852c9957,2026-07-19T17:42:53.415Z
6a5d0cd56bb84309655a6f47,2026-07-19T17:43:51.276Z
6a5d122f6bb84309655a6f48,2026-07-19T18:06:41.587Z
6a5d14c1e656d0d9852c9958,2026-07-19T18:17:38.852Z
6a5d16d96bb84309655a6f49,2026-07-19T18:26:35.588Z
6a5d1d2b6bb84309655a6f4a,2026-07-19T18:53:33.365Z
6a5d1e7de656d0d9852c995a,2026-07-19T18:59:10.866Z
6a5d2258e656d0d9852c995b,2026-07-19T19:15:38.515Z
6a5d22cde656d0d9852c995c,2026-07-19T19:17:35.480Z
6a5d2c5de656d0d9852c995d,2026-07-19T19:58:23.161Z
6a5d2dc86bb84309655a6f4b,2026-07-19T20:04:26.330Z
6a5d2ff76525952ba12093bc,2026-07-19T20:13:46.592Z
6a5d311b6bb84309655a6f4c,2026-07-19T20:18:37.067Z
6a5d3351b3ed3f3dd43c0704,2026-07-19T20:28:03.302Z
6a5d36096bb84309655a6f4d,2026-07-19T20:39:38.980Z
6a5d36cc6525952ba12093bd,2026-07-19T20:42:54.056Z
6a5d3d1b6bb84309655a6f4e,2026-07-19T21:09:49.637Z
6a5d3fd36bb84309655a6f50,2026-07-19T21:21:25.535Z
6a5d40be6bb84309655a6f51,2026-07-19T21:25:20.125Z
6a5d43946bb84309655a6f52,2026-07-19T21:37:26.553Z
6a5d44a46525952ba12093be,2026-07-19T21:41:58.641Z
6a5d477a6bb84309655a6f53,2026-07-19T21:54:04.443Z
6a5d4a126bb84309655a6f54,2026-07-19T22:05:08.767Z
6a5d4ee06525952ba12093bf,2026-07-19T22:25:40.694Z
6a5d4f6e6bb84309655a6f57,2026-07-19T22:28:01.143Z
6a5d537b6bb84309655a6f59,2026-07-19T22:45:17.843Z
6a5d547a6525952ba12093c0,2026-07-19T22:49:32.573Z
6a5d57006525952ba12093c1,2026-07-19T23:00:17.996Z
6a5d57286525952ba12093c2,2026-07-19T23:00:58.518Z
6a5d592a6bb84309655a6f5a,2026-07-19T23:09:32.009Z
6a5d59c96bb84309655a6f5b,2026-07-19T23:12:11.840Z
6a5d5a916bb84309655a6f5c,2026-07-19T23:15:31.222Z
6a5d5cf16525952ba12093c4,2026-07-19T23:25:38.729Z
6a5d5eeb6525952ba12093c5,2026-07-19T23:34:06.076Z
6a5d64b16525952ba12093c6,2026-07-19T23:58:43.102Z
6a5d66536525952ba12093c7,2026-07-20T00:05:41.288Z
6a5d6ae26525952ba12093c8,2026-07-20T00:25:08.051Z
6a5d6e2f6525952ba12093c9,2026-07-20T00:39:13.245Z
6a5d6e6b6525952ba12093ca,2026-07-20T00:40:12.967Z
6a5d6e886525952ba12093cb,2026-07-20T00:40:42.048Z
6a5d72e06bb84309655a6f5e,2026-07-20T00:59:16.397Z
6a5d7a2c6525952ba12093cc,2026-07-20T01:30:21.769Z
6a5d7aac6525952ba12093cd,2026-07-20T01:32:30.513Z
6a5d7d7f6525952ba12093ce,2026-07-20T01:44:33.104Z
6a5d7ec06525952ba12093cf,2026-07-20T01:49:55.495Z
6a5d840e6525952ba12093d0,2026-07-20T02:12:32.657Z
6a5d8c876525952ba12093d1,2026-07-20T02:48:41.565Z
6a5d8cfe6525952ba12093d2,2026-07-20T02:50:40.436Z
6a5d8d7f6bb84309655a6f60,2026-07-20T02:52:50.347Z
6a5d8ddc6525952ba12093d3,2026-07-20T02:54:22.725Z
6a5d90ca6525952ba12093d4,2026-07-20T03:06:52.364Z
6a5d92ef6bb84309655a6f61,2026-07-20T03:16:01.818Z
6a5d9ca56bb84309655a6f63,2026-07-20T03:57:27.090Z
6a5d9fd46bb84309655a6f64,2026-07-20T04:11:02.233Z
6a5da0b36bb84309655a6f65,2026-07-20T04:14:44.976Z
6a5da5cf6bb84309655a6f67,2026-07-20T04:36:33.345Z
6a5da7fa6525952ba12093d6,2026-07-20T04:45:48.758Z
6a5dab856bb84309655a6f69,2026-07-20T05:00:56.094Z
6a5dabb86525952ba12093d7,2026-07-20T05:01:46.824Z
6a5dabe26525952ba12093d8,2026-07-20T05:02:28.411Z
6a5dac456bb84309655a6f6a,2026-07-20T05:04:07.209Z
6a5daca56bb84309655a6f6b,2026-07-20T05:05:43.491Z
6a5dad006bb84309655a6f6c,2026-07-20T05:07:14.302Z
6a5dad5e6bb84309655a6f6d,2026-07-20T05:08:48.106Z
6a5dadc86bb84309655a6f6e,2026-07-20T05:10:34.115Z
6a5dae156525952ba12093d9,2026-07-20T05:11:50.768Z
6a5dae606bb84309655a6f6f,2026-07-20T05:13:06.021Z
6a5daeb36bb84309655a6f70,2026-07-20T05:14:29.646Z
6a5daefd6bb84309655a6f71,2026-07-20T05:15:43.252Z
6a5daf4a6bb84309655a6f72,2026-07-20T05:17:00.513Z
6a5db6196bb84309655a6f73,2026-07-20T05:46:03.543Z
6a5db7bb6525952ba12093db,2026-07-20T05:53:03.726Z
6a5db8c76bb84309655a6f74,2026-07-20T05:57:28.914Z
6a5dbd636525952ba12093dc,2026-07-20T06:17:09.457Z
6a5dbe9a6bb84309655a6f75,2026-07-20T06:22:20.250Z
6a5dbec56525952ba12093dd,2026-07-20T06:23:05.816Z
6a5dbf216bb84309655a6f76,2026-07-20T06:24:35.455Z
6a5dc9436bb84309655a6f77,2026-07-20T07:07:49.629Z
6a5dc9cc6bb84309655a6f78,2026-07-20T07:10:06.416Z
6a5dcaaa6bb84309655a6f79,2026-07-20T07:13:48.366Z
6a5dd0d26bb84309655a6f7a,2026-07-20T07:40:03.951Z
6a5dd8dc6525952ba12093de,2026-07-20T08:14:22.474Z
6a5ddc766525952ba12093df,2026-07-20T08:29:44.685Z
6a5ddc916525952ba12093e0,2026-07-20T08:30:10.834Z
6a5de3c46525952ba12093e1,2026-07-20T09:00:54.498Z
6a5de4276bb84309655a6f7b,2026-07-20T09:02:33.343Z
6a5de4896bb84309655a6f7c,2026-07-20T09:04:11.642Z
6a5de4936525952ba12093e3,2026-07-20T09:04:21.500Z
6a5de5056bb84309655a6f7d,2026-07-20T09:06:15.612Z
6a5de5636525952ba12093e4,2026-07-20T09:07:49.064Z
6a5de5c36525952ba12093e5,2026-07-20T09:09:24.970Z
6a5de6156525952ba12093e6,2026-07-20T09:10:47.727Z
6a5de63d6525952ba12093e7,2026-07-20T09:11:27.246Z
6a5de6646bb84309655a6f7e,2026-07-20T09:12:06.534Z
6a5de6b36bb84309655a6f7f,2026-07-20T09:13:25.252Z
6a5de6ff6bb84309655a6f80,2026-07-20T09:14:41.350Z
6a5de74c6bb84309655a6f81,2026-07-20T09:15:58.356Z
6a5de7986525952ba12093e8,2026-07-20T09:17:13.907Z
6a5dea636bb84309655a6f82,2026-07-20T09:29:09.024Z
6a5debba6525952ba12093e9,2026-07-20T09:34:52.582Z
6a5dec956bb84309655a6f83,2026-07-20T09:38:31.133Z
6a5df1626bb84309655a6f84,2026-07-20T09:59:00.675Z
6a5df3a76525952ba12093eb,2026-07-20T10:08:40.951Z
6a5df6d86525952ba12093ec,2026-07-20T10:22:19.541Z
6a5df9306bb84309655a6f85,2026-07-20T10:32:21.351Z
6a5dfb156bb84309655a6f87,2026-07-20T10:40:23.485Z
6a5dfb5c6525952ba12093ed,2026-07-20T10:41:35.197Z
6a5dfb6c6bb84309655a6f88,2026-07-20T10:41:52.350Z
6a5dfbb86bb84309655a6f89,2026-07-20T10:43:06.411Z
6a5dfe53b479471ddd5b41a6,2026-07-20T10:54:11.311Z
6a5e00906525952ba12093ee,2026-07-20T11:03:46.650Z
6a5e02d96bb84309655a6f8c,2026-07-20T11:13:30.789Z
6a5e04bd6bb84309655a6f8d,2026-07-20T11:21:38.657Z
6a5e0b516525952ba12093f1,2026-07-20T11:49:39.094Z
6a5e0b5a6bb84309655a6f8f,2026-07-20T11:49:48.564Z
6a5e0bb66bb84309655a6f91,2026-07-20T11:51:20.705Z
6a5e0e176525952ba12093f2,2026-07-20T12:01:30.089Z
6a5e10d46bb84309655a6f92,2026-07-20T12:13:09.768Z
6a5e11cb6bb84309655a6f93,2026-07-20T12:17:17.786Z
6a5e122c6bb84309655a6f94,2026-07-20T12:18:55.046Z
6a5e12506bb84309655a6f95,2026-07-20T12:19:30.510Z
6a5e14166525952ba12093f3,2026-07-20T12:27:04.115Z
6a5e176b6bb84309655a6f9a,2026-07-20T12:41:16.949Z
6a5e1c056525952ba12093f4,2026-07-20T13:00:55.224Z
6a5e1c6d6525952ba12093f5,2026-07-20T13:02:38.898Z
6a5e1cd36525952ba12093f6,2026-07-20T13:04:20.781Z
6a5e1d366525952ba12093f7,2026-07-20T13:06:00.601Z
6a5e1d996bb84309655a6f9b,2026-07-20T13:07:39.673Z
6a5e1da86525952ba12093f8,2026-07-20T13:07:54.439Z
6a5e1e096bb84309655a6f9c,2026-07-20T13:09:32.009Z
6a5e1e5c6525952ba12093f9,2026-07-20T13:10:54.737Z
6a5e1ea66525952ba12093fa,2026-07-20T13:12:07.947Z
6a5e1ef26bb84309655a6f9d,2026-07-20T13:13:24.113Z
6a5e1f3f6525952ba12093fb,2026-07-20T13:14:41.189Z
6a5e1f5a6525952ba12093fc,2026-07-20T13:15:08.120Z
6a5e1f8b6525952ba12093fd,2026-07-20T13:15:57.420Z
6a5e1fda6525952ba12093fe,2026-07-20T13:17:15.900Z
6a5e20a26525952ba12093ff,2026-07-20T13:20:36.505Z
6a5e21046525952ba1209400,2026-07-20T13:22:14.511Z
6a5e21b76525952ba1209401,2026-07-20T13:25:13.364Z
6a5e21cf409d31c0a0df5c9c,2026-07-20T13:25:36.009Z
6a5e22c66bb84309655a6f9e,2026-07-20T13:29:44.116Z
6a5e26fb6525952ba1209402,2026-07-20T13:47:41.188Z
6a5e2f916bb84309655a6f9f,2026-07-20T14:24:19.593Z
6a5e30386bb84309655a6fa0,2026-07-20T14:27:06.810Z
6a5e305e6bb84309655a6fa1,2026-07-20T14:27:46.747Z
6a5e30616525952ba1209403,2026-07-20T14:27:47.367Z
6a5e30e26525952ba1209404,2026-07-20T14:29:57.083Z
6a5e323d6bb84309655a6fa2,2026-07-20T14:35:43.814Z
6a5e337a6525952ba1209405,2026-07-20T14:40:59.954Z
6a5e33d36525952ba1209406,2026-07-20T14:42:29.887Z
6a5e33f96bb84309655a6fa3,2026-07-20T14:43:07.786Z
6a5e34d76bb84309655a6fa4,2026-07-20T14:46:49.265Z
6a5e35306525952ba1209407,2026-07-20T14:48:18.400Z
6a5e35926bb84309655a6fa5,2026-07-20T14:49:55.984Z
6a5e35966bb84309655a6fa6,2026-07-20T14:50:00.880Z
6a5e359e6525952ba1209409,2026-07-20T14:50:09.067Z
6a5e362d6bb84309655a6fa7,2026-07-20T14:52:31.112Z
6a5e36b06525952ba120940a,2026-07-20T14:54:42.148Z
6a5e36dd6525952ba120940b,2026-07-20T14:55:27.167Z
6a5e37df6bb84309655a6fa8,2026-07-20T14:59:45.824Z
6a5e3a066bb84309655a6fa9,2026-07-20T15:08:56.701Z
6a5e3a8f6525952ba120940e,2026-07-20T15:11:16.401Z
6a5e3b4d6bb84309655a6faa,2026-07-20T15:14:23.267Z
6a5e3dae6525952ba120940f,2026-07-20T15:24:32.771Z
6a5e3eaf6525952ba1209410,2026-07-20T15:28:48.876Z
6a5e40896bb84309655a6fab,2026-07-20T15:36:43.582Z
6a5e42a36bb84309655a6fad,2026-07-20T15:45:44.767Z
6a5e43a46bb84309655a6fae,2026-07-20T15:49:58.616Z
6a5e45376525952ba1209411,2026-07-20T15:56:41.684Z
6a5e461c6525952ba1209412,2026-07-20T16:00:29.492Z
6a5e46b66525952ba1209413,2026-07-20T16:03:04.072Z
6a5e47626525952ba1209414,2026-07-20T16:05:56.268Z
6a5e49286525952ba1209415,2026-07-20T16:13:32.788Z
6a5e49ce6bb84309655a6fb0,2026-07-20T16:16:17.297Z
6a5e4acf6525952ba1209416,2026-07-20T16:20:34.224Z
6a5e4ae26bb84309655a6fb1,2026-07-20T16:20:51.916Z
6a5e4e3d6525952ba1209417,2026-07-20T16:35:12.054Z
6a5e52076bb84309655a6fb3,2026-07-20T16:51:21.396Z
6a5e54456bb84309655a6fb5,2026-07-20T17:00:55.654Z
6a5e54a76bb84309655a6fb6,2026-07-20T17:02:33.428Z
6a5e55056525952ba1209418,2026-07-20T17:04:08.037Z
6a5e55116bb84309655a6fb7,2026-07-20T17:04:19.508Z
6a5e55686525952ba1209419,2026-07-20T17:05:46.879Z
6a5e55d06bb84309655a6fb8,2026-07-20T17:07:30.126Z
6a5e56326525952ba120941a,2026-07-20T17:09:08.725Z
6a5e56a36bb84309655a6fba,2026-07-20T17:11:01.704Z
6a5e56ea6bb84309655a6fbb,2026-07-20T17:12:12.023Z
6a5e57336525952ba120941b,2026-07-20T17:13:25.162Z
6a5e57806525952ba120941c,2026-07-20T17:14:42.370Z
6a5e57926bb84309655a6fbc,2026-07-20T17:14:59.990Z
6a5e57cf6bb84309655a6fbd,2026-07-20T17:16:01.068Z
6a5e581b6525952ba120941d,2026-07-20T17:17:17.440Z
6a5e59566525952ba120941e,2026-07-20T17:22:32.750Z
6a5e59ff6bb84309655a6fbf,2026-07-20T17:25:21.284Z
6a5e5eea6bb84309655a6fc2,2026-07-20T17:46:20.985Z
6a5e5f076bb84309655a6fc3,2026-07-20T17:46:48.915Z
6a5e64096bb84309655a6fc5,2026-07-20T18:08:11.700Z
6a5e65236525952ba1209420,2026-07-20T18:12:52.850Z
6a5e65ff45a560ac0091c7ed,2026-07-20T18:16:31.453Z
6a5e690b6bb84309655a6fc6,2026-07-20T18:29:34.365Z
6a5e693e6525952ba1209421,2026-07-20T18:30:23.919Z
6a5e69cb6bb84309655a6fc7,2026-07-20T18:32:47.563Z
6a5e6a5a6bb84309655a6fc8,2026-07-20T18:35:08.688Z
6a5e6ad06bb84309655a6fc9,2026-07-20T18:37:06.565Z
6a5e6aee6bb84309655a6fca,2026-07-20T18:37:38.704Z
6a5e6ee76525952ba1209423,2026-07-20T18:54:33.956Z
6a5e6fd86bb84309655a6fcb,2026-07-20T18:58:33.844Z
6a5e71f06525952ba1209424,2026-07-20T19:07:31.169Z
6a5e72bb6525952ba1209425,2026-07-20T19:10:56.104Z
6a5e74726bb84309655a6fcc,2026-07-20T19:18:13.291Z
6a5e748f6bb84309655a6fcd,2026-07-20T19:18:41.293Z
6a5e773b6525952ba1209426,2026-07-20T19:30:05.471Z
6a5e77fe6bb84309655a6fce,2026-07-20T19:33:20.926Z
6a5e786e15faf39957beeb17,2026-07-20T19:35:11.989Z
6a5e79a36525952ba1209427,2026-07-20T19:40:21.841Z
6a5e7db56bb84309655a6fcf,2026-07-20T19:57:43.884Z
6a5e805d6525952ba1209428,2026-07-20T20:09:03.201Z
6a5e81216bb84309655a6fd0,2026-07-20T20:12:19.602Z
6a5e81506525952ba120942a,2026-07-20T20:13:06.606Z
6a5e816d6bb84309655a6fd1,2026-07-20T20:13:35.419Z
6a5e81ab6525952ba120942b,2026-07-20T20:14:37.326Z
6a5e839b6bb84309655a6fd2,2026-07-20T20:22:53.538Z
6a5e85916525952ba120942d,2026-07-20T20:31:16.080Z
6a5e861e6525952ba120942e,2026-07-20T20:33:38.708Z
6a5e883d6bb84309655a6fd4,2026-07-20T20:42:38.982Z
6a5e884c6bb84309655a6fd5,2026-07-20T20:42:54.289Z
6a5e89e46525952ba120942f,2026-07-20T20:49:41.877Z
6a5e8b5b6bb84309655a6fd6,2026-07-20T20:55:59.814Z
6a5e8bcf6bb84309655a6fd7,2026-07-20T20:57:52.852Z
6a5e8c946bb84309655a6fd8,2026-07-20T21:01:13Z
6a5e8cd76bb84309655a6fd9,2026-07-20T21:02:17.008Z
6a5e8d626525952ba1209431,2026-07-20T21:04:36.809Z
6a5e8f8b6bb84309655a6fda,2026-07-20T21:13:49.758Z
6a5e905e6525952ba1209433,2026-07-20T21:17:19.849Z
6a5e90a76525952ba1209434,2026-07-20T21:18:33.449Z
6a5e91fb6525952ba1209435,2026-07-20T21:24:13.398Z
6a5e95596bb84309655a6fdb,2026-07-20T21:38:35.175Z
6a5e95906bb84309655a6fdc,2026-07-20T21:39:30.342Z
6a5e99616bb84309655a6fdd,2026-07-20T21:55:47.039Z
6a5e99a16525952ba1209436,2026-07-20T21:56:52.139Z
6a5e99ec6525952ba1209437,2026-07-20T21:58:07.344Z
6a5e9a786525952ba1209438,2026-07-20T22:00:26.545Z
6a5e9b4a6525952ba120943a,2026-07-20T22:03:58.351Z
6a5e9c226bb84309655a6fde,2026-07-20T22:07:32.141Z
6a5e9c3c6525952ba120943b,2026-07-20T22:07:58.012Z
6a5e9d3a6bb84309655a6fdf,2026-07-20T22:12:12.783Z
6a5e9e676bb84309655a6fe0,2026-07-20T22:17:13.619Z
6a5ea05c6bb84309655a6fe1,2026-07-20T22:25:36.947Z
6a5ea1006bb84309655a6fe2,2026-07-20T22:28:18.403Z
6a5ea2626525952ba120943c,2026-07-20T22:34:12.342Z
6a5ea7cd6525952ba120943d,2026-07-20T22:57:19.516Z
6a5eac3e6525952ba120943e,2026-07-20T23:16:16.337Z
6a5eaf936525952ba1209440,2026-07-20T23:30:29.127Z
6a5eb35e6525952ba1209441,2026-07-20T23:46:40.595Z
6a5eb47e6bb84309655a6fe3,2026-07-20T23:51:28.990Z
6a5eba116525952ba1209442,2026-07-21T00:15:15.538Z
6a5ebcab6525952ba1209443,2026-07-21T00:26:21.222Z
6a5ec0036525952ba1209444,2026-07-21T00:40:37.354Z
6a5ec3ea6525952ba1209445,2026-07-21T00:57:15.769Z
6a5ec46a6525952ba1209446,2026-07-21T00:59:24.545Z
6a5ed39e6bb84309655a6fe6,2026-07-21T02:04:16.355Z
6a5ed40d6525952ba1209447,2026-07-21T02:06:07.645Z
6a5edbc96525952ba1209448,2026-07-21T02:39:09.517Z
6a5ee62a6bb84309655a6fe7,2026-07-21T03:23:23.889Z
6a5ee86a6525952ba1209449,2026-07-21T03:33:00.170Z
6a5eebdf6bb84309655a6fe8,2026-07-21T03:47:46.321Z
6a5eec1b6bb84309655a6fe9,2026-07-21T03:48:45.400Z
6a5eee8c6bb84309655a6fea,2026-07-21T03:59:10.980Z
6a5ef6826bb84309655a6feb,2026-07-21T04:33:10.473Z
6a5efca86525952ba120944b,2026-07-21T04:59:24.550Z
6a5efd2a6bb84309655a6fee,2026-07-21T05:01:32.597Z
6a5efd8a6bb84309655a6fef,2026-07-21T05:03:08.812Z
6a5efdf06525952ba120944c,2026-07-21T05:04:49.899Z
6a5efe4e6bb84309655a6ff0,2026-07-21T05:06:24.730Z
6a5efe526525952ba120944d,2026-07-21T05:06:28.091Z
6a5efeae6bb84309655a6ff2,2026-07-21T05:07:59.608Z
6a5efeb56525952ba120944e,2026-07-21T05:08:07.493Z
6a5eff096bb84309655a6ff3,2026-07-21T05:09:31.297Z
6a5eff696525952ba120944f,2026-07-21T05:11:06.970Z
6a5effb66bb84309655a6ff4,2026-07-21T05:12:23.950Z
6a5f00046525952ba1209450,2026-07-21T05:13:42.483Z
6a5f004f6525952ba1209451,2026-07-21T05:14:57.801Z
6a5f008f6525952ba1209452,2026-07-21T05:16:01.237Z
6a5f009f6bb84309655a6ff5,2026-07-21T05:16:17.715Z
6a5f00ef6525952ba1209453,2026-07-21T05:17:37.328Z
6a5f02d16525952ba1209454,2026-07-21T05:25:42.606Z
6a5f036a6bb84309655a6ff6,2026-07-21T05:28:12.757Z
6a5f05a36bb84309655a6ff7,2026-07-21T05:37:41.089Z
6a5f08966525952ba1209455,2026-07-21T05:50:16.754Z
6a5f15276525952ba1209457,2026-07-21T06:43:53.280Z
6a5f168a6bb84309655a6ff9,2026-07-21T06:49:48.083Z
6a5f19b36bb84309655a6ffa,2026-07-21T07:03:17.819Z
6a5f1a436bb84309655a6ffc,2026-07-21T07:05:41.229Z
6a5f21d06525952ba1209458,2026-07-21T07:37:54.608Z
6a5f224e6bb84309655a6ffd,2026-07-21T07:39:59.965Z
6a5f23686bb84309655a6ffe,2026-07-21T07:44:41.991Z
6a5f24c76525952ba1209459,2026-07-21T07:50:33.612Z
6a5f26336bb84309655a6fff,2026-07-21T07:56:37.232Z
6a5f26af6525952ba120945a,2026-07-21T07:58:41.351Z
6a5f2bc46525952ba120945b,2026-07-21T08:20:22.265Z
6a5f2c346525952ba120945c,2026-07-21T08:22:14.788Z
6a5f2fc36525952ba120945d,2026-07-21T08:37:28.648Z
6a5f31c76bb84309655a7001,2026-07-21T08:46:03.763Z
6a5f33be6bb84309655a7002,2026-07-21T08:54:25.131Z
6a5f35386525952ba1209460,2026-07-21T09:00:42.234Z
6a5f35946525952ba1209462,2026-07-21T09:02:14.196Z
6a5f35f66bb84309655a7003,2026-07-21T09:03:52.114Z
6a5f36416bb84309655a7004,2026-07-21T09:05:07.312Z
6a5f365a6525952ba1209463,2026-07-21T09:05:32.690Z
6a5f36bb6bb84309655a7005,2026-07-21T09:07:09.287Z
6a5f37176525952ba1209464,2026-07-21T09:08:41.316Z
6a5f37706525952ba1209465,2026-07-21T09:10:10.065Z
6a5f37806bb84309655a7008,2026-07-21T09:10:28.633Z
6a5f378d6bb84309655a7009,2026-07-21T09:10:39.541Z
6a5f37b96bb84309655a700a,2026-07-21T09:11:23.440Z
6a5f38056bb84309655a700b,2026-07-21T09:12:39.721Z
6a5f38506bb84309655a700c,2026-07-21T09:13:54.314Z
6a5f38a16bb84309655a700d,2026-07-21T09:15:15.212Z
6a5f38af6525952ba1209466,2026-07-21T09:15:29.883Z
6a5f38ef6bb84309655a700e,2026-07-21T09:16:33.554Z
6a5f39cd6525952ba1209467,2026-07-21T09:20:15.314Z
6a5f3e586bb84309655a700f,2026-07-21T09:39:38.554Z
6a5f3e976525952ba1209468,2026-07-21T09:40:41.279Z
6a5f40506525952ba1209469,2026-07-21T09:48:04.918Z
6a5f406c6bb84309655a7010,2026-07-21T09:48:30.266Z
6a5f41436bb84309655a7011,2026-07-21T09:52:05.120Z
6a5f42ff6525952ba120946a,2026-07-21T09:59:31.913Z
6a5f44536525952ba120946b,2026-07-21T10:05:09.872Z
6a5f44ce6bb84309655a7012,2026-07-21T10:07:12.013Z
6a5f467c6bb84309655a7013,2026-07-21T10:14:22.116Z
6a5f48246525952ba120946c,2026-07-21T10:21:26.685Z
6a5f49e06525952ba120946e,2026-07-21T10:28:49.971Z
6a5f4b216bb84309655a7014,2026-07-21T10:34:11.871Z
6a5f4e826bb84309655a7015,2026-07-21T10:48:36.595Z
6a5f4e9f6bb84309655a7016,2026-07-21T10:49:05.419Z
6a5f500c6bb84309655a7017,2026-07-21T10:55:10.172Z
6a5f51096bb84309655a7018,2026-07-21T10:59:23.855Z
6a5f51506525952ba1209470,2026-07-21T11:00:34.295Z
6a5f52326bb84309655a7019,2026-07-21T11:04:20.860Z
6a5f52536bb84309655a701a,2026-07-21T11:04:53.607Z
6a5f557b6bb84309655a701c,2026-07-21T11:18:21.853Z
6a5f55a16bb84309655a701d,2026-07-21T11:19:00.378Z
6a5f55bf6525952ba1209471,2026-07-21T11:19:29.346Z
6a5f56ad6525952ba1209472,2026-07-21T11:23:27.442Z
6a5f56b66525952ba1209473,2026-07-21T11:23:36.106Z
6a5f56fc6bb84309655a701e,2026-07-21T11:24:46.458Z
6a5f575b6bb84309655a701f,2026-07-21T11:26:21.879Z
6a5f5e036525952ba1209475,2026-07-21T11:54:44.832Z
6a5f618b6bb84309655a7020,2026-07-21T12:09:49.540Z
6a5f62e86525952ba1209476,2026-07-21T12:15:38.012Z
6a5f63686bb84309655a7021,2026-07-21T12:17:46.907Z
6a5f67ee6bb84309655a7022,2026-07-21T12:37:04.301Z
6a5f69526525952ba1209477,2026-07-21T12:42:59.745Z
6a5f699e6bb84309655a7023,2026-07-21T12:44:15.723Z
6a5f6a656bb84309655a7024,2026-07-21T12:47:38.142Z
6a5f6b686525952ba1209479,2026-07-21T12:51:53.963Z
6a5f6d7c6525952ba120947a,2026-07-21T13:00:46.473Z
6a5f6de36bb84309655a7025,2026-07-21T13:02:29.797Z
6a5f6e0a6525952ba120947b,2026-07-21T13:03:08.505Z
6a5f6e456525952ba120947c,2026-07-21T13:04:07.287Z
6a5f6e546525952ba120947d,2026-07-21T13:04:22.590Z
6a5f6ea46525952ba120947e,2026-07-21T13:05:42.290Z
6a5f6ef46bb84309655a7026,2026-07-21T13:07:01.956Z
6a5f6f066bb84309655a7027,2026-07-21T13:07:20.946Z
6a5f6f646525952ba120947f,2026-07-21T13:08:53.785Z
6a5f6fb96525952ba1209480,2026-07-21T13:10:19.670Z
6a5f70056525952ba1209481,2026-07-21T13:11:35.784Z
6a5f704d6bb84309655a7028,2026-07-21T13:12:47.642Z
6a5f708e6525952ba1209482,2026-07-21T13:13:52.605Z
6a5f70916525952ba1209483,2026-07-21T13:13:55.392Z
6a5f70b46525952ba1209484,2026-07-21T13:14:30.485Z
6a5f70b96525952ba1209485,2026-07-21T13:14:35.388Z
6a5f70de6bb84309655a7029,2026-07-21T13:15:11.863Z
6a5f712b6bb84309655a702a,2026-07-21T13:16:29.982Z
6a5f729d6525952ba1209487,2026-07-21T13:22:41.950Z
6a5f72ff6525952ba1209488,2026-07-21T13:24:17.258Z
6a5f73cf6bb84309655a702c,2026-07-21T13:27:48.374Z
6a5f742d6525952ba1209489,2026-07-21T13:29:18.830Z
6a5f74bd6525952ba120948a,2026-07-21T13:31:43.255Z
6a5f76796525952ba120948c,2026-07-21T13:39:07.046Z
6a5f7b356bb84309655a702d,2026-07-21T13:59:19.745Z
6a5f7da26bb84309655a702e,2026-07-21T14:09:41.063Z
6a5f7fbe6525952ba120948d,2026-07-21T14:18:40.349Z
6a5f85ee6bb84309655a702f,2026-07-21T14:45:04.746Z
6a5f863e6525952ba120948f,2026-07-21T14:46:27.150Z
6a5f873c6525952ba1209490,2026-07-21T14:50:38.341Z
6a5f88656525952ba1209491,2026-07-21T14:55:35.726Z
6a5f887b6525952ba1209492,2026-07-21T14:55:56.814Z
6a5f88e36525952ba1209493,2026-07-21T14:57:41.990Z
6a5f8bd16bb84309655a7030,2026-07-21T15:10:11.097Z
6a5f8c576bb84309655a7031,2026-07-21T15:12:28.346Z
6a5f8cb46bb84309655a7032,2026-07-21T15:13:58.330Z
6a5f8e926525952ba1209495,2026-07-21T15:21:56.763Z
6a5f8fc36525952ba1209496,2026-07-21T15:27:01.606Z
6a5f90c46525952ba1209497,2026-07-21T15:31:18.160Z
6a5f913a6bb84309655a7033,2026-07-21T15:33:16.686Z
6a5f91a36bb84309655a7034,2026-07-21T15:35:01.687Z
6a5f93356bb84309655a7035,2026-07-21T15:41:43.391Z
6a5f934d6525952ba1209499,2026-07-21T15:42:07.350Z
6a5f99256525952ba120949a,2026-07-21T16:07:03.807Z
6a5f9ba76525952ba120949b,2026-07-21T16:17:45.027Z
6a5f9cb06525952ba120949c,2026-07-21T16:22:12.578Z
6a5f9cd86525952ba120949d,2026-07-21T16:22:50.263Z
6a5f9e5e6bb84309655a7038,2026-07-21T16:29:19.803Z
6a5fa2326525952ba120949e,2026-07-21T16:45:40.438Z
6a5fa23d6bb84309655a703a,2026-07-21T16:45:51.888Z
6a5fa2d46525952ba120949f,2026-07-21T16:48:22.287Z
6a5fa3096bb84309655a703b,2026-07-21T16:49:15.419Z
6a5fa33d6bb84309655a703c,2026-07-21T16:50:07.413Z
6a5fa4c66bb84309655a703d,2026-07-21T16:56:40.710Z
6a5fa5bf6525952ba12094a0,2026-07-21T17:00:49.112Z
6a5fa61d6525952ba12094a1,2026-07-21T17:02:23.339Z
6a5fa67e6bb84309655a703e,2026-07-21T17:03:59.993Z
6a5fa6e16bb84309655a703f,2026-07-21T17:05:39.951Z
6a5fa7646bb84309655a7040,2026-07-21T17:07:50.340Z
6a5fa7d16bb84309655a7041,2026-07-21T17:09:39.203Z
6a5fa8236bb84309655a7042,2026-07-21T17:11:01.877Z
6a5fa8706525952ba12094a2,2026-07-21T17:12:18.282Z
6a5fa8bb6525952ba12094a4,2026-07-21T17:13:33.553Z
6a5fa9086525952ba12094a5,2026-07-21T17:14:50.588Z
6a5fa9516525952ba12094a6,2026-07-21T17:16:03.570Z
6a5fa99d6bb84309655a7043,2026-07-21T17:17:19.800Z
6a5faae56bb84309655a7044,2026-07-21T17:22:47.353Z
6a5faee66525952ba12094aa,2026-07-21T17:39:52.841Z
6a5fb0126525952ba12094ab,2026-07-21T17:44:52.179Z
6a5fb0c3409d31c0a0df5c9d,2026-07-21T17:47:47.765Z
6a5fb0df6bb84309655a7045,2026-07-21T17:48:20.102Z
6a5fb1756525952ba12094ac,2026-07-21T17:50:47.943Z
6a5fb4296525952ba12094ad,2026-07-21T18:02:18.845Z
6a5fb5446525952ba12094af,2026-07-21T18:07:02.414Z
6a5fb6f46bb84309655a7046,2026-07-21T18:14:14.766Z
6a5fb8696bb84309655a7047,2026-07-21T18:20:27.621Z
6a5fb9026bb84309655a7048,2026-07-21T18:23:01.208Z
6a5fba3d6bb84309655a7049,2026-07-21T18:28:15.402Z
6a5fbab26bb84309655a704a,2026-07-21T18:30:12.992Z
6a5fbfb36bb84309655a704b,2026-07-21T18:51:34.111Z
6a5fc0996525952ba12094b1,2026-07-21T18:55:22.931Z
6a5fc1b76bb84309655a704c,2026-07-21T19:00:09.800Z
6a5fc79f6bb84309655a704d,2026-07-21T19:25:21.016Z
6a5fcf1d6bb84309655a704f,2026-07-21T19:57:22.079Z
6a5fd0436bb84309655a7050,2026-07-21T20:02:13.266Z
6a5fd0576525952ba12094b5,2026-07-21T20:02:32.990Z
6a5fd0ad6bb84309655a7051,2026-07-21T20:03:59.614Z
6a5fd22f6bb84309655a7052,2026-07-21T20:10:25.156Z
6a5fd2696bb84309655a7053,2026-07-21T20:11:26.250Z
6a5fd7f445a560ac0091c7ee,2026-07-21T20:35:01.136Z
6a5fd8e0409d31c0a0df5c9e,2026-07-21T20:38:56.461Z
6a5fd90545a560ac0091c7ef,2026-07-21T20:39:33.735Z
6a5fd9736bb84309655a7054,2026-07-21T20:41:25.616Z
6a5fdcac6bb84309655a7056,2026-07-21T20:55:10.317Z
6a5fdcdd6525952ba12094b6,2026-07-21T20:55:59.391Z
6a5fe1446bb84309655a7057,2026-07-21T21:14:46.382Z
6a5fe1506bb84309655a7058,2026-07-21T21:14:59.321Z
6a5fe1b36bb84309655a7059,2026-07-21T21:16:37.970Z
6a5fe2ad6525952ba12094b7,2026-07-21T21:20:47.427Z
6a5fe2dd6bb84309655a705b,2026-07-21T21:21:35.129Z
6a5fe3e96525952ba12094b9,2026-07-21T21:26:03.225Z
6a5fe40e6525952ba12094ba,2026-07-21T21:26:41.506Z
6a5fe4c86bb84309655a705c,2026-07-21T21:29:48.549Z
6a5fe6aa6bb84309655a705d,2026-07-21T21:37:48.581Z
6a5fe8036525952ba12094bb,2026-07-21T21:43:33.073Z
6a5feba56525952ba12094bc,2026-07-21T21:59:03.653Z
6a5fed2b6525952ba12094bd,2026-07-21T22:05:33.404Z
6a5fedaf6525952ba12094be,2026-07-21T22:07:44.807Z
6a5fefde6525952ba12094bf,2026-07-21T22:17:04.569Z
6a5ff0796525952ba12094c0,2026-07-21T22:19:40.658Z
6a5ff32e6bb84309655a705f,2026-07-21T22:31:11.690Z
6a5ff4666bb84309655a7060,2026-07-21T22:36:27.422Z
6a5ff8396bb84309655a7061,2026-07-21T22:52:43.134Z
6a5ffc336525952ba12094c2,2026-07-21T23:09:41.325Z
6a5ffd1c6bb84309655a7063,2026-07-21T23:13:34.425Z
6a5ffeb86525952ba12094c3,2026-07-21T23:20:26.868Z
6a6003ba6525952ba12094c4,2026-07-21T23:41:48.196Z
6a6007306bb84309655a7067,2026-07-21T23:56:34.267Z
6a6007436525952ba12094c5,2026-07-21T23:56:53.114Z
6a6007ea6bb84309655a7068,2026-07-21T23:59:40.734Z
6a6008e86bb84309655a7069,2026-07-22T00:03:54.382Z
6a6009c86525952ba12094c6,2026-07-22T00:07:37.520Z
6a60123a6bb84309655a706b,2026-07-22T00:43:40.286Z
6a60138c6525952ba12094c9,2026-07-22T00:49:18.293Z
6a6017b86bb84309655a706c,2026-07-22T01:07:06.808Z
6a6017e86525952ba12094cc,2026-07-22T01:07:54.258Z
6a601b286bb84309655a706e,2026-07-22T01:21:46.301Z
6a601cd86525952ba12094cd,2026-07-22T01:28:58.298Z
6a601d296525952ba12094ce,2026-07-22T01:30:21.796Z
6a601f0f6525952ba12094cf,2026-07-22T01:38:25.575Z
6a601fbe6bb84309655a7070,2026-07-22T01:41:20.170Z
6a602dc76bb84309655a7071,2026-07-22T02:41:12.979Z
6a60333f6525952ba12094d1,2026-07-22T03:04:33.024Z
6a6035fb6bb84309655a7072,2026-07-22T03:16:13.339Z
6a603ff06525952ba12094d3,2026-07-22T03:58:42.804Z
6a6042346525952ba12094d4,2026-07-22T04:08:22.196Z
6a6044636525952ba12094d5,2026-07-22T04:17:41.470Z
6a6046966525952ba12094d6,2026-07-22T04:27:04.514Z
6a604a406525952ba12094d7,2026-07-22T04:42:42.647Z
6a604ddd6525952ba12094d8,2026-07-22T04:58:07.335Z
6a604e7e6525952ba12094d9,2026-07-22T05:00:48.773Z
6a604edd6525952ba12094da,2026-07-22T05:02:23.320Z
6a604f426bb84309655a7073,2026-07-22T05:04:04.368Z
6a604fa16bb84309655a7074,2026-07-22T05:05:39.843Z
6a604fff6bb84309655a7075,2026-07-22T05:07:13.474Z
6a6050566bb84309655a7076,2026-07-22T05:08:40.854Z
6a6050ab6525952ba12094db,2026-07-22T05:10:05.699Z
6a6050f86525952ba12094dc,2026-07-22T05:11:21.966Z
6a6051436bb84309655a7077,2026-07-22T05:12:37.256Z
6a6051906525952ba12094dd,2026-07-22T05:13:54.235Z
6a6051ab6bb84309655a7078,2026-07-22T05:14:20.720Z
6a6051dc6525952ba12094de,2026-07-22T05:15:09.924Z
6a6052236525952ba12094df,2026-07-22T05:16:21.510Z
6a6056196525952ba12094e0,2026-07-22T05:33:17.888Z
6a605e866525952ba12094e1,2026-07-22T06:09:12.609Z
6a605fa46bb84309655a7079,2026-07-22T06:13:58.289Z
6a60651d6bb84309655a707a,2026-07-22T06:37:19.594Z
6a6067906bb84309655a707b,2026-07-22T06:47:46.234Z
6a6068fa6525952ba12094e2,2026-07-22T06:53:48.484Z
6a60691c92e80071b83a434e,2026-07-22T06:54:20.438Z
6a6069396bb84309655a707c,2026-07-22T06:54:51.457Z
6a606b666525952ba12094e3,2026-07-22T07:04:08.176Z
6a606c3a6525952ba12094e4,2026-07-22T07:07:40.559Z
6a60717b6525952ba12094e6,2026-07-22T07:30:05.582Z
6a6071d86525952ba12094e7,2026-07-22T07:31:37.845Z
6a6072566525952ba12094e8,2026-07-22T07:33:44.315Z
6a6072a86bb84309655a707d,2026-07-22T07:35:06.085Z
6a6074d76bb84309655a707e,2026-07-22T07:44:26.019Z
6a6079e26bb84309655a707f,2026-07-22T08:05:56.081Z
6a607a436bb84309655a7080,2026-07-22T08:07:33.606Z
6a607a806525952ba12094e9,2026-07-22T08:08:33.958Z
6a607d676bb84309655a7081,2026-07-22T08:20:58.066Z
6a6081336525952ba12094ec,2026-07-22T08:37:09.851Z
6a6081cf6525952ba12094ed,2026-07-22T08:39:46.210Z
6a6085876525952ba12094ee,2026-07-22T08:55:36.919Z
6a6086176525952ba12094ef,2026-07-22T08:58:01.402Z
6a6086c06bb84309655a7085,2026-07-22T09:00:50.682Z
6a60871d6525952ba12094f0,2026-07-22T09:02:23.390Z
6a60874b6525952ba12094f1,2026-07-22T09:03:09.113Z
6a60876b6525952ba12094f2,2026-07-22T09:03:41.660Z
6a60877a6bb84309655a7086,2026-07-22T09:03:56.698Z
6a6087dc6525952ba12094f3,2026-07-22T09:05:34.203Z
6a6088386bb84309655a7087,2026-07-22T09:07:06.468Z
6a6088956bb84309655a7088,2026-07-22T09:08:38.610Z
6a6088ee6bb84309655a7089,2026-07-22T09:10:08.069Z
6a6089336bb84309655a708a,2026-07-22T09:11:17.218Z
6a60897f6525952ba12094f4,2026-07-22T09:12:33.349Z
6a6089cc6525952ba12094f5,2026-07-22T09:13:49.906Z
6a608a186bb84309655a708b,2026-07-22T09:15:06.592Z
6a608a666525952ba12094f6,2026-07-22T09:16:24.581Z
6a608ae06bb84309655a708c,2026-07-22T09:18:26.778Z
6a608aed6bb84309655a708d,2026-07-22T09:18:39.078Z
6a608af76525952ba12094f7,2026-07-22T09:18:49.258Z
6a608ccc6bb84309655a708e,2026-07-22T09:26:38.527Z
6a608f5406ddcf692526dad7,2026-07-22T09:37:26.117Z
6a608f6a06ddcf692526dad8,2026-07-22T09:37:48.709Z
6a6093403d42699152931560,2026-07-22T09:54:10.697Z
6a6094293d42699152931561,2026-07-22T09:58:03.114Z
6a60956a3d42699152931562,2026-07-22T10:03:25.043Z
6a60970c3d42699152931563,2026-07-22T10:10:22.839Z
6a60976306ddcf692526dad9,2026-07-22T10:11:49.454Z
6a60976d06ddcf692526dada,2026-07-22T10:11:59.374Z
6a6098b206ddcf692526dadb,2026-07-22T10:17:24.005Z
6a609c953d42699152931564,2026-07-22T10:34:00.390Z
6a609e163d42699152931565,2026-07-22T10:40:24.126Z
6a60a0a23d42699152931566,2026-07-22T10:51:16.275Z
6a60a1603d42699152931567,2026-07-22T10:54:26.709Z
6a60a1e206ddcf692526dadd,2026-07-22T10:56:36.027Z
6a60a2f206ddcf692526dadf,2026-07-22T11:01:08.577Z
6a60a33b06ddcf692526dae0,2026-07-22T11:02:20.676Z
6a60a38e3d42699152931568,2026-07-22T11:03:45.419Z
6a60a4a53d42699152931569,2026-07-22T11:08:23.199Z
6a60a53706ddcf692526dae2,2026-07-22T11:10:49.072Z
6a60a82406ddcf692526dae4,2026-07-22T11:23:17.916Z
6a60a90706ddcf692526dae5,2026-07-22T11:27:06.159Z
6a60aaf43d4269915293156a,2026-07-22T11:35:20.736Z
6a60ade406ddcf692526dae6,2026-07-22T11:47:50.508Z
6a60aec906ddcf692526dae7,2026-07-22T11:51:39.528Z
6a60b30b06ddcf692526dae9,2026-07-22T12:09:49.004Z
6a60b3f506ddcf692526daea,2026-07-22T12:13:43.239Z
6a60b47a3d4269915293156c,2026-07-22T12:15:56.140Z
6a60b4bc3d4269915293156d,2026-07-22T12:17:02.850Z
6a60bae63d4269915293156e,2026-07-22T12:43:20.997Z
6a60bb3e06ddcf692526daec,2026-07-22T12:44:48.429Z
6a60bb7106ddcf692526daed,2026-07-22T12:45:39.424Z
6a60bba106ddcf692526daee,2026-07-22T12:46:27.937Z
6a60bc5b3d4269915293156f,2026-07-22T12:49:34.301Z
6a60bcb23d42699152931570,2026-07-22T12:51:00.550Z
6a60bd3e3d42699152931571,2026-07-22T12:53:20.075Z
6a60bd7106ddcf692526daf0,2026-07-22T12:54:10.947Z
6a60bf033d42699152931572,2026-07-22T13:00:53.314Z
6a60bf6606ddcf692526daf1,2026-07-22T13:02:32.682Z
6a60bfc63d42699152931573,2026-07-22T13:04:08.632Z
6a60c02906ddcf692526daf2,2026-07-22T13:05:47.796Z
6a60c0863d42699152931574,2026-07-22T13:07:21.123Z
6a60c0e406ddcf692526daf3,2026-07-22T13:08:54.506Z
6a60c1423d42699152931576,2026-07-22T13:10:28.407Z
6a60c18e3d42699152931577,2026-07-22T13:11:44.676Z
6a60c1e13d42699152931578,2026-07-22T13:13:07.732Z
6a60c23506ddcf692526daf4,2026-07-22T13:14:31.428Z
6a60c28006ddcf692526daf5,2026-07-22T13:15:46.678Z
6a60c2ac3d42699152931579,2026-07-22T13:16:29.949Z
6a60c2cf3d4269915293157a,2026-07-22T13:17:05.225Z
6a60c43106ddcf692526daf6,2026-07-22T13:22:59.515Z
6a60c5603d4269915293157b,2026-07-22T13:28:05.373Z
6a60c6c03d4269915293157c,2026-07-22T13:33:54.164Z
6a60c7103d4269915293157d,2026-07-22T13:35:16.536Z
6a60c88506ddcf692526daf7,2026-07-22T13:41:27.903Z
6a60c9b23d4269915293157e,2026-07-22T13:46:28.191Z
6a60cb323d4269915293157f,2026-07-22T13:52:53.042Z
6a60ccf93d42699152931580,2026-07-22T14:00:27.546Z
6a60cf3b3d42699152931584,2026-07-22T14:10:05.810Z
6a60d47e3d42699152931586,2026-07-22T14:32:32.469Z
6a60d5053d42699152931587,2026-07-22T14:34:47.824Z
6a60d68b06ddcf692526dafa,2026-07-22T14:41:16.820Z
6a60dd22625bdc9adc04691c,2026-07-22T15:09:24.139Z
6a60de0c3d4269915293158b,2026-07-22T15:13:18.833Z
6a60de6d3d4269915293158c,2026-07-22T15:14:55.456Z
6a60e0d506ddcf692526dafd,2026-07-22T15:25:11.552Z
6a60e45c3d4269915293158d,2026-07-22T15:40:14.686Z
6a60e4a906ddcf692526dafe,2026-07-22T15:41:31.547Z
6a60e50706ddcf692526daff,2026-07-22T15:43:04.902Z
6a60e6e83d4269915293158e,2026-07-22T15:51:06.679Z
6a60e7353d4269915293158f,2026-07-22T15:52:22.875Z
6a60e9653d42699152931591,2026-07-22T16:01:46.327Z
6a60e97c3d42699152931592,2026-07-22T16:02:06.319Z
6a60eaa606ddcf692526db00,2026-07-22T16:07:05.180Z
6a60eb4306ddcf692526db01,2026-07-22T16:09:44.431Z
6a60eba73d42699152931593,2026-07-22T16:11:21.636Z
6a60ebf73d42699152931594,2026-07-22T16:12:41.075Z
6a60f31806ddcf692526db02,2026-07-22T16:43:06.002Z
6a60f39706ddcf692526db03,2026-07-22T16:45:14.452Z
6a60f3ca06ddcf692526db04,2026-07-22T16:46:04.113Z
6a60f60b3d42699152931597,2026-07-22T16:55:41.453Z
6a60f7413d42699152931598,2026-07-22T17:00:51.616Z
6a60f7ae06ddcf692526db05,2026-07-22T17:02:40.951Z
6a60f7dd06ddcf692526db06,2026-07-22T17:03:26.898Z
6a60f82f3d42699152931599,2026-07-22T17:04:49.685Z
6a60f88f3d4269915293159a,2026-07-22T17:06:26.164Z
6a60f8a006ddcf692526db07,2026-07-22T17:06:42.656Z
6a60f8fa06ddcf692526db08,2026-07-22T17:08:11.876Z
6a60f95c3d4269915293159b,2026-07-22T17:09:50.606Z
6a60f9b706ddcf692526db09,2026-07-22T17:11:21.898Z
6a60fa0106ddcf692526db0a,2026-07-22T17:12:35.178Z
6a60fa513d4269915293159c,2026-07-22T17:13:55.163Z
6a60faa13d4269915293159d,2026-07-22T17:15:15.074Z
6a60fae83d4269915293159e,2026-07-22T17:16:27.266Z
6a60fb3606ddcf692526db0b,2026-07-22T17:17:44.437Z
6a60fd2406ddcf692526db0c,2026-07-22T17:25:59.029Z
6a60ff3206ddcf692526db0d,2026-07-22T17:34:44.285Z
6a61003c06ddcf692526db0e,2026-07-22T17:39:09.983Z
6a61028906ddcf692526db0f,2026-07-22T17:48:59.207Z
6a61028e3d426991529315a0,2026-07-22T17:49:04.468Z
6a6104bc637b3c6f2b9b75ff,2026-07-22T17:58:21.138Z
6a6108ff3d426991529315a1,2026-07-22T18:16:35.611Z
6a61099d3d426991529315a2,2026-07-22T18:19:11.210Z
6a610b6b06ddcf692526db10,2026-07-22T18:26:53.244Z
6a610c5e3d426991529315a3,2026-07-22T18:30:56.189Z
6a610f1106ddcf692526db11,2026-07-22T18:42:29.664Z
6a610f1306ddcf692526db12,2026-07-22T18:42:32.692Z
6a610f7206ddcf692526db13,2026-07-22T18:44:04.634Z
6a61112906ddcf692526db14,2026-07-22T18:51:22.937Z
6a61121006ddcf692526db15,2026-07-22T18:55:14.519Z
6a61144f3d426991529315a4,2026-07-22T19:04:49.856Z
6a6116da06ddcf692526db16,2026-07-22T19:15:40.897Z
6a61178b3d426991529315a6,2026-07-22T19:18:37.738Z
6a6117b53d426991529315a7,2026-07-22T19:19:20.015Z
6a6118ee06ddcf692526db17,2026-07-22T19:24:32.803Z
6a611a2a06ddcf692526db18,2026-07-22T19:29:48.291Z
6a611ae306ddcf692526db19,2026-07-22T19:32:52.850Z
6a611d893d426991529315a8,2026-07-22T19:44:11.935Z
6a611e4f06ddcf692526db1a,2026-07-22T19:47:29.365Z
6a61214706ddcf692526db1b,2026-07-22T20:00:09.243Z
6a6123e106ddcf692526db1c,2026-07-22T20:11:15.624Z
6a61257e3d426991529315aa,2026-07-22T20:18:08.365Z
6a61260206ddcf692526db1d,2026-07-22T20:20:20.573Z
6a612ab53d426991529315ad,2026-07-22T20:40:23.424Z
6a612bf006ddcf692526db1e,2026-07-22T20:45:38.708Z
6a612d223d426991529315ae,2026-07-22T20:50:44.964Z
6a612d5806ddcf692526db1f,2026-07-22T20:51:38.453Z
6a612e3e3d426991529315af,2026-07-22T20:55:27.899Z
6a612f0f3d426991529315b0,2026-07-22T20:58:59.622Z
6a612f2906ddcf692526db20,2026-07-22T20:59:23.081Z
6a612f803d426991529315b1,2026-07-22T21:00:50.215Z
6a61308406ddcf692526db21,2026-07-22T21:05:09.597Z
6a6130f206ddcf692526db22,2026-07-22T21:07:00.350Z
6a6131ce3d426991529315b2,2026-07-22T21:10:40.530Z
6a6133853d426991529315b3,2026-07-22T21:17:58.873Z
6a61358806ddcf692526db23,2026-07-22T21:26:33.781Z
6a61359b3d426991529315b4,2026-07-22T21:26:54.014Z
6a6135a83d426991529315b5,2026-07-22T21:27:05.934Z
6a6137203d426991529315b6,2026-07-22T21:33:22.173Z
6a6138e382521631399d1a90,2026-07-22T21:40:51.538Z
6a613a9e06ddcf692526db24,2026-07-22T21:48:16.210Z
6a613cf506ddcf692526db25,2026-07-22T21:58:15.596Z
6a6144a63d426991529315b8,2026-07-22T22:31:04.192Z
6a61454d3d426991529315b9,2026-07-22T22:33:51.578Z
6a61481d06ddcf692526db28,2026-07-22T22:45:53.979Z
6a614a7b06ddcf692526db29,2026-07-22T22:55:56.976Z
6a614e0f06ddcf692526db2a,2026-07-22T23:11:13.408Z
6a61505b3d426991529315bb,2026-07-22T23:21:04.138Z
6a61555906ddcf692526db2b,2026-07-22T23:42:19.545Z
6a6156cb06ddcf692526db2c,2026-07-22T23:48:29.677Z
6a61572a06ddcf692526db2d,2026-07-22T23:50:04.246Z
6a61592f06ddcf692526db2e,2026-07-22T23:58:41.555Z
6a6166893d426991529315bd,2026-07-23T00:55:39.597Z
6a6166af06ddcf692526db30,2026-07-23T00:56:16.801Z
6a6166af06ddcf692526db31,2026-07-23T00:56:17.576Z
6a6166cb3d426991529315be,2026-07-23T00:56:45.516Z
6a61687d3d426991529315c0,2026-07-23T01:03:58.955Z
6a616e0c06ddcf692526db32,2026-07-23T01:27:41.597Z
6a616eae06ddcf692526db33,2026-07-23T01:30:24.562Z
6a616f1806ddcf692526db34,2026-07-23T01:32:13.362Z
6a616f6c06ddcf692526db35,2026-07-23T01:33:36.794Z
6a61785f06ddcf692526db36,2026-07-23T02:11:45.602Z
6a61799706ddcf692526db37,2026-07-23T02:16:57.096Z
6a617a5306ddcf692526db38,2026-07-23T02:20:05.366Z
6a6181ff3d426991529315c1,2026-07-23T02:52:49.615Z
6a6189683d426991529315c2,2026-07-23T03:24:26.242Z
6a619c4d3d426991529315c3,2026-07-23T04:45:03.729Z
6a61a00306ddcf692526db3b,2026-07-23T05:00:53.746Z
6a61a06906ddcf692526db3c,2026-07-23T05:02:35.309Z
6a61a0c906ddcf692526db3d,2026-07-23T05:04:11.596Z
6a61a12d3d426991529315c4,2026-07-23T05:05:51.323Z
6a61a18b06ddcf692526db3e,2026-07-23T05:07:25.941Z
6a61a1e93d426991529315c5,2026-07-23T05:08:59.138Z
6a61a24a3d426991529315c6,2026-07-23T05:10:35.911Z
6a61a29a3d426991529315c7,2026-07-23T05:11:56.411Z
6a61a2e53d426991529315c8,2026-07-23T05:13:11.427Z
6a61a3323d426991529315c9,2026-07-23T05:14:28.396Z
6a61a3813d426991529315ca,2026-07-23T05:15:47.339Z
6a61a3cd3d426991529315cb,2026-07-23T05:17:03.877Z
6a61a4cc3d426991529315cc,2026-07-23T05:21:18.124Z
6a61aa6d06ddcf692526db3f,2026-07-23T05:45:19.847Z
6a61ae353d426991529315cd,2026-07-23T06:01:27.203Z
6a61b2e13d426991529315ce,2026-07-23T06:21:23.037Z
6a61b3bc06ddcf692526db40,2026-07-23T06:25:01.687Z
6a61bc823d426991529315cf,2026-07-23T07:02:28.562Z
6a61bcb106ddcf692526db42,2026-07-23T07:03:15.460Z
6a61bcc106ddcf692526db43,2026-07-23T07:03:31.222Z
6a61bf6406ddcf692526db44,2026-07-23T07:14:48.711Z
6a61c0ed3d426991529315d1,2026-07-23T07:21:19.083Z
6a61c43706ddcf692526db45,2026-07-23T07:35:21.659Z
6a61c58a3d426991529315d2,2026-07-23T07:41:00.336Z
6a61c83e04b99bae22a92c62,2026-07-23T07:52:32.440Z
6a61cadf06ddcf692526db46,2026-07-23T08:03:45.591Z
6a61cb6706ddcf692526db47,2026-07-23T08:06:01.465Z
6a61cd5904b99bae22a92c63,2026-07-23T08:14:19.054Z
6a61ce0604b99bae22a92c64,2026-07-23T08:17:12.376Z
6a61d02006ddcf692526db4a,2026-07-23T08:26:10.359Z
6a61d10d06ddcf692526db4b,2026-07-23T08:30:10.152Z
6a61d11c04b99bae22a92c66,2026-07-23T08:30:24.446Z
6a61d17b06ddcf692526db4c,2026-07-23T08:31:56.945Z
6a61d19606ddcf692526db4d,2026-07-23T08:32:25.540Z
6a61d78706ddcf692526db4e,2026-07-23T08:57:45.824Z
6a61d84004b99bae22a92c67,2026-07-23T09:00:50.567Z
6a61d8ac04b99bae22a92c68,2026-07-23T09:02:38.330Z
6a61d90d04b99bae22a92c69,2026-07-23T09:04:15.534Z
6a61d96b04b99bae22a92c6a,2026-07-23T09:05:49.594Z
6a61d9ca06ddcf692526db50,2026-07-23T09:07:24.840Z
6a61da2804b99bae22a92c6b,2026-07-23T09:08:58.012Z
6a61da8a04b99bae22a92c6c,2026-07-23T09:10:36.420Z
6a61dae004b99bae22a92c6d,2026-07-23T09:12:02.261Z
6a61db2f06ddcf692526db51,2026-07-23T09:13:21.085Z
6a61db7c06ddcf692526db52,2026-07-23T09:14:38.700Z
6a61dbcd06ddcf692526db53,2026-07-23T09:15:59.656Z
6a61dc1406ddcf692526db54,2026-07-23T09:17:10.484Z
6a61e06f04b99bae22a92c6e,2026-07-23T09:35:44.896Z
6a61e09c06ddcf692526db55,2026-07-23T09:36:46.352Z
6a61e2a506ddcf692526db56,2026-07-23T09:45:11.815Z
6a61e6e106ddcf692526db57,2026-07-23T10:03:15.888Z
6a61e96304b99bae22a92c70,2026-07-23T10:13:59.619Z
6a61eb6a06ddcf692526db58,2026-07-23T10:22:36.657Z
6a61ecaf06ddcf692526db59,2026-07-23T10:28:02.158Z
6a61ee3b06ddcf692526db5a,2026-07-23T10:34:38.571Z
6a61ef1006ddcf692526db5b,2026-07-23T10:38:09.996Z
6a61f22c04b99bae22a92c72,2026-07-23T10:51:26.022Z
6a61f23604b99bae22a92c73,2026-07-23T10:51:36.139Z
6a61f25204b99bae22a92c74,2026-07-23T10:52:04.075Z
6a61f2e806ddcf692526db5c,2026-07-23T10:54:34.160Z
6a61f3b906ddcf692526db5d,2026-07-23T10:58:03.198Z
6a61f49106ddcf692526db5e,2026-07-23T11:01:39.051Z
6a61f4bc06ddcf692526db5f,2026-07-23T11:02:22.762Z
6a61f55a04b99bae22a92c76,2026-07-23T11:04:59.879Z
6a61f57704b99bae22a92c77,2026-07-23T11:05:29.696Z
6a61f84506ddcf692526db60,2026-07-23T11:17:27.408Z
6a61faa306ddcf692526db62,2026-07-23T11:27:33.631Z
6a61fc3104b99bae22a92c78,2026-07-23T11:34:14.350Z
6a61fcd704b99bae22a92c79,2026-07-23T11:36:57.442Z
6a61fdf704b99bae22a92c7a,2026-07-23T11:41:45.671Z
6a6201d804b99bae22a92c7b,2026-07-23T11:58:21.398Z
6a6201f206ddcf692526db63,2026-07-23T11:58:44.063Z
6a62036406ddcf692526db64,2026-07-23T12:04:54.529Z
6a6205a404b99bae22a92c7c,2026-07-23T12:14:30.370Z
6a62066406ddcf692526db65,2026-07-23T12:17:42.769Z
6a6209ce06ddcf692526db66,2026-07-23T12:32:16.336Z
6a620a2604b99bae22a92c7d,2026-07-23T12:33:43.987Z
6a620ace04b99bae22a92c7e,2026-07-23T12:36:32.039Z
6a620ad306ddcf692526db67,2026-07-23T12:36:37.650Z
6a620b8a04b99bae22a92c7f,2026-07-23T12:39:41.329Z
6a620b9104b99bae22a92c80,2026-07-23T12:39:49.873Z
6a620c6906ddcf692526db68,2026-07-23T12:43:23.011Z
6a620cd706ddcf692526db69,2026-07-23T12:45:13.040Z
6a62108904b99bae22a92c81,2026-07-23T13:00:59.214Z
6a6210d404b99bae22a92c82,2026-07-23T13:02:14.629Z
6a6210fb06ddcf692526db6b,2026-07-23T13:02:53.492Z
6a62113206ddcf692526db6c,2026-07-23T13:03:48.602Z
6a62115e04b99bae22a92c83,2026-07-23T13:04:32.466Z
6a6211c104b99bae22a92c84,2026-07-23T13:06:11.165Z
6a62122104b99bae22a92c85,2026-07-23T13:07:47.338Z
6a62127e06ddcf692526db6d,2026-07-23T13:09:20.045Z
6a62128904b99bae22a92c86,2026-07-23T13:09:32.137Z
6a6212e006ddcf692526db6e,2026-07-23T13:10:58.306Z
6a62132e06ddcf692526db6f,2026-07-23T13:12:16.740Z
6a62137e06ddcf692526db70,2026-07-23T13:13:36.602Z
6a6213ce04b99bae22a92c87,2026-07-23T13:14:56.301Z
6a62142606ddcf692526db71,2026-07-23T13:16:24.179Z
6a62147406ddcf692526db72,2026-07-23T13:17:42.469Z
6a6215dd04b99bae22a92c88,2026-07-23T13:23:43.614Z
6a62177a04b99bae22a92c89,2026-07-23T13:30:36.372Z
6a621a9806ddcf692526db73,2026-07-23T13:43:54.716Z
6a621bd706ddcf692526db74,2026-07-23T13:49:12.993Z
6a621d4d04b99bae22a92c8a,2026-07-23T13:55:27.565Z
6a621d9d04b99bae22a92c8b,2026-07-23T13:56:46.917Z
6a621da804b99bae22a92c8c,2026-07-23T13:56:59.453Z
6a621ddb04b99bae22a92c8d,2026-07-23T13:57:48.970Z
6a621f2304b99bae22a92c8e,2026-07-23T14:03:17.199Z
6a621f2e06ddcf692526db75,2026-07-23T14:03:29.138Z
6a621fba04b99bae22a92c8f,2026-07-23T14:05:48.372Z
6a621fd404b99bae22a92c90,2026-07-23T14:06:14.120Z
6a6220dd06ddcf692526db77,2026-07-23T14:10:39.677Z
6a62210004b99bae22a92c91,2026-07-23T14:11:14.303Z
6a62226b06ddcf692526db78,2026-07-23T14:17:17.904Z
6a62227106ddcf692526db79,2026-07-23T14:17:22.952Z
6a6223a406ddcf692526db7a,2026-07-23T14:22:30.055Z
6a62249c04b99bae22a92c93,2026-07-23T14:26:38.340Z
6a6224eb06ddcf692526db7b,2026-07-23T14:27:57.435Z
6a62254504b99bae22a92c95,2026-07-23T14:29:27.339Z
6a62269e06ddcf692526db7d,2026-07-23T14:35:12.976Z
6a6226dc06ddcf692526db7e,2026-07-23T14:36:14.055Z
6a6227d506ddcf692526db7f,2026-07-23T14:40:23.405Z
6a6228ac06ddcf692526db80,2026-07-23T14:43:58.698Z
6a6228b704b99bae22a92c96,2026-07-23T14:44:09.574Z
6a622bb006ddcf692526db81,2026-07-23T14:56:50.059Z
6a622c7004b99bae22a92c97,2026-07-23T15:00:02.112Z
6a622ca204b99bae22a92c98,2026-07-23T15:00:52.214Z
6a622e4804b99bae22a92c99,2026-07-23T15:07:54.370Z
6a622feb06ddcf692526db82,2026-07-23T15:14:54.140Z
6a62301d06ddcf692526db83,2026-07-23T15:15:43.603Z
6a6230fc06ddcf692526db84,2026-07-23T15:19:26.322Z
6a6231c504b99bae22a92c9a,2026-07-23T15:22:49.873Z
6a6231fc04b99bae22a92c9b,2026-07-23T15:23:42.126Z
6a62320f04b99bae22a92c9c,2026-07-23T15:24:03.599Z
6a62325304b99bae22a92c9d,2026-07-23T15:25:09.827Z
6a62352104b99bae22a92c9e,2026-07-23T15:37:07.662Z
6a62360906ddcf692526db85,2026-07-23T15:40:59.529Z
6a62368904b99bae22a92c9f,2026-07-23T15:43:07.426Z
6a6237b304b99bae22a92ca0,2026-07-23T15:48:06.514Z
6a623ae504b99bae22a92ca1,2026-07-23T16:01:45.669Z
6a623b4206ddcf692526db86,2026-07-23T16:03:18.929Z
6a623bde04b99bae22a92ca2,2026-07-23T16:05:52.004Z
6a623e0404b99bae22a92ca3,2026-07-23T16:15:02.626Z
6a62410e06ddcf692526db87,2026-07-23T16:28:00.470Z
6a62431306ddcf692526db88,2026-07-23T16:36:40.453Z
6a62435304b99bae22a92ca4,2026-07-23T16:37:40.848Z
6a62440106ddcf692526db89,2026-07-23T16:40:34.945Z
6a62444b04b99bae22a92ca5,2026-07-23T16:41:49.068Z
6a62447106ddcf692526db8a,2026-07-23T16:42:30.282Z
6a62450504b99bae22a92ca6,2026-07-23T16:44:54.814Z
6a6248ce06ddcf692526db8b,2026-07-23T17:01:04.657Z
6a62493a06ddcf692526db8c,2026-07-23T17:02:52.814Z
6a62499a06ddcf692526db8d,2026-07-23T17:04:28.056Z
6a624a0106ddcf692526db8e,2026-07-23T17:06:11.539Z
6a624a6506ddcf692526db8f,2026-07-23T17:07:51.659Z
6a624a9004b99bae22a92ca8,2026-07-23T17:08:34.359Z
6a624ae704b99bae22a92ca9,2026-07-23T17:10:01.643Z
6a624b4c06ddcf692526db90,2026-07-23T17:11:42.239Z
6a624b9c04b99bae22a92caa,2026-07-23T17:13:02.590Z
6a624bef04b99bae22a92cab,2026-07-23T17:14:25.121Z
6a624c3f04b99bae22a92cac,2026-07-23T17:15:45.753Z
6a624c9106ddcf692526db91,2026-07-23T17:17:07.435Z
6a624cdd06ddcf692526db92,2026-07-23T17:18:23.240Z
6a624d0204b99bae22a92cad,2026-07-23T17:19:00.530Z
6a624e9c06ddcf692526db93,2026-07-23T17:25:50.331Z
6a6254b404b99bae22a92cae,2026-07-23T17:51:53.070Z
6a62574404b99bae22a92cb0,2026-07-23T18:02:45.481Z
6a62585306ddcf692526db94,2026-07-23T18:07:17.252Z
6a625c2304b99bae22a92cb1,2026-07-23T18:23:33.949Z
6a625c4906ddcf692526db95,2026-07-23T18:24:11.390Z
6a625c7106ddcf692526db96,2026-07-23T18:24:51.276Z
6a625e1904b99bae22a92cb3,2026-07-23T18:31:55.157Z
6a625ffb06ddcf692526db97,2026-07-23T18:39:57.516Z
6a62601804b99bae22a92cb4,2026-07-23T18:40:26.932Z
6a62602504b99bae22a92cb5,2026-07-23T18:40:39.232Z
6a62604b04b99bae22a92cb6,2026-07-23T18:41:17.269Z
6a62644006ddcf692526db98,2026-07-23T18:58:10.309Z
6a62650b8a1e7cb1ede74275,2026-07-23T19:01:32.111Z
6a6267c806ddcf692526db99,2026-07-23T19:13:14.705Z
6a626a7f06ddcf692526db9a,2026-07-23T19:24:49.512Z
6a626ce204b99bae22a92cb7,2026-07-23T19:35:00.388Z
6a626fe004b99bae22a92cb8,2026-07-23T19:47:46.115Z
6a62704904b99bae22a92cb9,2026-07-23T19:49:31.850Z
6a62736504b99bae22a92cba,2026-07-23T20:02:46.759Z
6a62736a06ddcf692526db9c,2026-07-23T20:02:53.061Z
6a62791204b99bae22a92cbb,2026-07-23T20:27:00.366Z
6a627ab706ddcf692526db9d,2026-07-23T20:34:00.933Z
6a627dc306ddcf692526db9e,2026-07-23T20:47:01.241Z
6a62831306ddcf692526db9f,2026-07-23T21:09:41.704Z
6a628a4c04b99bae22a92cbd,2026-07-23T21:40:31.242Z
6a628c7c04b99bae22a92cbf,2026-07-23T21:49:50.364Z
6a628e4f06ddcf692526dba0,2026-07-23T21:57:37.369Z
6a62950504b99bae22a92cc1,2026-07-23T22:26:16.076Z
6a6297e604b99bae22a92cc2,2026-07-23T22:38:32.295Z
6a62998806ddcf692526dba1,2026-07-23T22:45:30.382Z
6a629e8404b99bae22a92cc3,2026-07-23T23:06:46.034Z
6a629f0606ddcf692526dba2,2026-07-23T23:08:57.565Z
6a62a17106ddcf692526dba3,2026-07-23T23:19:15.517Z
6a62a7a306ddcf692526dba4,2026-07-23T23:45:43.881Z
6a62aaf606ddcf692526dba5,2026-07-23T23:59:52.907Z
6a62ab8806ddcf692526dba6,2026-07-24T00:02:22.097Z
6a62ac7906ddcf692526dba7,2026-07-24T00:06:20.345Z
6a62ac8704b99bae22a92cc4,2026-07-24T00:06:32.679Z
6a62ad0d06ddcf692526dba8,2026-07-24T00:08:47.743Z
6a62b16006ddcf692526dba9,2026-07-24T00:27:15.156Z
6a62b53706ddcf692526dbaa,2026-07-24T00:43:37.097Z
6a62b59106ddcf692526dbab,2026-07-24T00:45:07.842Z
6a62b8d106ddcf692526dbac,2026-07-24T00:58:59.211Z
6a62baf104b99bae22a92cc5,2026-07-24T01:08:03.508Z
6a62bba106ddcf692526dbad,2026-07-24T01:10:59.928Z
6a62bc5e06ddcf692526dbae,2026-07-24T01:14:07.776Z
6a62bcb006ddcf692526dbaf,2026-07-24T01:15:30.795Z
6a62c3ce04b99bae22a92cc6,2026-07-24T01:45:52.480Z
6a62c8f304b99bae22a92cc7,2026-07-24T02:07:49.210Z
6a62cd5304b99bae22a92cc8,2026-07-24T02:26:32.718Z
6a62ce9706ddcf692526dbb1,2026-07-24T02:31:53.308Z
6a62d10306ddcf692526dbb2,2026-07-24T02:42:15.323Z
6a62d38104b99bae22a92cc9,2026-07-24T02:52:51.499Z
6a62d50d04b99bae22a92cca,2026-07-24T02:59:27.684Z
6a62d82804b99bae22a92ccb,2026-07-24T03:12:43.328Z
6a62d9ed06ddcf692526dbb3,2026-07-24T03:20:15.264Z
6a62e38004b99bae22a92ccc,2026-07-24T04:01:07.260Z
6a62eb4406ddcf692526dbb4,2026-07-24T04:34:15.124Z
6a62f18a06ddcf692526dbb5,2026-07-24T05:01:00.674Z
6a62f1fe06ddcf692526dbb6,2026-07-24T05:02:56.513Z
6a62f21906ddcf692526dbb7,2026-07-24T05:03:22.632Z
6a62f26106ddcf692526dbb8,2026-07-24T05:04:35.230Z
6a62f28504b99bae22a92ccd,2026-07-24T05:05:12.271Z
6a62f2c506ddcf692526dbb9,2026-07-24T05:06:14.903Z
6a62f2cb8a1e7cb1ede74276,2026-07-24T05:06:19.992Z
6a62f33b06ddcf692526dbba,2026-07-24T05:08:13.333Z
6a62f38204b99bae22a92cce,2026-07-24T05:09:24.496Z
6a62f39c04b99bae22a92ccf,2026-07-24T05:09:50.682Z
6a62f40306ddcf692526dbbb,2026-07-24T05:11:33.359Z
6a62f45a06ddcf692526dbbc,2026-07-24T05:13:00.707Z
6a62f4a904b99bae22a92cd0,2026-07-24T05:14:18.885Z
6a62f4af06ddcf692526dbbd,2026-07-24T05:14:25.432Z
6a62f4f604b99bae22a92cd1,2026-07-24T05:15:35.894Z
6a62f54904b99bae22a92cd2,2026-07-24T05:16:58.956Z
6a62f59104b99bae22a92cd3,2026-07-24T05:18:11.227Z
6a62f84106ddcf692526dbbe,2026-07-24T05:29:39.329Z
6a62faf506ddcf692526dbbf,2026-07-24T05:41:11.478Z
6a62fd7706ddcf692526dbc0,2026-07-24T05:51:52.863Z
6a62fda704b99bae22a92cd4,2026-07-24T05:52:40.794Z
6a6300ac04b99bae22a92cd5,2026-07-24T06:05:35.469Z
6a63012404b99bae22a92cd6,2026-07-24T06:07:34.616Z
6a630cb504b99bae22a92cd7,2026-07-24T06:56:54.979Z
6a630e1804b99bae22a92cd8,2026-07-24T07:02:51.573Z
6a630e1e06ddcf692526dbc1,2026-07-24T07:02:56.981Z
6a630e4e04b99bae22a92cd9,2026-07-24T07:03:44.222Z
6a630eca04b99bae22a92cda,2026-07-24T07:05:48.924Z
6a630fab04b99bae22a92cdb,2026-07-24T07:09:33.329Z
6a6310d904b99bae22a92cdc,2026-07-24T07:14:35.845Z
6a63132f04b99bae22a92cde,2026-07-24T07:24:33.821Z
6a6314a304b99bae22a92cdf,2026-07-24T07:30:47.859Z
6a6317d706ddcf692526dbc2,2026-07-24T07:44:25.522Z
6a631b8f06ddcf692526dbc3,2026-07-24T08:00:17.572Z
6a631c6306ddcf692526dbc4,2026-07-24T08:03:48.993Z
6a63218906ddcf692526dbc5,2026-07-24T08:25:47.227Z
6a63241e06ddcf692526dbc6,2026-07-24T08:36:48.477Z
6a63245d04b99bae22a92ce0,2026-07-24T08:37:54.078Z
6a63274c06ddcf692526dbc7,2026-07-24T08:50:22.700Z
6a63293306ddcf692526dbc8,2026-07-24T08:58:29.532Z
6a6329cd04b99bae22a92ce2,2026-07-24T09:01:03.606Z
6a632a1804b99bae22a92ce3,2026-07-24T09:02:19.716Z
6a632a3a06ddcf692526dbc9,2026-07-24T09:02:52.064Z
6a632a9c06ddcf692526dbca,2026-07-24T09:04:31.009Z
6a632afc04b99bae22a92ce4,2026-07-24T09:06:06.173Z
6a632b5d04b99bae22a92ce5,2026-07-24T09:07:43.140Z
6a632b6904b99bae22a92ce6,2026-07-24T09:07:56.450Z
6a632bbb06ddcf692526dbcb,2026-07-24T09:09:17.705Z
6a632c1d04b99bae22a92ce7,2026-07-24T09:10:55.018Z
6a632c7604b99bae22a92ce8,2026-07-24T09:12:24.317Z
6a632cc804b99bae22a92ce9,2026-07-24T09:13:46.029Z
6a632d1906ddcf692526dbcd,2026-07-24T09:15:07.325Z
6a632d6704b99bae22a92cea,2026-07-24T09:16:25.506Z
6a632db206ddcf692526dbce,2026-07-24T09:17:40.349Z
6a63312706ddcf692526dbcf,2026-07-24T09:32:27.715Z
6a63321104b99bae22a92cec,2026-07-24T09:36:19.778Z
6a63328204b99bae22a92ced,2026-07-24T09:38:12.651Z
6a63329d04b99bae22a92cee,2026-07-24T09:38:39.561Z
6a63329e06ddcf692526dbd1,2026-07-24T09:38:40.685Z
6a63350e04b99bae22a92cef,2026-07-24T09:49:04.601Z
6a63356a06ddcf692526dbd2,2026-07-24T09:50:38.393Z
6a633f0806ddcf692526dbd3,2026-07-24T10:31:38.892Z
6a633f8004b99bae22a92cf0,2026-07-24T10:33:37.708Z
6a6340c404b99bae22a92cf1,2026-07-24T10:39:02.138Z
6a63426f06ddcf692526dbd5,2026-07-24T10:46:09.461Z
6a63433604b99bae22a92cf2,2026-07-24T10:49:28.307Z
6a63435606ddcf692526dbd6,2026-07-24T10:50:00.855Z
6a63448904b99bae22a92cf3,2026-07-24T10:55:07.906Z
6a6344a904b99bae22a92cf4,2026-07-24T10:55:39.710Z
6a63451f04b99bae22a92cf6,2026-07-24T10:57:37.311Z
6a63453f04b99bae22a92cf7,2026-07-24T10:58:09.184Z
6a63454504b99bae22a92cf8,2026-07-24T10:58:15.334Z
6a63465d06ddcf692526dbd8,2026-07-24T11:02:55.001Z
6a63492904b99bae22a92cfa,2026-07-24T11:14:51.838Z
6a634acd06ddcf692526dbd9,2026-07-24T11:21:51.691Z
6a634cdf04b99bae22a92cfb,2026-07-24T11:30:41.594Z
6a634f7d06ddcf692526dbda,2026-07-24T11:41:51.290Z
6a634ff504b99bae22a92cfc,2026-07-24T11:43:51.170Z
6a63507806ddcf692526dbdb,2026-07-24T11:46:03.081Z
6a63524d04b99bae22a92cfd,2026-07-24T11:53:52.201Z
6a6352b204b99bae22a92cfe,2026-07-24T11:55:32.865Z
6a635a8a04b99bae22a92d01,2026-07-24T12:29:00.176Z
6a635e5e04b99bae22a92d02,2026-07-24T12:45:20.122Z
6a635f8004b99bae22a92d03,2026-07-24T12:50:11.265Z
6a63618a06ddcf692526dbde,2026-07-24T12:58:52.606Z
6a63620b04b99bae22a92d04,2026-07-24T13:01:01.371Z
6a63627404b99bae22a92d05,2026-07-24T13:02:46.662Z
6a6362d604b99bae22a92d06,2026-07-24T13:04:24.397Z
6a63633d06ddcf692526dbdf,2026-07-24T13:06:07.194Z
6a6363a004b99bae22a92d07,2026-07-24T13:07:46.042Z
6a6363f904b99bae22a92d08,2026-07-24T13:09:15.775Z
6a63645906ddcf692526dbe0,2026-07-24T13:10:51.719Z
6a6364a706ddcf692526dbe1,2026-07-24T13:12:09.198Z
6a6364f506ddcf692526dbe2,2026-07-24T13:13:27.561Z
6a63653c06ddcf692526dbe3,2026-07-24T13:14:38.445Z
6a63658b04b99bae22a92d09,2026-07-24T13:15:56.864Z
6a6365d504b99bae22a92d0a,2026-07-24T13:17:11.669Z
6a63688b8a1e7cb1ede74277,2026-07-24T13:28:43.777Z
6a636bf306ddcf692526dbe5,2026-07-24T13:43:20.567Z
6a6370ff04b99bae22a92d0b,2026-07-24T14:04:49.287Z
6a6375cf06ddcf692526dbe6,2026-07-24T14:25:21.385Z
6a63780e06ddcf692526dbe8,2026-07-24T14:34:56.485Z
6a63784104b99bae22a92d0c,2026-07-24T14:35:46.787Z
6a637ac404b99bae22a92d0d,2026-07-24T14:46:30.188Z
6a637eb406ddcf692526dbea,2026-07-24T15:03:18.453Z
6a63843f04b99bae22a92d0e,2026-07-24T15:26:57.385Z
6a63845004b99bae22a92d0f,2026-07-24T15:27:13.888Z
6a63862104b99bae22a92d10,2026-07-24T15:34:59.696Z
6a63874ce552395d03ab01fd,2026-07-24T15:39:58.655Z
6a63875b04b99bae22a92d11,2026-07-24T15:40:13.539Z
6a6387e406ddcf692526dbec,2026-07-24T15:42:30.896Z
6a63881304b99bae22a92d12,2026-07-24T15:43:17.655Z
6a638b3a04b99bae22a92d13,2026-07-24T15:56:44.332Z
6a638d5e06ddcf692526dbed,2026-07-24T16:05:51.877Z
6a638e1e04b99bae22a92d14,2026-07-24T16:09:04.345Z
6a638ed706ddcf692526dbee,2026-07-24T16:12:09.550Z
6a638fc506ddcf692526dbef,2026-07-24T16:16:06.934Z
6a6390d704b99bae22a92d15,2026-07-24T16:20:41.663Z
6a63917406ddcf692526dbf0,2026-07-24T16:23:18.357Z
6a6394f504b99bae22a92d16,2026-07-24T16:38:15.115Z
6a6398ad06ddcf692526dbf1,2026-07-24T16:54:10.045Z
6a6399c504b99bae22a92d17,2026-07-24T16:58:47.041Z
6a639a4406ddcf692526dbf2,2026-07-24T17:00:53.918Z
6a639aa506ddcf692526dbf3,2026-07-24T17:02:30.944Z
6a639b0604b99bae22a92d18,2026-07-24T17:04:08.544Z
6a639b6906ddcf692526dbf4,2026-07-24T17:05:47.398Z
6a639ba506ddcf692526dbf5,2026-07-24T17:06:47.047Z
6a639bd306ddcf692526dbf6,2026-07-24T17:07:32.769Z
6a639c2d06ddcf692526dbf7,2026-07-24T17:09:03.455Z
6a639c9004b99bae22a92d19,2026-07-24T17:10:41.832Z
6a639ce204b99bae22a92d1a,2026-07-24T17:12:03.930Z
6a639d2b04b99bae22a92d1b,2026-07-24T17:13:16.949Z
6a639d7e06ddcf692526dbf8,2026-07-24T17:14:40.909Z
6a639dcc04b99bae22a92d1c,2026-07-24T17:15:58.638Z
6a639e1d06ddcf692526dbf9,2026-07-24T17:17:19.546Z
6a63a0e006ddcf692526dbfa,2026-07-24T17:29:06.417Z
6a63a30c06ddcf692526dbfb,2026-07-24T17:38:22.096Z
6a63ad9a04b99bae22a92d1d,2026-07-24T18:23:24.613Z
6a63aedc04b99bae22a92d1e,2026-07-24T18:28:46.732Z
6a63b04d06ddcf692526dbfc,2026-07-24T18:34:55.697Z
6a63b08a04b99bae22a92d1f,2026-07-24T18:35:56.593Z
6a63b0d704b99bae22a92d20,2026-07-24T18:37:13.109Z
6a63b28506ddcf692526dbfd,2026-07-24T18:44:23.249Z
6a63b37006ddcf692526dbfe,2026-07-24T18:48:18.477Z
6a63b42c06ddcf692526dbff,2026-07-24T18:51:26.504Z
6a63b43606ddcf692526dc00,2026-07-24T18:51:36.523Z
6a63b72306ddcf692526dc01,2026-07-24T19:04:05.727Z
6a63b7bf06ddcf692526dc02,2026-07-24T19:06:41.502Z
6a63bc2f06ddcf692526dc04,2026-07-24T19:25:40.098Z
6a63c01204b99bae22a92d21,2026-07-24T19:42:15.570Z
6a63c07304b99bae22a92d22,2026-07-24T19:43:49.001Z
6a63c0e406ddcf692526dc05,2026-07-24T19:45:43.168Z
6a63c2a806ddcf692526dc06,2026-07-24T19:53:13.959Z
6a63c31904b99bae22a92d23,2026-07-24T19:55:07.336Z
6a63c56004b99bae22a92d25,2026-07-24T20:04:50.351Z
6a63c6d306ddcf692526dc07,2026-07-24T20:11:01.806Z
6a63c8d806ddcf692526dc08,2026-07-24T20:19:38.864Z
6a63c9c806ddcf692526dc0a,2026-07-24T20:23:38.519Z
6a63ca5904b99bae22a92d26,2026-07-24T20:26:03.738Z
6a63cb6804b99bae22a92d27,2026-07-24T20:30:34.293Z
6a63ce9206ddcf692526dc0b,2026-07-24T20:44:04.747Z
6a63cee404b99bae22a92d29,2026-07-24T20:45:26.712Z
6a63d29206ddcf692526dc0d,2026-07-24T21:01:08.832Z
6a63d33204b99bae22a92d2a,2026-07-24T21:03:49.070Z
6a63d50704b99bae22a92d2c,2026-07-24T21:11:37.048Z
6a63dd3406ddcf692526dc0e,2026-07-24T21:46:29.691Z
6a63ddb804b99bae22a92d2d,2026-07-24T21:48:42.601Z
6a63dfd106ddcf692526dc10,2026-07-24T21:57:39.555Z
6a63e17904b99bae22a92d2e,2026-07-24T22:04:43.497Z
6a63e36206ddcf692526dc11,2026-07-24T22:12:51.931Z
6a63e4de04b99bae22a92d2f,2026-07-24T22:19:13.460Z
6a63e5e404b99bae22a92d30,2026-07-24T22:23:35.008Z
6a63e63d06ddcf692526dc14,2026-07-24T22:25:03.279Z
6a63ead304b99bae22a92d31,2026-07-24T22:44:37.872Z
6a63ec6704b99bae22a92d32,2026-07-24T22:51:21.546Z
6a63f35004b99bae22a92d33,2026-07-24T23:20:50.903Z
6a63f77d04b99bae22a92d34,2026-07-24T23:38:38.582Z
6a63f79106ddcf692526dc15,2026-07-24T23:38:59.396Z
6a63fb3604b99bae22a92d35,2026-07-24T23:54:32.187Z
6a63fd0104b99bae22a92d36,2026-07-25T00:02:11.691Z
6a64020e04b99bae22a92d37,2026-07-25T00:23:44.778Z
6a64029504b99bae22a92d38,2026-07-25T00:25:59.802Z
6a64051506ddcf692526dc18,2026-07-25T00:36:38.867Z
6a64088a04b99bae22a92d39,2026-07-25T00:51:24.454Z
6a6409b604b99bae22a92d3a,2026-07-25T00:56:24.927Z
6a640c5906ddcf692526dc1a,2026-07-25T01:07:39.686Z
6a640e0906ddcf692526dc1b,2026-07-25T01:14:51.877Z
6a6416aa06ddcf692526dc1c,2026-07-25T01:51:43.545Z
6a6416da04b99bae22a92d3c,2026-07-25T01:52:28.048Z
6a641a9004b99bae22a92d3d,2026-07-25T02:08:17.814Z
6a641cb906ddcf692526dc1d,2026-07-25T02:17:31.118Z
6a641e2504b99bae22a92d3e,2026-07-25T02:23:35.309Z
6a641f0704b99bae22a92d3f,2026-07-25T02:27:21.432Z
6a641f5604b99bae22a92d40,2026-07-25T02:28:43.153Z
6a64212a04b99bae22a92d41,2026-07-25T02:36:28.755Z
6a6423af04b99bae22a92d42,2026-07-25T02:47:13.042Z
6a6434d804b99bae22a92d43,2026-07-25T04:00:28.264Z
6a6437f306ddcf692526dc1e,2026-07-25T04:13:41.468Z
6a6439bd06ddcf692526dc1f,2026-07-25T04:21:19.155Z
6a64425d06ddcf692526dc20,2026-07-25T04:58:06.870Z
6a64430504b99bae22a92d45,2026-07-25T05:00:55.190Z
6a64437004b99bae22a92d46,2026-07-25T05:02:42.600Z
6a6443cf04b99bae22a92d47,2026-07-25T05:04:17.640Z
6a64441f04b99bae22a92d48,2026-07-25T05:05:37.365Z
6a64442f04b99bae22a92d49,2026-07-25T05:05:53.109Z
6a64449104b99bae22a92d4a,2026-07-25T05:07:31.288Z
6a6444ef04b99bae22a92d4b,2026-07-25T05:09:05.005Z
6a64454304b99bae22a92d4c,2026-07-25T05:10:29.558Z
6a64459104b99bae22a92d4d,2026-07-25T05:11:47.090Z
6a6445dd04b99bae22a92d4e,2026-07-25T05:13:03.783Z
6a64462704b99bae22a92d4f,2026-07-25T05:14:17.062Z
6a64467504b99bae22a92d50,2026-07-25T05:15:35.726Z
6a6446af04b99bae22a92d51,2026-07-25T05:16:33.487Z
6a6446c304b99bae22a92d52,2026-07-25T05:16:53.066Z
6a644cc604b99bae22a92d53,2026-07-25T05:42:32.468Z
6a645a7c04b99bae22a92d54,2026-07-25T06:41:03.706Z
6a645f6504b99bae22a92d55,2026-07-25T07:01:59.323Z
6a646071e74af7870f6d03ae,2026-07-25T07:06:27.338Z
6a646369e74af7870f6d03af,2026-07-25T07:19:06.989Z
6a6467be04b99bae22a92d57,2026-07-25T07:37:39.576Z
6a646b4604b99bae22a92d58,2026-07-25T07:52:39.928Z
6a646cd6e74af7870f6d03b1,2026-07-25T07:59:20.567Z
6a646dd1e74af7870f6d03b2,2026-07-25T08:03:31.153Z
6a64746ae74af7870f6d03b3,2026-07-25T08:31:40.068Z
6a647534e74af7870f6d03b4,2026-07-25T08:35:02.428Z
6a647b45e74af7870f6d03b5,2026-07-25T09:00:55.612Z
6a647b83e74af7870f6d03b6,2026-07-25T09:01:57.833Z
6a647ba404b99bae22a92d5c,2026-07-25T09:02:30.489Z
6a647c01e74af7870f6d03b7,2026-07-25T09:04:02.998Z
6a647c6304b99bae22a92d5d,2026-07-25T09:05:40.938Z
6a647cbc04b99bae22a92d5e,2026-07-25T09:07:10.704Z
6a647d1504b99bae22a92d5f,2026-07-25T09:08:39.385Z
6a647d2104b99bae22a92d60,2026-07-25T09:08:51.320Z
6a647d6e04b99bae22a92d61,2026-07-25T09:10:08.574Z
6a647dc504b99bae22a92d62,2026-07-25T09:11:34.836Z
6a647e0c04b99bae22a92d63,2026-07-25T09:12:46.337Z
6a647e5804b99bae22a92d64,2026-07-25T09:14:02.259Z
6a647ea5e74af7870f6d03b8,2026-07-25T09:15:19.157Z
6a647ef3e74af7870f6d03b9,2026-07-25T09:16:37.430Z
6a648be104b99bae22a92d65,2026-07-25T10:11:47.206Z
6a649151e74af7870f6d03bb,2026-07-25T10:34:59.086Z
6a64918804b99bae22a92d66,2026-07-25T10:35:57.275Z
6a6491fb04b99bae22a92d67,2026-07-25T10:37:49.267Z
6a64974804b99bae22a92d68,2026-07-25T11:00:26.568Z
6a6498f404b99bae22a92d69,2026-07-25T11:07:34.868Z
6a6499d704b99bae22a92d6a,2026-07-25T11:11:21.071Z
6a649d74e74af7870f6d03bc,2026-07-25T11:26:47.027Z
6a649ee804b99bae22a92d6b,2026-07-25T11:32:58.293Z
6a64a2e7e74af7870f6d03be,2026-07-25T11:50:01.586Z
6a64a411e74af7870f6d03bf,2026-07-25T11:54:58.833Z
6a64a81f04b99bae22a92d6d,2026-07-25T12:12:16.830Z
6a64a9ac04b99bae22a92d6e,2026-07-25T12:18:54.994Z
6a64aa2ee74af7870f6d03c0,2026-07-25T12:21:06.804Z
6a64ac7be74af7870f6d03c1,2026-07-25T12:30:53.703Z
6a64b38504b99bae22a92d70,2026-07-25T13:00:55.563Z
6a64b3cd04b99bae22a92d71,2026-07-25T13:02:06.852Z
6a64b3e8e74af7870f6d03c2,2026-07-25T13:02:34.040Z
6a64b44b04b99bae22a92d72,2026-07-25T13:04:13.362Z
6a64b4ade74af7870f6d03c3,2026-07-25T13:05:51.710Z
6a64b4b804b99bae22a92d73,2026-07-25T13:06:03.094Z
6a64b51004b99bae22a92d74,2026-07-25T13:07:30.498Z
6a64b56e04b99bae22a92d75,2026-07-25T13:09:04.485Z
6a64b5c4e74af7870f6d03c5,2026-07-25T13:10:30.114Z
6a64b5fe04b99bae22a92d76,2026-07-25T13:11:28.489Z
6a64b610e74af7870f6d03c6,2026-07-25T13:11:45.997Z
6a64b65e04b99bae22a92d77,2026-07-25T13:13:04.431Z
6a64b6abe74af7870f6d03c7,2026-07-25T13:14:21.700Z
6a64b6f704b99bae22a92d78,2026-07-25T13:15:36.831Z
6a64b743e74af7870f6d03c8,2026-07-25T13:16:52.730Z
6a64b97004b99bae22a92d79,2026-07-25T13:26:10.973Z
6a64c22404b99bae22a92d7a,2026-07-25T14:03:18.295Z
6a64c2cae74af7870f6d03c9,2026-07-25T14:06:03.769Z
6a64c37ee74af7870f6d03ca,2026-07-25T14:09:04.228Z
6a64c40204b99bae22a92d7b,2026-07-25T14:11:16.145Z
6a64c47c04b99bae22a92d7c,2026-07-25T14:13:21.125Z
6a64c4e3e74af7870f6d03cc,2026-07-25T14:15:02.637Z
6a64c55fe74af7870f6d03cd,2026-07-25T14:17:05.104Z
6a64c89804b99bae22a92d7d,2026-07-25T14:30:50.176Z
6a64c90be74af7870f6d03ce,2026-07-25T14:32:45.295Z
6a64cc0de74af7870f6d03cf,2026-07-25T14:45:35.790Z
6a64ccfce74af7870f6d03d0,2026-07-25T14:49:35.473Z
6a64d111e74af7870f6d03d1,2026-07-25T15:07:00.094Z
6a64d1e1e74af7870f6d03d2,2026-07-25T15:10:27.306Z
6a64d37b04b99bae22a92d7f,2026-07-25T15:17:17.056Z
6a64d51104b99bae22a92d80,2026-07-25T15:24:03.040Z
6a64d88704b99bae22a92d81,2026-07-25T15:38:49.298Z
6a64d91504b99bae22a92d82,2026-07-25T15:41:11.199Z
6a64db1904b99bae22a92d83,2026-07-25T15:49:47.092Z
6a64de1e04b99bae22a92d84,2026-07-25T16:02:40.132Z
6a64df9b04b99bae22a92d85,2026-07-25T16:09:01.642Z
6a64e0b5e74af7870f6d03d4,2026-07-25T16:13:43.947Z
6a64e0e3e74af7870f6d03d5,2026-07-25T16:14:29.116Z
6a64e20004b99bae22a92d86,2026-07-25T16:19:14.179Z
6a64e288e74af7870f6d03d7,2026-07-25T16:21:30.121Z
6a64e2fee74af7870f6d03d8,2026-07-25T16:23:28.501Z
6a64e3cae74af7870f6d03d9,2026-07-25T16:26:52Z
6a64e6a204b99bae22a92d89,2026-07-25T16:39:00.219Z
6a64e792e74af7870f6d03da,2026-07-25T16:43:01.524Z
6a64eb6fe74af7870f6d03db,2026-07-25T16:59:29.959Z
6a64ebc8e74af7870f6d03dc,2026-07-25T17:00:58.685Z
6a64ebf0e74af7870f6d03dd,2026-07-25T17:01:40.328Z
6a64ec2be74af7870f6d03de,2026-07-25T17:02:36.935Z
6a64ec8a04b99bae22a92d8a,2026-07-25T17:04:12.683Z
6a64eceae74af7870f6d03df,2026-07-25T17:05:47.508Z
6a64ed4be74af7870f6d03e0,2026-07-25T17:07:25.339Z
6a64eda804b99bae22a92d8b,2026-07-25T17:08:57.940Z
6a64ee0304b99bae22a92d8c,2026-07-25T17:10:28.963Z
6a64ee0404b99bae22a92d8d,2026-07-25T17:10:29.840Z
6a64ee53e74af7870f6d03e1,2026-07-25T17:11:49.530Z
6a64eea6e74af7870f6d03e2,2026-07-25T17:13:12.356Z
6a64eee0e74af7870f6d03e3,2026-07-25T17:14:10.390Z
6a64eefae74af7870f6d03e4,2026-07-25T17:14:35.802Z
6a64ef4de74af7870f6d03e5,2026-07-25T17:15:59.151Z
6a64ef9ce74af7870f6d03e6,2026-07-25T17:17:17.605Z
6a64f07ee74af7870f6d03e7,2026-07-25T17:21:04.185Z
6a64f19004b99bae22a92d8e,2026-07-25T17:25:40.580Z
6a64f46ee74af7870f6d03ec,2026-07-25T17:37:52.557Z
6a64f526e74af7870f6d03ed,2026-07-25T17:40:56.254Z
6a64f73404b99bae22a92d90,2026-07-25T17:49:42.492Z
6a64f740e74af7870f6d03f0,2026-07-25T17:49:54.729Z
6a64f7f4e74af7870f6d03f1,2026-07-25T17:52:53.825Z
6a64f86b04b99bae22a92d91,2026-07-25T17:54:52.789Z
6a64f8a7e74af7870f6d03f2,2026-07-25T17:55:52.816Z
6a64fa4304b99bae22a92d92,2026-07-25T18:02:47.861Z
6a64fdf9e74af7870f6d03f3,2026-07-25T18:18:35.577Z
6a64fe0204b99bae22a92d93,2026-07-25T18:18:44.767Z
6a65025704b99bae22a92d94,2026-07-25T18:37:13.131Z
6a6505cd04b99bae22a92d95,2026-07-25T18:51:59.024Z
6a650c0704b99bae22a92d96,2026-07-25T19:18:33.655Z
6a650c1d04b99bae22a92d97,2026-07-25T19:18:55.141Z
6a65111fe74af7870f6d03f5,2026-07-25T19:40:17.503Z
6a651487e74af7870f6d03f6,2026-07-25T19:54:48.904Z
6a6518de04b99bae22a92d98,2026-07-25T20:13:20.004Z
6a651cee04b99bae22a92d9a,2026-07-25T20:30:40.257Z
6a6520d704b99bae22a92d9b,2026-07-25T20:47:21.188Z
6a65223de74af7870f6d03f7,2026-07-25T20:53:19.016Z
6a6523f004b99bae22a92d9c,2026-07-25T21:00:34.373Z
6a6524f3e74af7870f6d03f9,2026-07-25T21:04:53.048Z
6a65259904b99bae22a92d9f,2026-07-25T21:07:41.586Z
6a65270e04b99bae22a92da0,2026-07-25T21:13:52.011Z
6a65285004b99bae22a92da1,2026-07-25T21:19:14.771Z
6a652a4b04b99bae22a92da3,2026-07-25T21:27:41.939Z
6a652a9be74af7870f6d03fa,2026-07-25T21:29:01.092Z
6a652d62e74af7870f6d03fb,2026-07-25T21:40:52.173Z
6a652ebb04b99bae22a92da6,2026-07-25T21:46:37.050Z
6a65306e04b99bae22a92da7,2026-07-25T21:53:51.928Z
6a653218e74af7870f6d03fe,2026-07-25T22:00:58.087Z
6a6535bee74af7870f6d03ff,2026-07-25T22:16:31.964Z
6a65399904b99bae22a92da8,2026-07-25T22:32:58.786Z
6a653c8104b99bae22a92da9,2026-07-25T22:45:23.509Z
6a653f0704b99bae22a92daa,2026-07-25T22:56:09.210Z
6a653fa5e74af7870f6d0401,2026-07-25T22:58:47.224Z
6a654048e74af7870f6d0402,2026-07-25T23:01:29.854Z
6a6543bde74af7870f6d0403,2026-07-25T23:16:15.141Z
6a6544fe04b99bae22a92dab,2026-07-25T23:21:36.596Z
6a654583e74af7870f6d0404,2026-07-25T23:23:49.234Z
6a6546aae74af7870f6d0405,2026-07-25T23:28:43.913Z
6a654997e74af7870f6d0406,2026-07-25T23:41:13.644Z
6a654a1904b99bae22a92dad,2026-07-25T23:43:23.595Z
6a654f7ce74af7870f6d0407,2026-07-26T00:06:23.729Z
6a6550e3e74af7870f6d0408,2026-07-26T00:12:21.157Z
6a6556db04b99bae22a92dae,2026-07-26T00:37:52.576Z
6a655bf8e74af7870f6d0409,2026-07-26T00:59:38.222Z
6a655cafe74af7870f6d040a,2026-07-26T01:02:41.686Z
6a6563ece74af7870f6d040b,2026-07-26T01:33:33.981Z
6a65646d04b99bae22a92db0,2026-07-26T01:35:43.833Z
6a65665ae74af7870f6d040d,2026-07-26T01:43:56.005Z
6a656806e74af7870f6d040e,2026-07-26T01:51:04.188Z
6a656f5404b99bae22a92db2,2026-07-26T02:22:14.478Z
6a657143e74af7870f6d0410,2026-07-26T02:30:29.790Z
6a6572e404b99bae22a92db3,2026-07-26T02:37:26.655Z
6a65734304b99bae22a92db4,2026-07-26T02:39:01.477Z
6a65764e04b99bae22a92db5,2026-07-26T02:52:00.766Z
6a657bb9e74af7870f6d0412,2026-07-26T03:15:07.176Z
6a658179e74af7870f6d0413,2026-07-26T03:39:38.753Z
6a65858604b99bae22a92db6,2026-07-26T03:56:56.657Z
6a6586d7e74af7870f6d0415,2026-07-26T04:02:33.646Z
6a658991e74af7870f6d0416,2026-07-26T04:14:11.733Z
6a658ba4e74af7870f6d0417,2026-07-26T04:23:03.147Z
6a6590f104b99bae22a92db7,2026-07-26T04:45:42.035Z
6a6591e5e74af7870f6d0418,2026-07-26T04:49:45.659Z
6a6593a804b99bae22a92db8,2026-07-26T04:57:14.673Z
6a65948b04b99bae22a92db9,2026-07-26T05:01:01.538Z
6a6594e9e74af7870f6d0419,2026-07-26T05:02:35.535Z
6a659549e74af7870f6d041a,2026-07-26T05:04:11.890Z
6a6595ade74af7870f6d041b,2026-07-26T05:05:51.678Z
6a65960f04b99bae22a92dba,2026-07-26T05:07:29.925Z
6a65962f04b99bae22a92dbb,2026-07-26T05:08:01.018Z
6a65964fe74af7870f6d041c,2026-07-26T05:08:35.183Z
6a65966d04b99bae22a92dbc,2026-07-26T05:09:03.150Z
6a6596c7e74af7870f6d041d,2026-07-26T05:10:33.037Z
6a659711e74af7870f6d041e,2026-07-26T05:11:47.276Z
6a659768e74af7870f6d041f,2026-07-26T05:13:14.587Z
6a6597b604b99bae22a92dbd,2026-07-26T05:14:32.629Z
6a65980804b99bae22a92dbe,2026-07-26T05:15:54.754Z
6a65985404b99bae22a92dbf,2026-07-26T05:17:10.042Z
6a659b2c04b99bae22a92dc0,2026-07-26T05:29:17.730Z
6a659b6604b99bae22a92dc1,2026-07-26T05:30:16.218Z
6a659d1ee74af7870f6d0421,2026-07-26T05:37:36.700Z
6a65a06c04b99bae22a92dc2,2026-07-26T05:51:42.633Z
6a65a79ae74af7870f6d0422,2026-07-26T06:22:23.389Z
6a65af9a04b99bae22a92dc3,2026-07-26T06:56:28.487Z
6a65b08ae74af7870f6d0423,2026-07-26T07:00:29.156Z
6a65b0abe74af7870f6d0424,2026-07-26T07:01:01.804Z
6a65b10ae74af7870f6d0425,2026-07-26T07:02:36.546Z
6a65b12104b99bae22a92dc4,2026-07-26T07:02:59.813Z
6a65b52604b99bae22a92dc5,2026-07-26T07:20:08.423Z
6a65b9ade74af7870f6d0427,2026-07-26T07:39:27.428Z
6a65c655e74af7870f6d0429,2026-07-26T08:33:27.329Z
6a65c6cc04b99bae22a92dc7,2026-07-26T08:35:26.927Z
6a65cc7de74af7870f6d042b,2026-07-26T08:59:43.141Z
6a65ccc6e74af7870f6d042c,2026-07-26T09:00:56.452Z
6a65cd34e74af7870f6d042d,2026-07-26T09:02:46.421Z
6a65cd5404b99bae22a92dc8,2026-07-26T09:03:17.970Z
6a65cd97e74af7870f6d042e,2026-07-26T09:04:24.928Z
6a65cdf6e74af7870f6d042f,2026-07-26T09:06:00.537Z
6a65ce57e74af7870f6d0430,2026-07-26T09:07:37.874Z
6a65ceb6e74af7870f6d0431,2026-07-26T09:09:12.289Z
6a65cf0804b99bae22a92dc9,2026-07-26T09:10:34.709Z
6a65cf5504b99bae22a92dca,2026-07-26T09:11:51.052Z
6a65cfa2e74af7870f6d0432,2026-07-26T09:13:07.555Z
6a65cff204b99bae22a92dcb,2026-07-26T09:14:28.039Z
6a65d03d04b99bae22a92dcc,2026-07-26T09:15:43.585Z
6a65d08ae74af7870f6d0433,2026-07-26T09:17:00.343Z
6a65d98604b99bae22a92dce,2026-07-26T09:55:19.798Z
6a65df3904b99bae22a92dcf,2026-07-26T10:19:41.783Z
6a65e14904b99bae22a92dd0,2026-07-26T10:28:27.312Z
6a65e24604b99bae22a92dd1,2026-07-26T10:32:40.792Z
6a65e2e0e74af7870f6d0434,2026-07-26T10:35:15.289Z
6a65e60404b99bae22a92dd3,2026-07-26T10:48:38.352Z
6a65e6b604b99bae22a92dd4,2026-07-26T10:51:35.712Z
6a65e8d0e74af7870f6d0437,2026-07-26T11:00:34.408Z
6a65e986e74af7870f6d0438,2026-07-26T11:03:36.029Z
6a65eb1c04b99bae22a92dd5,2026-07-26T11:10:21.952Z
6a65ecb104b99bae22a92dd6,2026-07-26T11:17:07.357Z
6a65f0fce74af7870f6d0439,2026-07-26T11:35:26.339Z
6a65f7b6e74af7870f6d043a,2026-07-26T12:04:08.044Z
6a65f81404b99bae22a92dd7,2026-07-26T12:05:42.358Z
6a66006e04b99bae22a92dd8,2026-07-26T12:41:20.260Z
6a66017104b99bae22a92dd9,2026-07-26T12:45:39.684Z
6a66033004b99bae22a92dda,2026-07-26T12:53:06.212Z
6a660508e74af7870f6d043c,2026-07-26T13:00:58.479Z
6a660567e74af7870f6d043d,2026-07-26T13:02:33.537Z
6a6605c7e74af7870f6d043e,2026-07-26T13:04:08.930Z
6a660628e74af7870f6d0440,2026-07-26T13:05:45.997Z
6a66068ce74af7870f6d0441,2026-07-26T13:07:26.363Z
6a6606ea04b99bae22a92ddb,2026-07-26T13:08:59.676Z
6a66074704b99bae22a92ddc,2026-07-26T13:10:33.285Z
6a66079a04b99bae22a92ddd,2026-07-26T13:11:56.131Z
6a6607df04b99bae22a92dde,2026-07-26T13:13:05.768Z
6a6607ea04b99bae22a92ddf,2026-07-26T13:13:15.762Z
6a66082904b99bae22a92de0,2026-07-26T13:14:19.646Z
6a66085ee74af7870f6d0442,2026-07-26T13:15:12.864Z
6a660877e74af7870f6d0443,2026-07-26T13:15:37.715Z
6a66088e04b99bae22a92de1,2026-07-26T13:16:00.047Z
6a6608c5e74af7870f6d0444,2026-07-26T13:16:55.448Z
6a660a3904b99bae22a92de2,2026-07-26T13:23:07.684Z
6a660a80e74af7870f6d0445,2026-07-26T13:24:18.301Z
6a660cdce74af7870f6d0446,2026-07-26T13:34:23.303Z
6a660f2c04b99bae22a92de5,2026-07-26T13:44:14.299Z
6a660fe0e74af7870f6d0447,2026-07-26T13:47:14.406Z
6a6611c004b99bae22a92de6,2026-07-26T13:55:14.670Z
6a661337e74af7870f6d0448,2026-07-26T14:01:28.893Z
6a66135ce74af7870f6d0449,2026-07-26T14:02:05.965Z
6a66153a04b99bae22a92de7,2026-07-26T14:10:04.973Z
6a66180ee74af7870f6d044a,2026-07-26T14:22:08.658Z
6a661856e74af7870f6d044b,2026-07-26T14:23:19.882Z
6a6618e9e74af7870f6d044c,2026-07-26T14:25:47.429Z
6a6619bae74af7870f6d044d,2026-07-26T14:29:17.141Z
6a6619fce74af7870f6d044e,2026-07-26T14:30:22.928Z
6a661a5a04b99bae22a92de8,2026-07-26T14:31:55.625Z
6a661f1ee74af7870f6d044f,2026-07-26T14:52:16.120Z
6a6621f5e74af7870f6d0450,2026-07-26T15:04:23.705Z
6a66262c04b99bae22a92de9,2026-07-26T15:22:23.284Z
6a66289804b99bae22a92dea,2026-07-26T15:32:41.850Z
6a66290f04b99bae22a92deb,2026-07-26T15:34:41.507Z
6a6629a104b99bae22a92dec,2026-07-26T15:37:07.612Z
6a662cb304b99bae22a92ded,2026-07-26T15:50:13.837Z
6a662e8004b99bae22a92dee,2026-07-26T15:57:54.481Z
6a662f9004b99bae22a92df0,2026-07-26T16:02:26.455Z
6a662f9c04b99bae22a92df1,2026-07-26T16:02:40.615Z
6a66312c04b99bae22a92df2,2026-07-26T16:09:17.958Z
6a66324404b99bae22a92df3,2026-07-26T16:13:58.852Z
6a66329a04b99bae22a92df4,2026-07-26T16:15:27.121Z
6a6635b304b99bae22a92df5,2026-07-26T16:28:38.342Z
6a66381304b99bae22a92df6,2026-07-26T16:38:44.823Z
6a663947e74af7870f6d0453,2026-07-26T16:43:53.748Z
6a663c1b04b99bae22a92df7,2026-07-26T16:55:56.722Z
6a663d4804b99bae22a92df8,2026-07-26T17:00:58.610Z
6a663db3e74af7870f6d0454,2026-07-26T17:02:45.266Z
6a663e1204b99bae22a92df9,2026-07-26T17:04:20.441Z
6a663e75e74af7870f6d0455,2026-07-26T17:05:59.324Z
6a663ed304b99bae22a92dfa,2026-07-26T17:07:33.874Z
6a663f3304b99bae22a92dfb,2026-07-26T17:09:09.091Z
6a663f9004b99bae22a92dfd,2026-07-26T17:10:42.632Z
6a663fdc04b99bae22a92dfe,2026-07-26T17:11:58.234Z
6a66402704b99bae22a92dff,2026-07-26T17:13:13.203Z
6a664074e74af7870f6d0457,2026-07-26T17:14:30.179Z
6a6640c4e74af7870f6d0458,2026-07-26T17:15:50.281Z
6a6640fb04b99bae22a92e00,2026-07-26T17:16:45.239Z
6a664111e74af7870f6d0459,2026-07-26T17:17:07.331Z
6a6645c0e74af7870f6d045a,2026-07-26T17:37:06.043Z
6a664812e74af7870f6d045b,2026-07-26T17:47:00.599Z
6a6649d1e74af7870f6d045c,2026-07-26T17:54:27.618Z
6a664b5604b99bae22a92e03,2026-07-26T18:00:56.581Z
6a664bc504b99bae22a92e04,2026-07-26T18:02:47.861Z
6a664c5404b99bae22a92e05,2026-07-26T18:05:10.388Z
6a664c7a04b99bae22a92e06,2026-07-26T18:05:48.516Z
6a665465e74af7870f6d0460,2026-07-26T18:39:35.883Z
6a66548e04b99bae22a92e07,2026-07-26T18:40:16.087Z
6a6656ece74af7870f6d0461,2026-07-26T18:50:21.962Z
6a665b6be74af7870f6d0462,2026-07-26T19:09:32.992Z
6a665e7e04b99bae22a92e0b,2026-07-26T19:22:40.335Z
6a665e96e74af7870f6d0464,2026-07-26T19:23:03.595Z
6a666361e74af7870f6d0466,2026-07-26T19:43:31.140Z
6a6666f704b99bae22a92e0c,2026-07-26T19:58:50.649Z
6a666749e74af7870f6d0469,2026-07-26T20:00:11.867Z
6a666868e74af7870f6d046a,2026-07-26T20:04:58.625Z
6a66692904b99bae22a92e0d,2026-07-26T20:08:11.466Z
6a667062e74af7870f6d046b,2026-07-26T20:39:00.565Z
6a667399e74af7870f6d046c,2026-07-26T20:52:43.784Z
6a66754e04b99bae22a92e0e,2026-07-26T21:00:02.509Z
6a66760f04b99bae22a92e0f,2026-07-26T21:03:13.079Z
6a667cae04b99bae22a92e10,2026-07-26T21:31:28.331Z
6a667e6a04b99bae22a92e11,2026-07-26T21:38:53.136Z
6a668278e74af7870f6d046e,2026-07-26T21:56:10.722Z
6a66828404b99bae22a92e13,2026-07-26T21:56:22.442Z
6a668318e74af7870f6d046f,2026-07-26T21:58:53.301Z
6a6684ff04b99bae22a92e14,2026-07-26T22:06:56.904Z
6a668748e74af7870f6d0471,2026-07-26T22:16:42.557Z
6a6687ba04b99bae22a92e16,2026-07-26T22:18:35.898Z
6a668a7e04b99bae22a92e17,2026-07-26T22:30:24.513Z
6a668cb1e74af7870f6d0472,2026-07-26T22:39:47.402Z
6a669183e74af7870f6d0474,2026-07-26T23:00:23.872Z
6a66928de74af7870f6d0475,2026-07-26T23:04:47.801Z
6a66931ce74af7870f6d0476,2026-07-26T23:07:10.645Z
6a6698d1e74af7870f6d0477,2026-07-26T23:31:31.406Z
6a6699fde74af7870f6d0478,2026-07-26T23:36:31.321Z
6a669c99e74af7870f6d047a,2026-07-26T23:47:39.018Z
6a66a1bce74af7870f6d047b,2026-07-27T00:09:34.159Z
6a66a768e74af7870f6d047c,2026-07-27T00:33:48.841Z
6a66a9d904b99bae22a92e19,2026-07-27T00:44:11.125Z
6a66aa7d04b99bae22a92e1a,2026-07-27T00:46:55.969Z
6a66acce04b99bae22a92e1e,2026-07-27T00:56:48.463Z
6a66af6704b99bae22a92e1f,2026-07-27T01:07:53.380Z
6a66af9a04b99bae22a92e20,2026-07-27T01:08:44.474Z
6a66b11de74af7870f6d047f,2026-07-27T01:15:13.650Z
6a66b139e74af7870f6d0480,2026-07-27T01:15:39.220Z
6a66b48ee74af7870f6d0481,2026-07-27T01:29:52.981Z
6a66b541e74af7870f6d0482,2026-07-27T01:32:51.052Z
6a66b6a004b99bae22a92e21,2026-07-27T01:38:42.245Z
6a66b80d04b99bae22a92e22,2026-07-27T01:44:47.723Z
6a66b901e74af7870f6d0483,2026-07-27T01:48:50.947Z
6a66b96404b99bae22a92e23,2026-07-27T01:50:32.805Z
6a66bca7e74af7870f6d0484,2026-07-27T02:04:25.282Z
6a66c4bf04b99bae22a92e24,2026-07-27T02:38:57.684Z
6a66c6fa04b99bae22a92e25,2026-07-27T02:48:28.697Z
6a66ca54e74af7870f6d0485,2026-07-27T03:02:46.908Z
6a66d77904b99bae22a92e27,2026-07-27T03:58:50.716Z
6a66d8be04b99bae22a92e28,2026-07-27T04:04:16.163Z
6a66e61e04b99bae22a92e29,2026-07-27T05:01:20.454Z
6a66e68004b99bae22a92e2a,2026-07-27T05:02:58.046Z
6a66e6e104b99bae22a92e2b,2026-07-27T05:04:35.196Z
6a66e73ee74af7870f6d0486,2026-07-27T05:06:08.871Z
6a66e7a104b99bae22a92e2c,2026-07-27T05:07:47.506Z
6a66e803e74af7870f6d0487,2026-07-27T05:09:24.942Z
6a66e86604b99bae22a92e2d,2026-07-27T05:11:04.080Z
6a66e8b4e74af7870f6d0488,2026-07-27T05:12:22.127Z
6a66e90404b99bae22a92e2e,2026-07-27T05:13:42.723Z
6a66e953e74af7870f6d0489,2026-07-27T05:15:01.758Z
6a66e9a204b99bae22a92e2f,2026-07-27T05:16:20.354Z
6a66e9ee04b99bae22a92e30,2026-07-27T05:17:36.572Z
6a66ecc7e74af7870f6d048a,2026-07-27T05:29:44.955Z
6a66faa904b99bae22a92e32,2026-07-27T06:29:02.117Z
6a66fe9de74af7870f6d048b,2026-07-27T06:45:51.175Z
6a66fed6e74af7870f6d048c,2026-07-27T06:46:48.719Z
6a67009404b99bae22a92e33,2026-07-27T06:54:14.160Z
6a6701ee04b99bae22a92e34,2026-07-27T07:00:00.147Z
6a6703b1e74af7870f6d048d,2026-07-27T07:07:31.560Z
6a6703bfe74af7870f6d048e,2026-07-27T07:07:44.806Z
6a6703cf04b99bae22a92e35,2026-07-27T07:08:03.365Z
6a67053904b99bae22a92e37,2026-07-27T07:14:03.533Z
6a670a81e74af7870f6d048f,2026-07-27T07:36:35.406Z
6a670add04b99bae22a92e39,2026-07-27T07:38:07.226Z
6a670b2504b99bae22a92e3a,2026-07-27T07:39:19.647Z
6a670bda04b99bae22a92e3b,2026-07-27T07:42:19.934Z
6a670d72e74af7870f6d0490,2026-07-27T07:49:08.283Z
6a670fb004b99bae22a92e3c,2026-07-27T07:58:42.193Z
6a671191e74af7870f6d0492,2026-07-27T08:06:43.675Z
6a6712b0e74af7870f6d0493,2026-07-27T08:11:30.488Z
6a6715ace74af7870f6d0494,2026-07-27T08:24:14.486Z
6a6715d2e74af7870f6d0495,2026-07-27T08:24:52.070Z
6a6716a9e74af7870f6d0496,2026-07-27T08:28:27.787Z
6a6719c204b99bae22a92e3e,2026-07-27T08:41:39.914Z
6a671c2604b99bae22a92e3f,2026-07-27T08:51:52.352Z
6a671e53e74af7870f6d0497,2026-07-27T09:01:09.238Z
6a671ebce74af7870f6d0498,2026-07-27T09:02:54.378Z
6a671f1fe74af7870f6d0499,2026-07-27T09:04:33.582Z
6a671f87e74af7870f6d049a,2026-07-27T09:06:17.584Z
6a671fed04b99bae22a92e40,2026-07-27T09:07:59.428Z
6a67205204b99bae22a92e41,2026-07-27T09:09:40.356Z
6a6720afe74af7870f6d049b,2026-07-27T09:11:13.566Z
6a672105e74af7870f6d049c,2026-07-27T09:12:39.097Z
6a672151e74af7870f6d049d,2026-07-27T09:13:55.386Z
6a67219e04b99bae22a92e42,2026-07-27T09:15:12.724Z
6a6721ee04b99bae22a92e43,2026-07-27T09:16:32.566Z
6a67223ae74af7870f6d049e,2026-07-27T09:17:48.559Z
6a672755e74af7870f6d049f,2026-07-27T09:39:35.521Z
6a6727ace74af7870f6d04a0,2026-07-27T09:41:01.653Z
6a67280ce74af7870f6d04a1,2026-07-27T09:42:38.507Z
6a672bb304b99bae22a92e44,2026-07-27T09:58:12.744Z
6a672be3e74af7870f6d04a2,2026-07-27T09:59:01.758Z
6a672efa04b99bae22a92e45,2026-07-27T10:12:12.278Z
6a672fe7e74af7870f6d04a3,2026-07-27T10:16:09.092Z
6a67302404b99bae22a92e46,2026-07-27T10:17:10.716Z
6a673043e74af7870f6d04a5,2026-07-27T10:17:41.049Z
6a673277e74af7870f6d04a6,2026-07-27T10:27:04.887Z
6a6734c0e74af7870f6d04a7,2026-07-27T10:36:50.459Z
6a6735b504b99bae22a92e48,2026-07-27T10:40:54.901Z
6a67361604b99bae22a92e49,2026-07-27T10:42:31.774Z
6a673620e74af7870f6d04a8,2026-07-27T10:42:42.691Z
6a67395504b99bae22a92e4c,2026-07-27T10:56:23.348Z
6a67401604b99bae22a92e4d,2026-07-27T11:25:12.269Z
6a6741b604b99bae22a92e4e,2026-07-27T11:32:08.603Z
6a674202e74af7870f6d04aa,2026-07-27T11:33:24.838Z
6a6742b304b99bae22a92e4f,2026-07-27T11:36:21.499Z
6a6742e104b99bae22a92e50,2026-07-27T11:37:06.992Z
6a674489e74af7870f6d04ab,2026-07-27T11:44:12.008Z
6a6744f3e74af7870f6d04ac,2026-07-27T11:45:57.641Z
6a67458804b99bae22a92e51,2026-07-27T11:48:26.421Z
6a6745e904b99bae22a92e52,2026-07-27T11:50:06.792Z
6a6746cee74af7870f6d04ad,2026-07-27T11:53:51.831Z
6a674784e74af7870f6d04ae,2026-07-27T11:56:54.370Z
6a6747f0e74af7870f6d04af,2026-07-27T11:58:42.648Z
6a674a43e74af7870f6d04b0,2026-07-27T12:08:38.231Z
6a674a4ce74af7870f6d04b1,2026-07-27T12:08:46.614Z
6a674ec604b99bae22a92e54,2026-07-27T12:27:52.482Z
6a674f83e74af7870f6d04b2,2026-07-27T12:31:01.644Z
6a6750ca04b99bae22a92e55,2026-07-27T12:36:27.936Z
6a675186e74af7870f6d04b3,2026-07-27T12:39:36.098Z
6a6751ec04b99bae22a92e56,2026-07-27T12:41:18.168Z
6a675334e74af7870f6d04b4,2026-07-27T12:46:45.738Z
6a675346e74af7870f6d04b5,2026-07-27T12:47:10.027Z
6a675399e74af7870f6d04b6,2026-07-27T12:48:27.363Z
6a67551204b99bae22a92e59,2026-07-27T12:54:44.185Z
6a675569e74af7870f6d04b7,2026-07-27T12:56:11.759Z
6a67564304b99bae22a92e5a,2026-07-27T12:59:49.594Z
6a67566604b99bae22a92e5b,2026-07-27T13:00:23.975Z
6a67568ae74af7870f6d04b8,2026-07-27T13:01:00.293Z
6a6756e804b99bae22a92e5c,2026-07-27T13:02:34.206Z
6a6756ea04b99bae22a92e5d,2026-07-27T13:02:36.176Z
6a67574de74af7870f6d04b9,2026-07-27T13:04:15.002Z
6a6757b0e74af7870f6d04ba,2026-07-27T13:05:55.306Z
6a6757b804b99bae22a92e5e,2026-07-27T13:06:03.004Z
6a675811e74af7870f6d04bb,2026-07-27T13:07:31.425Z
6a67586de74af7870f6d04bc,2026-07-27T13:09:03.296Z
6a6758cde74af7870f6d04bd,2026-07-27T13:10:39.642Z
6a67591a04b99bae22a92e5f,2026-07-27T13:11:56.659Z
6a67596b04b99bae22a92e60,2026-07-27T13:13:17.113Z
6a6759bae74af7870f6d04be,2026-07-27T13:14:36.103Z
6a675a0ce74af7870f6d04bf,2026-07-27T13:15:58.480Z
6a675a5ae74af7870f6d04c0,2026-07-27T13:17:16.880Z
6a675a92e74af7870f6d04c1,2026-07-27T13:18:13.415Z
6a675aece74af7870f6d04c2,2026-07-27T13:19:42.702Z
6a675bc304b99bae22a92e61,2026-07-27T13:23:20.058Z
6a675df7e74af7870f6d04c3,2026-07-27T13:32:41.834Z
6a675eefe74af7870f6d04c4,2026-07-27T13:36:52.861Z
6a675f3704b99bae22a92e62,2026-07-27T13:38:01.581Z
6a675fb104b99bae22a92e63,2026-07-27T13:40:04.042Z
6a67606404b99bae22a92e64,2026-07-27T13:43:05.714Z
6a6760bf04b99bae22a92e65,2026-07-27T13:44:34.272Z
6a67644904b99bae22a92e66,2026-07-27T13:59:39.531Z
6a67657804b99bae22a92e67,2026-07-27T14:04:43.363Z
6a67666fe74af7870f6d04c5,2026-07-27T14:08:49.419Z
6a6766cae74af7870f6d04c6,2026-07-27T14:10:20.296Z
6a676742e74af7870f6d04c7,2026-07-27T14:12:19.773Z
6a6768b004b99bae22a92e69,2026-07-27T14:18:26.692Z
6a67692c04b99bae22a92e6a,2026-07-27T14:20:32.601Z
6a676aa604b99bae22a92e6b,2026-07-27T14:26:47.650Z
6a676aafe74af7870f6d04c9,2026-07-27T14:26:57.113Z
6a676cb0e74af7870f6d04ca,2026-07-27T14:35:31.534Z
6a67700c04b99bae22a92e6c,2026-07-27T14:49:50.185Z
6a677048e74af7870f6d04cb,2026-07-27T14:50:53.261Z
6a6774fee74af7870f6d04cc,2026-07-27T15:10:56.006Z
6a677596e74af7870f6d04cd,2026-07-27T15:13:28.418Z
6a6775f5e74af7870f6d04ce,2026-07-27T15:15:02.708Z
6a67766104b99bae22a92e6e,2026-07-27T15:16:52.609Z
6a677806e74af7870f6d04cf,2026-07-27T15:23:52.522Z
6a677b25e74af7870f6d04d0,2026-07-27T15:37:13.029Z
6a677c41e74af7870f6d04d1,2026-07-27T15:41:56.158Z
6a677d8104b99bae22a92e70,2026-07-27T15:47:15.536Z
6a677f1204b99bae22a92e71,2026-07-27T15:53:55.883Z
6a67800104b99bae22a92e72,2026-07-27T15:57:55.130Z
6a67829d04b99bae22a92e74,2026-07-27T16:09:03.593Z
6a6782b504b99bae22a92e75,2026-07-27T16:09:27.202Z
6a678312e74af7870f6d04d2,2026-07-27T16:11:01.168Z
6a67842904b99bae22a92e76,2026-07-27T16:15:39.646Z
6a6786f3e74af7870f6d04d4,2026-07-27T16:27:33.521Z
6a67886fe74af7870f6d04d5,2026-07-27T16:33:53.595Z
6a6789a604b99bae22a92e77,2026-07-27T16:39:04.695Z
6a678af304b99bae22a92e78,2026-07-27T16:44:37.676Z
6a678caa04b99bae22a92e7a,2026-07-27T16:51:56.270Z
6a678e2d04b99bae22a92e7b,2026-07-27T16:58:22.922Z
6a678ecb04b99bae22a92e7c,2026-07-27T17:01:01.524Z
6a678f2e04b99bae22a92e7d,2026-07-27T17:02:40.693Z
6a678f9104b99bae22a92e7e,2026-07-27T17:04:19.041Z
6a678ff204b99bae22a92e7f,2026-07-27T17:05:56.862Z
6a67902e04b99bae22a92e80,2026-07-27T17:06:58.869Z
6a679051e74af7870f6d04d7,2026-07-27T17:07:31.415Z
6a6790af04b99bae22a92e81,2026-07-27T17:09:05.421Z
6a6790d4e74af7870f6d04d8,2026-07-27T17:09:42.177Z
6a6790f504b99bae22a92e82,2026-07-27T17:10:15.871Z
6a67912904b99bae22a92e83,2026-07-27T17:11:06.791Z
6a67917504b99bae22a92e84,2026-07-27T17:12:23.381Z
6a6791b6e74af7870f6d04d9,2026-07-27T17:13:27.979Z
6a6791c504b99bae22a92e85,2026-07-27T17:13:43.079Z
6a67921204b99bae22a92e86,2026-07-27T17:15:00.852Z
6a679260e74af7870f6d04da,2026-07-27T17:16:18.632Z
6a6792ae04b99bae22a92e87,2026-07-27T17:17:36.461Z
6a679734e74af7870f6d04db,2026-07-27T17:36:54.005Z
6a679a2fe74af7870f6d04dc,2026-07-27T17:49:37.164Z
6a679be5e74af7870f6d04dd,2026-07-27T17:56:54.666Z
6a679dc704b99bae22a92e88,2026-07-27T18:04:57.721Z
6a679f1f04b99bae22a92e89,2026-07-27T18:10:43.877Z
6a67a1c9e74af7870f6d04de,2026-07-27T18:22:03.237Z
6a67a29a04b99bae22a92e8a,2026-07-27T18:25:35.220Z
6a67a409e74af7870f6d04df,2026-07-27T18:31:40.065Z
6a67a5e0e74af7870f6d04e0,2026-07-27T18:39:33.267Z
6a67a62ee74af7870f6d04e1,2026-07-27T18:40:48.779Z
6a67a87704b99bae22a92e8b,2026-07-27T18:50:33.355Z
6a67a8e5e74af7870f6d04e3,2026-07-27T18:52:23.055Z
6a67ad04e74af7870f6d04e5,2026-07-27T19:09:59.441Z
6a67aec604b99bae22a92e8c,2026-07-27T19:17:28.480Z
6a67af4ae74af7870f6d04e6,2026-07-27T19:19:40.527Z
6a67affde74af7870f6d04e8,2026-07-27T19:22:39.220Z
6a67b09904b99bae22a92e8d,2026-07-27T19:25:15.506Z
6a67b161e74af7870f6d04e9,2026-07-27T19:28:35.767Z
6a67b32a04b99bae22a92e8e,2026-07-27T19:36:12.902Z
6a67b6e704b99bae22a92e8f,2026-07-27T19:52:08.832Z
6a67baa0e74af7870f6d04eb,2026-07-27T20:08:02.394Z
6a67bb64e74af7870f6d04ec,2026-07-27T20:11:19.014Z
6a67bc11e74af7870f6d04ed,2026-07-27T20:14:10.938Z
6a67be49e74af7870f6d04ee,2026-07-27T20:23:39.051Z
6a67becde74af7870f6d04ef,2026-07-27T20:25:51.377Z
6a67c036e74af7870f6d04f0,2026-07-27T20:31:51.960Z
6a67c18704b99bae22a92e91,2026-07-27T20:37:29.192Z
6a67c1c404b99bae22a92e92,2026-07-27T20:38:31.345Z
6a67c2afe74af7870f6d04f1,2026-07-27T20:42:25.304Z
6a67c5a604b99bae22a92e94,2026-07-27T20:55:04.460Z
6a67c95d04b99bae22a92e95,2026-07-27T21:10:55.082Z
6a67cb61e74af7870f6d04f2,2026-07-27T21:19:31.514Z
6a67cb7c04b99bae22a92e96,2026-07-27T21:19:57.994Z
6a67cca8e74af7870f6d04f3,2026-07-27T21:24:58.030Z
6a67ce1de74af7870f6d04f4,2026-07-27T21:31:11.593Z
6a67cf7c04b99bae22a92e97,2026-07-27T21:37:02.549Z
6a67d04ce74af7870f6d04f5,2026-07-27T21:40:30.657Z
6a67d06904b99bae22a92e98,2026-07-27T21:40:59.933Z
6a67d100e74af7870f6d04f6,2026-07-27T21:43:30.025Z
6a67d2eb04b99bae22a92e9a,2026-07-27T21:51:41.732Z
6a67d35c04b99bae22a92e9b,2026-07-27T21:53:34.220Z
6a67d49504b99bae22a92e9c,2026-07-27T21:58:47.030Z
6a67d61de74af7870f6d04f8,2026-07-27T22:05:19.399Z
6a67d697e74af7870f6d04f9,2026-07-27T22:07:21.391Z
6a67d8e704b99bae22a92e9d,2026-07-27T22:17:12.666Z
6a67d97f04b99bae22a92e9e,2026-07-27T22:19:45.883Z
6a67d98604b99bae22a92e9f,2026-07-27T22:19:52.249Z
6a67da0704b99bae22a92ea0,2026-07-27T22:22:03.441Z
6a67df13e74af7870f6d04fb,2026-07-27T22:43:33.448Z
6a67e14504b99bae22a92ea1,2026-07-27T22:52:55.460Z
6a67e15c04b99bae22a92ea2,2026-07-27T22:53:18.829Z
6a67e263e74af7870f6d04fc,2026-07-27T22:57:41.412Z
6a67e44504b99bae22a92ea3,2026-07-27T23:05:43.207Z
6a67e4da04b99bae22a92ea4,2026-07-27T23:08:12.319Z
6a67e65ee74af7870f6d04fe,2026-07-27T23:14:40.137Z
6a67eabae74af7870f6d04ff,2026-07-27T23:33:16.718Z
6a67ebcde74af7870f6d0500,2026-07-27T23:37:51.666Z
6a67f31304b99bae22a92ea6,2026-07-28T00:08:53.031Z
6a67f361e74af7870f6d0502,2026-07-28T00:10:13.322Z
6a67f5ec04b99bae22a92ea7,2026-07-28T00:21:02.526Z
6a67f5f304b99bae22a92ea8,2026-07-28T00:21:10.645Z
6a67f75ae74af7870f6d0503,2026-07-28T00:27:08.217Z
6a67f8fae74af7870f6d0505,2026-07-28T00:34:03.969Z
6a67fa4604b99bae22a92eaa,2026-07-28T00:39:36.892Z
6a67fc6a04b99bae22a92eab,2026-07-28T00:48:45.066Z
6a67fd6c04b99bae22a92eac,2026-07-28T00:53:01.951Z
6a67ff3c04b99bae22a92ead,2026-07-28T01:00:45.997Z
6a67ff80e74af7870f6d0506,2026-07-28T01:01:54.760Z
6a68031804b99bae22a92eae,2026-07-28T01:17:14.486Z
6a68038f04b99bae22a92eaf,2026-07-28T01:19:13.149Z
6a6807ed04b99bae22a92eb2,2026-07-28T01:37:51.653Z
6a680d65e74af7870f6d0507,2026-07-28T02:01:12.007Z
6a680de9e74af7870f6d0508,2026-07-28T02:03:23.690Z
6a68118ae74af7870f6d0509,2026-07-28T02:18:51.699Z
6a6813e4e74af7870f6d050a,2026-07-28T02:28:54.691Z
6a68143704b99bae22a92eb3,2026-07-28T02:30:17.162Z
6a68165004b99bae22a92eb4,2026-07-28T02:39:14.279Z
6a68173104b99bae22a92eb5,2026-07-28T02:43:00.149Z
6a681a2ae74af7870f6d050b,2026-07-28T02:55:40.303Z
6a6821c204b99bae22a92eb6,2026-07-28T03:28:04.710Z
6a682446e74af7870f6d050f,2026-07-28T03:38:50.939Z
6a682550e74af7870f6d0510,2026-07-28T03:43:14.450Z
6a6829b6e74af7870f6d0512,2026-07-28T04:02:00.809Z
6a682c3be74af7870f6d0513,2026-07-28T04:12:45.798Z
6a682d00e74af7870f6d0514,2026-07-28T04:16:01.845Z
6a6832a004b99bae22a92eb7,2026-07-28T04:40:03.034Z
6a6832f5e74af7870f6d0515,2026-07-28T04:41:26.190Z
6a68346ce74af7870f6d0516,2026-07-28T04:47:42.735Z
6a68377004b99bae22a92eb8,2026-07-28T05:00:34.148Z
6a6837dce74af7870f6d0517,2026-07-28T05:02:22.403Z
6a68383704b99bae22a92eb9,2026-07-28T05:03:53.412Z
6a6838b0e74af7870f6d0518,2026-07-28T05:05:54.307Z
6a68390f04b99bae22a92eba,2026-07-28T05:07:29.652Z
6a68397304b99bae22a92ebb,2026-07-28T05:09:09.363Z
6a6839c404b99bae22a92ebc,2026-07-28T05:10:30.562Z
6a6839f1e74af7870f6d0519,2026-07-28T05:11:15.004Z
6a683a0d04b99bae22a92ebd,2026-07-28T05:11:42.922Z
6a683a5ee74af7870f6d051a,2026-07-28T05:13:04.210Z
6a683aa404b99bae22a92ebe,2026-07-28T05:14:14.567Z
6a683af104b99bae22a92ebf,2026-07-28T05:15:31.573Z
6a683b3d04b99bae22a92ec0,2026-07-28T05:16:47.110Z
6a683c7104b99bae22a92ec1,2026-07-28T05:21:55.345Z
6a683c7e04b99bae22a92ec2,2026-07-28T05:22:08.738Z
6a683e5704b99bae22a92ec3,2026-07-28T05:30:00.999Z
6a68402ae74af7870f6d051b,2026-07-28T05:37:48.721Z
6a68407fe74af7870f6d051c,2026-07-28T05:39:13.704Z
6a6841d304b99bae22a92ec4,2026-07-28T05:44:53.724Z
6a6842f8e74af7870f6d051d,2026-07-28T05:49:48.659Z
6a68453704b99bae22a92ec5,2026-07-28T05:59:22.059Z
6a68454ee74af7870f6d051e,2026-07-28T05:59:44.192Z
6a68462fe74af7870f6d051f,2026-07-28T06:03:29.218Z
6a6848e3e74af7870f6d0520,2026-07-28T06:15:01.756Z
6a684a11e74af7870f6d0521,2026-07-28T06:20:04.245Z
6a684feb04b99bae22a92ec7,2026-07-28T06:45:00.940Z
6a6853f0e74af7870f6d0522,2026-07-28T07:02:10.978Z
6a68558c04b99bae22a92ec9,2026-07-28T07:09:02.369Z
6a68566004b99bae22a92eca,2026-07-28T07:12:34.011Z
6a6856e904b99bae22a92ecb,2026-07-28T07:14:52.750Z
6a6858dae74af7870f6d0524,2026-07-28T07:23:08.489Z
6a6858dbe74af7870f6d0525,2026-07-28T07:23:08.823Z
6a685b0404b99bae22a92ece,2026-07-28T07:32:21.859Z
6a685d1804b99bae22a92ecf,2026-07-28T07:41:14.251Z
6a685edde74af7870f6d0527,2026-07-28T07:48:47.262Z
6a686de4e74af7870f6d0528,2026-07-28T08:52:55.274Z
6a686fb0e74af7870f6d0529,2026-07-28T09:00:34.742Z
6a68702004b99bae22a92ed2,2026-07-28T09:02:26.644Z
6a68707904b99bae22a92ed3,2026-07-28T09:03:55.720Z
6a68708304b99bae22a92ed4,2026-07-28T09:04:05.545Z
6a6870e6e74af7870f6d052a,2026-07-28T09:05:44.325Z
6a68714f04b99bae22a92ed5,2026-07-28T09:07:29.277Z
6a6871c8e74af7870f6d052b,2026-07-28T09:09:30.960Z
6a68722504b99bae22a92ed6,2026-07-28T09:11:03.283Z
6a68726c04b99bae22a92ed7,2026-07-28T09:12:14.446Z
6a6872ba04b99bae22a92ed8,2026-07-28T09:13:32.187Z
6a68730604b99bae22a92ed9,2026-07-28T09:14:48.162Z
6a687354e74af7870f6d052c,2026-07-28T09:16:06.662Z
6a6873a0e74af7870f6d052d,2026-07-28T09:17:22.449Z
6a6878dc04b99bae22a92eda,2026-07-28T09:39:42.234Z
6a68796fe74af7870f6d052f,2026-07-28T09:42:08.989Z
6a687b48e74af7870f6d0530,2026-07-28T09:50:02.094Z
6a687f75e74af7870f6d0531,2026-07-28T10:07:51.268Z
6a68810704b99bae22a92edc,2026-07-28T10:14:33.441Z
6a6881b204b99bae22a92edd,2026-07-28T10:17:23.974Z
6a68822ce74af7870f6d0532,2026-07-28T10:19:26.816Z
6a6882d7e74af7870f6d0533,2026-07-28T10:22:17.279Z
6a6883ff04b99bae22a92ede,2026-07-28T10:27:13.650Z
6a688420e74af7870f6d0534,2026-07-28T10:27:46.277Z
6a688487e74af7870f6d0535,2026-07-28T10:29:29.718Z
6a6884b404b99bae22a92edf,2026-07-28T10:30:13.904Z
6a6886f4e74af7870f6d0537,2026-07-28T10:39:51.041Z
6a688735e74af7870f6d0538,2026-07-28T10:40:54.704Z
6a6889fde74af7870f6d0539,2026-07-28T10:52:47.411Z
6a688aeee74af7870f6d053a,2026-07-28T10:56:48.573Z
6a688b78e74af7870f6d053b,2026-07-28T10:59:06.819Z
6a688bc004b99bae22a92ee3,2026-07-28T11:00:18.657Z
6a688c0ee74af7870f6d053d,2026-07-28T11:01:36.606Z
6a688d2c04b99bae22a92ee5,2026-07-28T11:06:22.193Z
6a688e3e04b99bae22a92ee6,2026-07-28T11:10:56.713Z
6a688eb204b99bae22a92ee8,2026-07-28T11:12:52.572Z
6a68934ae74af7870f6d053f,2026-07-28T11:32:28.162Z
6a6893d404b99bae22a92eec,2026-07-28T11:34:46.651Z
6a68947404b99bae22a92eed,2026-07-28T11:37:26.511Z
6a6894b1e74af7870f6d0540,2026-07-28T11:38:27.687Z
6a68960ae74af7870f6d0541,2026-07-28T11:44:12.520Z
6a689999e74af7870f6d0542,2026-07-28T11:59:23.416Z
6a689a45e74af7870f6d0543,2026-07-28T12:02:17.554Z
6a689b66e74af7870f6d0544,2026-07-28T12:07:06.501Z
6a689c2004b99bae22a92eee,2026-07-28T12:10:10.563Z
6a689d8104b99bae22a92eef,2026-07-28T12:16:04.057Z
6a689e76e74af7870f6d0545,2026-07-28T12:20:08.180Z
6a689e9804b99bae22a92ef0,2026-07-28T12:20:42.174Z
6a689fff04b99bae22a92ef2,2026-07-28T12:26:41.551Z
6a68a0e6e74af7870f6d0547,2026-07-28T12:30:32.487Z
6a68a198e74af7870f6d0548,2026-07-28T12:33:30.330Z
6a68a2b604b99bae22a92ef3,2026-07-28T12:38:16.895Z
6a68a44104b99bae22a92ef5,2026-07-28T12:44:51.753Z
6a68a80704b99bae22a92ef6,2026-07-28T13:00:58.274Z
6a68a86a04b99bae22a92ef7,2026-07-28T13:02:36.798Z
6a68a8d004b99bae22a92ef8,2026-07-28T13:04:18.606Z
6a68a92d04b99bae22a92ef9,2026-07-28T13:05:50.710Z
6a68a93204b99bae22a92efa,2026-07-28T13:05:56.838Z
6a68a94f04b99bae22a92efb,2026-07-28T13:06:25.711Z
6a68a992e74af7870f6d054c,2026-07-28T13:07:32.022Z
6a68a9b004b99bae22a92efc,2026-07-28T13:08:02.947Z
6a68a9efe74af7870f6d054d,2026-07-28T13:09:05.399Z
6a68aa36e74af7870f6d054e,2026-07-28T13:10:16.188Z
6a68aa4804b99bae22a92efd,2026-07-28T13:10:33.903Z
6a68aa9304b99bae22a92efe,2026-07-28T13:11:49.004Z
6a68aadee74af7870f6d054f,2026-07-28T13:13:04.713Z
6a68ab2804b99bae22a92f00,2026-07-28T13:14:18.479Z
6a68ab7a04b99bae22a92f01,2026-07-28T13:15:40.510Z
6a68abc904b99bae22a92f02,2026-07-28T13:16:59.503Z
6a68af0ce74af7870f6d0550,2026-07-28T13:30:54.083Z
6a68af79e74af7870f6d0551,2026-07-28T13:32:43.225Z
6a68af9ae74af7870f6d0552,2026-07-28T13:33:16.191Z
6a68b0b404b99bae22a92f05,2026-07-28T13:37:58.492Z
6a68b108e74af7870f6d0553,2026-07-28T13:39:22.913Z
6a68b1afe74af7870f6d0554,2026-07-28T13:42:09.230Z
6a68b37f04b99bae22a92f08,2026-07-28T13:49:53.095Z
6a68b55be74af7870f6d0555,2026-07-28T13:57:49.537Z
6a68b5a004b99bae22a92f09,2026-07-28T13:58:58.530Z
6a68b63204b99bae22a92f0a,2026-07-28T14:01:24.634Z
6a68b6b904b99bae22a92f0b,2026-07-28T14:03:39.204Z
6a68b7fae74af7870f6d0556,2026-07-28T14:09:01.848Z
6a68b8ade74af7870f6d0557,2026-07-28T14:12:00.325Z
6a68ba07e74af7870f6d0558,2026-07-28T14:17:46.076Z
6a68bc93e74af7870f6d0559,2026-07-28T14:28:37.843Z
6a68bd6904b99bae22a92f0e,2026-07-28T14:32:11.091Z
6a68be7504b99bae22a92f0f,2026-07-28T14:36:39.489Z
6a68bf8a04b99bae22a92f10,2026-07-28T14:41:16.755Z
6a68c10de74af7870f6d055a,2026-07-28T14:47:43.529Z
6a68c3cb04b99bae22a92f11,2026-07-28T14:59:25.720Z
6a68c6c0e74af7870f6d055b,2026-07-28T15:12:02.786Z
6a68c7d904b99bae22a92f12,2026-07-28T15:16:43.440Z
6a68c84ce74af7870f6d055d,2026-07-28T15:18:37.956Z
6a68c98904b99bae22a92f13,2026-07-28T15:23:57.856Z
6a68c9c7e74af7870f6d055e,2026-07-28T15:24:57.415Z
6a68ce9904b99bae22a92f14,2026-07-28T15:45:31.998Z
6a68ceca04b99bae22a92f15,2026-07-28T15:46:21.262Z
6a68ceede74af7870f6d055f,2026-07-28T15:46:55.809Z
6a68cf2604b99bae22a92f16,2026-07-28T15:47:53Z
6a68cf2ce74af7870f6d0560,2026-07-28T15:47:58.612Z
6a68d3e3e74af7870f6d0561,2026-07-28T16:08:05.515Z
6a68d48ee74af7870f6d0562,2026-07-28T16:10:56.519Z
6a68d598e74af7870f6d0563,2026-07-28T16:15:22.915Z
6a68d61604b99bae22a92f18,2026-07-28T16:17:27.948Z
6a68d624e74af7870f6d0564,2026-07-28T16:17:41.982Z
6a68d985e74af7870f6d0566,2026-07-28T16:32:07.777Z
6a68dbbfe74af7870f6d0567,2026-07-28T16:41:37.919Z
6a68dcfe04b99bae22a92f1a,2026-07-28T16:46:56.440Z
6a68dd3604b99bae22a92f1b,2026-07-28T16:47:52.485Z
6a68ddd4e74af7870f6d0568,2026-07-28T16:50:30.230Z
6a68df94e74af7870f6d0569,2026-07-28T16:58:00.295Z
6a68e06204b99bae22a92f1c,2026-07-28T17:01:24.002Z
6a68e0d4e74af7870f6d056a,2026-07-28T17:03:18.493Z
6a68e12d04b99bae22a92f1d,2026-07-28T17:04:47.681Z
6a68e13a04b99bae22a92f1e,2026-07-28T17:05:00.338Z
6a68e19b04b99bae22a92f1f,2026-07-28T17:06:37.320Z
6a68e1ffe74af7870f6d056b,2026-07-28T17:08:17.457Z
6a68e23304b99bae22a92f20,2026-07-28T17:09:08.840Z
6a68e25ce74af7870f6d056c,2026-07-28T17:09:49.978Z
6a68e2b404b99bae22a92f21,2026-07-28T17:11:17.723Z
6a68e2cd04b99bae22a92f22,2026-07-28T17:11:46.374Z
6a68e2fbe74af7870f6d056d,2026-07-28T17:12:29.523Z
6a68e346e74af7870f6d056e,2026-07-28T17:13:44.850Z
6a68e393e74af7870f6d056f,2026-07-28T17:15:01.497Z
6a68e3e5e74af7870f6d0570,2026-07-28T17:16:24.124Z
6a68e430e74af7870f6d0571,2026-07-28T17:17:38.662Z
6a68e50504b99bae22a92f23,2026-07-28T17:21:11.155Z
6a68e51ee74af7870f6d0573,2026-07-28T17:21:36.187Z
6a68e720e74af7870f6d0575,2026-07-28T17:30:10.179Z
6a68e7b0e74af7870f6d0576,2026-07-28T17:32:33.872Z
6a68e7c4e74af7870f6d0577,2026-07-28T17:32:54.886Z
6a68e80904b99bae22a92f24,2026-07-28T17:34:03.170Z
6a68e81004b99bae22a92f25,2026-07-28T17:34:10.794Z
6a68e8ece74af7870f6d0578,2026-07-28T17:37:50.161Z
6a68ea1c04b99bae22a92f26,2026-07-28T17:42:53.904Z
6a68eb1ce74af7870f6d057a,2026-07-28T17:47:13.345Z
6a68eb5b04b99bae22a92f27,2026-07-28T17:48:15.709Z
6a68ec27e74af7870f6d057b,2026-07-28T17:51:37.027Z
6a68ee52e74af7870f6d057c,2026-07-28T18:00:51.993Z
6a68ef1f04b99bae22a92f28,2026-07-28T18:04:16.639Z
6a68ef42e74af7870f6d057e,2026-07-28T18:04:54.846Z
6a68f05b04b99bae22a92f29,2026-07-28T18:09:33.210Z
6a68f452e74af7870f6d0580,2026-07-28T18:26:28.510Z
6a68f4be04b99bae22a92f2a,2026-07-28T18:28:16.717Z
6a68f569e74af7870f6d0581,2026-07-28T18:31:07.627Z
6a68f590e74af7870f6d0582,2026-07-28T18:31:46.218Z
6a68f6c7e74af7870f6d0583,2026-07-28T18:36:57.277Z
6a68f70e04b99bae22a92f2b,2026-07-28T18:38:09.415Z
6a68f804e74af7870f6d0584,2026-07-28T18:42:13.780Z
6a68f82404b99bae22a92f2c,2026-07-28T18:42:45.697Z
6a68fa9904b99bae22a92f2d,2026-07-28T18:53:15.288Z
6a68fbbb04b99bae22a92f2e,2026-07-28T18:58:08.046Z
6a68fc3a04b99bae22a92f2f,2026-07-28T19:00:12.688Z
6a68fda9e74af7870f6d0585,2026-07-28T19:06:19.213Z
6a68fe2ce74af7870f6d0586,2026-07-28T19:08:29.977Z
6a68fee504b99bae22a92f30,2026-07-28T19:11:36.349Z
6a68ff1104b99bae22a92f31,2026-07-28T19:12:19.213Z
6a690242e74af7870f6d0587,2026-07-28T19:25:56.618Z
6a69045804b99bae22a92f32,2026-07-28T19:34:50.539Z
6a6904c604b99bae22a92f33,2026-07-28T19:36:40.776Z
6a69056e04b99bae22a92f35,2026-07-28T19:39:28.630Z
6a690608e74af7870f6d0588,2026-07-28T19:42:01.556Z
6a69068de74af7870f6d0589,2026-07-28T19:44:15.772Z
6a69071504b99bae22a92f36,2026-07-28T19:46:31.592Z
6a690a1d04b99bae22a92f37,2026-07-28T19:59:30.624Z
6a690a67e74af7870f6d058b,2026-07-28T20:00:43.624Z
6a690dbd04b99bae22a92f38,2026-07-28T20:14:55.803Z
6a690e4fe74af7870f6d058f,2026-07-28T20:17:21.252Z
6a690f5704b99bae22a92f39,2026-07-28T20:21:45.792Z
6a6911b404b99bae22a92f3a,2026-07-28T20:31:49.960Z
6a6911d104b99bae22a92f3b,2026-07-28T20:32:19.917Z
6a69147de74af7870f6d0592,2026-07-28T20:43:43.416Z
6a69171404b99bae22a92f3c,2026-07-28T20:54:46.194Z
6a69176604b99bae22a92f3e,2026-07-28T20:56:08.446Z
6a6919cf04b99bae22a92f40,2026-07-28T21:06:24.789Z
6a691b7be74af7870f6d0593,2026-07-28T21:13:33.712Z
6a691dd504b99bae22a92f45,2026-07-28T21:23:36.043Z
6a691fa804b99bae22a92f47,2026-07-28T21:31:22.522Z
6a691fd0e74af7870f6d0599,2026-07-28T21:32:02.711Z
6a69211b04b99bae22a92f48,2026-07-28T21:37:33.488Z
6a69228904b99bae22a92f49,2026-07-28T21:43:41.935Z
6a6922b404b99bae22a92f4a,2026-07-28T21:44:22.655Z
6a6922b704b99bae22a92f4b,2026-07-28T21:44:25.932Z
6a6924b4e74af7870f6d059a,2026-07-28T21:52:54.521Z
6a69266804b99bae22a92f4c,2026-07-28T22:00:10.771Z
6a692ad2e74af7870f6d059b,2026-07-28T22:19:00.178Z
6a692b82e74af7870f6d059c,2026-07-28T22:21:56.368Z
6a692f67e74af7870f6d059d,2026-07-28T22:38:33.366Z
6a6930b4e74af7870f6d059e,2026-07-28T22:44:06.302Z
6a6934abe74af7870f6d059f,2026-07-28T23:01:01.398Z
6a69350e04b99bae22a92f4d,2026-07-28T23:02:39.680Z
6a69391704b99bae22a92f50,2026-07-28T23:19:53.508Z
6a6939d404b99bae22a92f51,2026-07-28T23:23:02.717Z
6a693cb6e74af7870f6d05a0,2026-07-28T23:35:20.861Z
6a693ea204b99bae22a92f52,2026-07-28T23:43:31.933Z
6a694128e74af7870f6d05a2,2026-07-28T23:54:17.988Z
6a6941a704b99bae22a92f54,2026-07-28T23:56:25.130Z
6a69483fe74af7870f6d05a4,2026-07-29T00:24:33.737Z
6a6949b804b99bae22a92f56,2026-07-29T00:30:50.776Z
6a694ed4e74af7870f6d05a5,2026-07-29T00:52:39.059Z
6a695154e74af7870f6d05a7,2026-07-29T01:03:17.780Z
6a69525304b99bae22a92f58,2026-07-29T01:07:33.807Z
6a6953b404b99bae22a92f59,2026-07-29T01:13:26.715Z
6a6955fc04b99bae22a92f5a,2026-07-29T01:23:09.975Z
6a695686e74af7870f6d05a8,2026-07-29T01:25:27.698Z
6a6957b504b99bae22a92f5b,2026-07-29T01:30:31.492Z
6a695b4ee74af7870f6d05a9,2026-07-29T01:45:51.787Z
6a695c79e74af7870f6d05aa,2026-07-29T01:50:54.011Z
6a695ef304b99bae22a92f5d,2026-07-29T02:01:25.350Z
6a69659ce74af7870f6d05ac,2026-07-29T02:29:50.264Z
6a69686de74af7870f6d05ad,2026-07-29T02:41:51.464Z
6a6968a1e74af7870f6d05ae,2026-07-29T02:42:43.859Z
6a696aaee74af7870f6d05af,2026-07-29T02:51:27.959Z
6a696c18e74af7870f6d05b0,2026-07-29T02:57:30.465Z
6a696c6f04b99bae22a92f5f,2026-07-29T02:58:57.312Z
6a696cd2e74af7870f6d05b1,2026-07-29T03:00:36.485Z
6a696ce8e74af7870f6d05b2,2026-07-29T03:01:01.173Z
6a69709d04b99bae22a92f60,2026-07-29T03:16:47.480Z
6a69757f04b99bae22a92f61,2026-07-29T03:37:36.940Z
6a697a4ce74af7870f6d05b3,2026-07-29T03:58:06.549Z
6a697e59e74af7870f6d05b5,2026-07-29T04:15:23.014Z
6a69800d04b99bae22a92f62,2026-07-29T04:22:38.635Z
6a69831804b99bae22a92f63,2026-07-29T04:35:38.547Z
6a69890104b99bae22a92f64,2026-07-29T05:00:51.666Z
6a69896704b99bae22a92f65,2026-07-29T05:02:32.937Z
6a6989c8e74af7870f6d05b7,2026-07-29T05:04:10.676Z
6a698a2a04b99bae22a92f66,2026-07-29T05:05:48.615Z
6a698a98e74af7870f6d05b8,2026-07-29T05:07:38.358Z
6a698b2ce74af7870f6d05b9,2026-07-29T05:10:06.543Z
6a698b8a04b99bae22a92f67,2026-07-29T05:11:39.756Z
6a698bd8e74af7870f6d05ba,2026-07-29T05:12:58.320Z
6a698c2804b99bae22a92f68,2026-07-29T05:14:18.133Z
6a698c78e74af7870f6d05bb,2026-07-29T05:15:38.096Z
6a698cc4e74af7870f6d05bc,2026-07-29T05:16:54.882Z
6a698d14e74af7870f6d05bd,2026-07-29T05:18:14.164Z
6a698df8e74af7870f6d05c0,2026-07-29T05:22:02.167Z
6a698ea104b99bae22a92f69,2026-07-29T05:24:51.145Z
6a69965404b99bae22a92f6a,2026-07-29T05:57:41.798Z
6a699990e74af7870f6d05c1,2026-07-29T06:11:30.787Z
6a699c7b04b99bae22a92f6b,2026-07-29T06:23:57.268Z
6a69a28304b99bae22a92f6c,2026-07-29T06:49:41.580Z
6a69a479e74af7870f6d05c2,2026-07-29T06:58:03.004Z
6a69a4fe04b99bae22a92f6e,2026-07-29T07:00:16.485Z
6a69a6d9e74af7870f6d05c3,2026-07-29T07:08:11.222Z
6a69a730e74af7870f6d05c4,2026-07-29T07:09:40.764Z
6a69a73404b99bae22a92f6f,2026-07-29T07:09:42.955Z
6a69a76f04b99bae22a92f70,2026-07-29T07:10:40.893Z
6a69a779e74af7870f6d05c5,2026-07-29T07:10:53.614Z
6a69a89904b99bae22a92f73,2026-07-29T07:15:39.131Z
6a69a91604b99bae22a92f74,2026-07-29T07:17:44.408Z
6a69a93ce74af7870f6d05c6,2026-07-29T07:18:22.468Z
6a69b20304b99bae22a92f75,2026-07-29T07:55:51.601Z
6a69b4a5e74af7870f6d05c8,2026-07-29T08:07:03.176Z
6a69b5cbe74af7870f6d05c9,2026-07-29T08:11:57.791Z
6a69b5f34b644ce1c3495bc0,2026-07-29T08:12:35.524Z
6a69bd8f04b99bae22a92f77,2026-07-29T08:45:04.964Z
6a69be6904b99bae22a92f79,2026-07-29T08:48:43.926Z
6a69bee804b99bae22a92f7a,2026-07-29T08:50:50.128Z
6a69bf32e74af7870f6d05cc,2026-07-29T08:52:04.035Z
6a69bf8ee74af7870f6d05cd,2026-07-29T08:53:35.693Z
6a69bfade74af7870f6d05ce,2026-07-29T08:54:07.688Z
6a69c042e74af7870f6d05cf,2026-07-29T08:56:38.550Z
6a69c14004b99bae22a92f7b,2026-07-29T09:00:50.826Z
6a69c14ae74af7870f6d05d0,2026-07-29T09:01:00.929Z
6a69c19c04b99bae22a92f7c,2026-07-29T09:02:22.086Z
6a69c1ffe74af7870f6d05d1,2026-07-29T09:04:01.319Z
6a69c263e74af7870f6d05d3,2026-07-29T09:05:41.562Z
6a69c2c504b99bae22a92f7d,2026-07-29T09:07:19.263Z
6a69c2fd04b99bae22a92f7e,2026-07-29T09:08:15.761Z
6a69c321e74af7870f6d05d4,2026-07-29T09:08:50.572Z
6a69c377e74af7870f6d05d5,2026-07-29T09:10:16.922Z
6a69c3c5e74af7870f6d05d6,2026-07-29T09:11:35.567Z
6a69c414e74af7870f6d05d7,2026-07-29T09:12:54.183Z
6a69c45f04b99bae22a92f7f,2026-07-29T09:14:09.807Z
6a69c4b0e74af7870f6d05d8,2026-07-29T09:15:29.923Z
6a69c4fce74af7870f6d05d9,2026-07-29T09:16:45.659Z
6a69c841e74af7870f6d05db,2026-07-29T09:30:43.234Z
6a69cdf1e74af7870f6d05dd,2026-07-29T09:54:59.524Z
6a69d215e74af7870f6d05de,2026-07-29T10:12:39.211Z
6a69d776e74af7870f6d05e0,2026-07-29T10:35:36.089Z
6a69d7ebe74af7870f6d05e2,2026-07-29T10:37:32.658Z
6a69d880e74af7870f6d05e3,2026-07-29T10:40:03.099Z
6a69d8cbe74af7870f6d05e4,2026-07-29T10:41:16.743Z
6a69dc4f04b99bae22a92f80,2026-07-29T10:56:16.624Z
6a69e0afe74af7870f6d05e5,2026-07-29T11:14:57.320Z
6a69e0b504b99bae22a92f82,2026-07-29T11:15:03.367Z
6a69e11104b99bae22a92f83,2026-07-29T11:16:35.094Z
6a69e15f04b99bae22a92f84,2026-07-29T11:17:52.649Z
6a69e192e74af7870f6d05e6,2026-07-29T11:18:44.962Z
6a69e956e74af7870f6d05e7,2026-07-29T11:51:53.078Z
6a69ec5504b99bae22a92f86,2026-07-29T12:04:39.430Z
6a69ee2104b99bae22a92f88,2026-07-29T12:12:19.877Z
6a69f3a5e74af7870f6d05e9,2026-07-29T12:35:51.829Z
6a69f3dbe74af7870f6d05ea,2026-07-29T12:36:45.440Z
6a69f51604b99bae22a92f8a,2026-07-29T12:42:01.480Z
6a69f5d1e74af7870f6d05eb,2026-07-29T12:45:07.067Z
6a69f8a604b99bae22a92f8c,2026-07-29T12:57:12.708Z
6a69f8f9e74af7870f6d05ec,2026-07-29T12:58:34.919Z
6a69f983e74af7870f6d05ed,2026-07-29T13:00:53.711Z
6a69f9fae74af7870f6d05ee,2026-07-29T13:02:51.748Z
6a69fa5fe74af7870f6d05ef,2026-07-29T13:04:33.668Z
6a69fa78e74af7870f6d05f0,2026-07-29T13:04:58.187Z
6a69fabbe74af7870f6d05f1,2026-07-29T13:06:07.181Z
6a69fac3e74af7870f6d05f2,2026-07-29T13:06:13.437Z
6a69fb2604b99bae22a92f8d,2026-07-29T13:07:52.284Z
6a69fb8804b99bae22a92f8e,2026-07-29T13:09:31.070Z
6a69fbefe74af7870f6d05f3,2026-07-29T13:11:13.713Z
6a69fc43e74af7870f6d05f4,2026-07-29T13:12:37.193Z
6a69fc97e74af7870f6d05f5,2026-07-29T13:14:01.124Z
6a69fce6e74af7870f6d05f6,2026-07-29T13:15:20.393Z
6a69fd36e74af7870f6d05f7,2026-07-29T13:16:40.361Z
6a69fd87e74af7870f6d05f8,2026-07-29T13:18:01.510Z
6a6a03e2e74af7870f6d05f9,2026-07-29T13:45:08.699Z
6a6a05dbe74af7870f6d05fb,2026-07-29T13:53:33.868Z
6a6a08f4e74af7870f6d05fc,2026-07-29T14:06:45.854Z
6a6a0e01e74af7870f6d05fd,2026-07-29T14:28:19.359Z
6a6a0e7c04b99bae22a92f90,2026-07-29T14:30:21.982Z
6a6a111b04b99bae22a92f91,2026-07-29T14:41:35.501Z
6a6a137104b99bae22a92f92,2026-07-29T14:51:31.415Z
6a6a181ce74af7870f6d05fe,2026-07-29T15:11:26.322Z
6a6a18c4e74af7870f6d05ff,2026-07-29T15:14:14.908Z
6a6a194904b99bae22a92f94,2026-07-29T15:16:27.490Z
6a6a1d5a04b99bae22a92f95,2026-07-29T15:33:48.046Z
6a6a1d5d04b99bae22a92f96,2026-07-29T15:33:53.592Z
6a6a1e54e74af7870f6d0601,2026-07-29T15:37:59.521Z
6a6a1efd04b99bae22a92f97,2026-07-29T15:40:47.119Z
6a6a1f63e74af7870f6d0602,2026-07-29T15:42:32.927Z
6a6a212d04b99bae22a92f98,2026-07-29T15:50:08.114Z
6a6a2a2ce74af7870f6d0605,2026-07-29T16:28:31.153Z
6a6a2a66e74af7870f6d0606,2026-07-29T16:29:28.604Z
6a6a2a8004b99bae22a92f9c,2026-07-29T16:29:54.141Z
6a6a2db604b99bae22a92f9d,2026-07-29T16:43:36.057Z
6a6a2fc604b99bae22a92f9e,2026-07-29T16:52:24.952Z
6a6a302604b99bae22a92f9f,2026-07-29T16:54:00.137Z
6a6a3121e74af7870f6d0607,2026-07-29T16:58:11.557Z
6a6a312de74af7870f6d0608,2026-07-29T16:58:23.209Z
6a6a317204b99bae22a92fa0,2026-07-29T16:59:32.324Z
6a6a31c1e74af7870f6d0609,2026-07-29T17:00:51.330Z
6a6a322c04b99bae22a92fa2,2026-07-29T17:02:38.039Z
6a6a3291e74af7870f6d060a,2026-07-29T17:04:19.652Z
6a6a32efe74af7870f6d060b,2026-07-29T17:05:53.229Z
6a6a334e04b99bae22a92fa3,2026-07-29T17:07:28.572Z
6a6a339ae74af7870f6d060c,2026-07-29T17:08:44.317Z
6a6a33aee74af7870f6d060d,2026-07-29T17:09:04.617Z
6a6a340104b99bae22a92fa4,2026-07-29T17:10:27.293Z
6a6a3408e74af7870f6d060e,2026-07-29T17:10:34.735Z
6a6a3457e74af7870f6d0610,2026-07-29T17:11:53.474Z
6a6a34a404b99bae22a92fa5,2026-07-29T17:13:10.755Z
6a6a34b8e74af7870f6d0612,2026-07-29T17:13:30.015Z
6a6a34f4e74af7870f6d0613,2026-07-29T17:14:30.403Z
6a6a352ae74af7870f6d0614,2026-07-29T17:15:25.522Z
6a6a3548e74af7870f6d0615,2026-07-29T17:15:54.274Z
6a6a359504b99bae22a92fa6,2026-07-29T17:17:11.709Z
6a6a369ae74af7870f6d0616,2026-07-29T17:21:32.672Z
6a6a37b904b99bae22a92fa7,2026-07-29T17:26:21.434Z
6a6a3ab904b99bae22a92fa8,2026-07-29T17:39:06.986Z
6a6a3bdde74af7870f6d0617,2026-07-29T17:43:59.512Z
6a6a3d64e74af7870f6d0618,2026-07-29T17:50:30.200Z
6a6a3f5ae74af7870f6d0619,2026-07-29T17:58:52.821Z
6a6a3f9904b99bae22a92faa,2026-07-29T17:59:55.223Z
6a6a404ae74af7870f6d061a,2026-07-29T18:02:52.778Z
6a6a412b04b99bae22a92fab,2026-07-29T18:06:37.741Z
6a6a432304b99bae22a92fac,2026-07-29T18:15:02.071Z
6a6a442504b99bae22a92fad,2026-07-29T18:19:19.280Z
6a6a444104b99bae22a92fae,2026-07-29T18:19:47.239Z
6a6a44bce74af7870f6d061b,2026-07-29T18:21:49.930Z
6a6a45e8e74af7870f6d061c,2026-07-29T18:26:50.862Z
6a6a466404b99bae22a92faf,2026-07-29T18:28:54.110Z
6a6a47b304b99bae22a92fb1,2026-07-29T18:34:32.096Z
6a6a485de74af7870f6d061d,2026-07-29T18:37:19.479Z
6a6a48f2e74af7870f6d061e,2026-07-29T18:39:48.142Z
6a6a4903e74af7870f6d061f,2026-07-29T18:40:05.364Z
6a6a4a13e74af7870f6d0622,2026-07-29T18:44:37.760Z
6a6a4a4904b99bae22a92fb2,2026-07-29T18:45:33.914Z
6a6a4b4de74af7870f6d0625,2026-07-29T18:49:50.859Z
6a6a4b7004b99bae22a92fb3,2026-07-29T18:50:27.528Z
6a6a4c88e74af7870f6d0626,2026-07-29T18:55:06.841Z
6a6a4efce74af7870f6d0627,2026-07-29T19:05:35.171Z
6a6a4f23e74af7870f6d0628,2026-07-29T19:06:13.309Z
6a6a4f9fe74af7870f6d0629,2026-07-29T19:08:17.414Z
6a6a532e04b99bae22a92fb5,2026-07-29T19:23:28.012Z
6a6a541604b99bae22a92fb6,2026-07-29T19:27:20.173Z
6a6a54ce04b99bae22a92fb8,2026-07-29T19:30:24.582Z
6a6a590e04b99bae22a92fb9,2026-07-29T19:48:32.401Z
6a6a5990e74af7870f6d062b,2026-07-29T19:50:44.908Z
6a6a5a1e04b99bae22a92fba,2026-07-29T19:53:04.566Z
6a6a5a4b04b99bae22a92fbb,2026-07-29T19:53:50.073Z
6a6a5b1504b99bae22a92fbc,2026-07-29T19:57:13.848Z
6a6a5b6804b99bae22a92fbd,2026-07-29T19:58:34.164Z
6a6a608104b99bae22a92fbe,2026-07-29T20:20:20.377Z
6a6a644804b99bae22a92fbf,2026-07-29T20:36:26.188Z
6a6a669be74af7870f6d062c,2026-07-29T20:46:21.968Z
6a6a66d104b99bae22a92fc1,2026-07-29T20:47:15.548Z
6a6a67bce74af7870f6d062d,2026-07-29T20:51:10.472Z
6a6a680ce74af7870f6d062e,2026-07-29T20:52:29.831Z
6a6a69b104b99bae22a92fc2,2026-07-29T20:59:31.505Z
6a6a6bc9e74af7870f6d062f,2026-07-29T21:08:27.128Z
6a6a6be204b99bae22a92fc3,2026-07-29T21:08:54.175Z
6a6a6c6d04b99bae22a92fc4,2026-07-29T21:11:11.610Z
6a6a724d8a1e7cb1ede74278,2026-07-29T21:36:13.869Z
6a6a728704b99bae22a92fc5,2026-07-29T21:37:13.792Z
6a6a742404b99bae22a92fc6,2026-07-29T21:44:06.766Z
6a6a794f04b99bae22a92fc8,2026-07-29T22:06:09.555Z
6a6a7ad2e74af7870f6d0630,2026-07-29T22:12:36.663Z
6a6a7c4804b99bae22a92fc9,2026-07-29T22:18:50.434Z
6a6a7d7fe74af7870f6d0631,2026-07-29T22:24:01.714Z
6a6a829204b99bae22a92fcb,2026-07-29T22:45:43.881Z
6a6a856204b99bae22a92fcc,2026-07-29T22:57:40.055Z
6a6a8b9f04b99bae22a92fcd,2026-07-29T23:24:17.277Z
6a6a9114e74af7870f6d0633,2026-07-29T23:47:34.819Z
6a6a940ae74af7870f6d0635,2026-07-30T00:00:12.624Z
6a6a9837e74af7870f6d0637,2026-07-30T00:18:01.130Z
6a6a99d9e74af7870f6d0638,2026-07-30T00:24:59.306Z
6a6a99f704b99bae22a92fd0,2026-07-30T00:25:29.014Z
6a6a9b89e74af7870f6d0639,2026-07-30T00:32:11.407Z
6a6a9d06e74af7870f6d063a,2026-07-30T00:38:32.552Z
6a6aa6c9e74af7870f6d063b,2026-07-30T01:20:11.661Z
6a6aa9aee74af7870f6d063c,2026-07-30T01:32:32.835Z
6a6aac3704b99bae22a92fd1,2026-07-30T01:43:21.819Z
6a6aac7c04b99bae22a92fd2,2026-07-30T01:44:30.645Z
6a6aaea6e74af7870f6d063d,2026-07-30T01:53:44.803Z
6a6aafb4e74af7870f6d063e,2026-07-30T01:58:14.727Z
6a6ab09804b99bae22a92fd3,2026-07-30T02:02:05.380Z
6a6ab19604b99bae22a92fd4,2026-07-30T02:06:16.218Z
6a6ab2ade74af7870f6d063f,2026-07-30T02:10:55.674Z
6a6ab4fbe74af7870f6d0640,2026-07-30T02:20:45.928Z
6a6ab6a6e74af7870f6d0641,2026-07-30T02:27:52.261Z
6a6ab718e74af7870f6d0642,2026-07-30T02:29:45.811Z
6a6abccb04b99bae22a92fd5,2026-07-30T02:54:05.689Z
6a6abe5904b99bae22a92fd6,2026-07-30T03:00:44.580Z
6a6ac39504b99bae22a92fd7,2026-07-30T03:23:02.884Z
6a6ac50de74af7870f6d0643,2026-07-30T03:29:20.333Z
6a6ac53504b99bae22a92fd8,2026-07-30T03:29:59.984Z
6a6ace3904b99bae22a92fd9,2026-07-30T04:08:30.783Z
6a6ad07104b99bae22a92fda,2026-07-30T04:17:54.569Z
6a6ad0d9e74af7870f6d0644,2026-07-30T04:19:39.164Z
6a6ada94e74af7870f6d0646,2026-07-30T05:01:11.015Z
6a6adaa804b99bae22a92fdb,2026-07-30T05:01:30.546Z
6a6adaf3e74af7870f6d0647,2026-07-30T05:02:45.259Z
6a6adb5204b99bae22a92fdc,2026-07-30T05:04:20.856Z
6a6adbade74af7870f6d0648,2026-07-30T05:05:50.882Z
6a6adc0704b99bae22a92fdd,2026-07-30T05:07:21.815Z
6a6adc6104b99bae22a92fde,2026-07-30T05:08:51.598Z
6a6adc8004b99bae22a92fdf,2026-07-30T05:09:22.367Z
6a6adcb6e74af7870f6d0649,2026-07-30T05:10:16.658Z
6a6add03e74af7870f6d064a,2026-07-30T05:11:32.841Z
6a6add4e04b99bae22a92fe0,2026-07-30T05:12:48.420Z
6a6add9b04b99bae22a92fe1,2026-07-30T05:14:04.649Z
6a6addfae74af7870f6d064b,2026-07-30T05:15:40.124Z
6a6ade45e74af7870f6d064c,2026-07-30T05:16:54.856Z
6a6ae0ff04b99bae22a92fe2,2026-07-30T05:28:33.429Z
6a6ae65904b99bae22a92fe3,2026-07-30T05:51:23.714Z
6a6af2cc04b99bae22a92fe5,2026-07-30T06:44:30.445Z
6a6af34e04b99bae22a92fe6,2026-07-30T06:46:42.804Z
6a6af6ff04b99bae22a92fe7,2026-07-30T07:02:25.913Z
6a6afeba04b99bae22a92fe8,2026-07-30T07:35:24.817Z
6a6aff35e74af7870f6d064d,2026-07-30T07:37:26.875Z
6a6aff7be74af7870f6d064e,2026-07-30T07:38:37.513Z
6a6b007fe74af7870f6d064f,2026-07-30T07:42:57.305Z
6a6b017904b99bae22a92fea,2026-07-30T07:47:06.619Z
6a6b03fae74af7870f6d0650,2026-07-30T07:57:47.953Z
6a6b067804b99bae22a92feb,2026-07-30T08:08:25.704Z
6a6b070fe74af7870f6d0651,2026-07-30T08:10:57.641Z
6a6b0804e74af7870f6d0652,2026-07-30T08:15:01.879Z
6a6b0911e74af7870f6d0654,2026-07-30T08:19:31.934Z
6a6b092d04b99bae22a92fec,2026-07-30T08:19:58.929Z
6a6b09ece74af7870f6d0655,2026-07-30T08:23:10.560Z
6a6b0a63e74af7870f6d0656,2026-07-30T08:25:09.083Z
6a6b0d23e74af7870f6d0657,2026-07-30T08:36:53.494Z
6a6b0e1504b99bae22a92fed,2026-07-30T08:40:55.783Z
6a6b0e2404b99bae22a92fee,2026-07-30T08:41:10.425Z
6a6b10c804b99bae22a92fef,2026-07-30T08:52:25.714Z
6a6b12c8e74af7870f6d0658,2026-07-30T09:00:57.995Z
6a6b132704b99bae22a92ff0,2026-07-30T09:02:32.888Z
6a6b134104b99bae22a92ff1,2026-07-30T09:03:00.777Z
6a6b1369e74af7870f6d0659,2026-07-30T09:03:38.994Z
6a6b1386e74af7870f6d065a,2026-07-30T09:04:08.369Z
6a6b13de04b99bae22a92ff3,2026-07-30T09:05:35.975Z
6a6b143be74af7870f6d065b,2026-07-30T09:07:09.206Z
6a6b1495e74af7870f6d065c,2026-07-30T09:08:39.563Z
6a6b14e704b99bae22a92ff4,2026-07-30T09:10:01.784Z
6a6b1535e74af7870f6d065d,2026-07-30T09:11:19.515Z
6a6b158404b99bae22a92ff5,2026-07-30T09:12:38.103Z
6a6b15bb04b99bae22a92ff6,2026-07-30T09:13:33.003Z
6a6b15dc04b99bae22a92ff7,2026-07-30T09:14:06.662Z
6a6b162804b99bae22a92ff8,2026-07-30T09:15:22.594Z
6a6b1673e74af7870f6d065e,2026-07-30T09:16:37.332Z
6a6b19d5e74af7870f6d065f,2026-07-30T09:31:03.079Z
6a6b1a8c04b99bae22a92ffa,2026-07-30T09:34:06.419Z
6a6b1b3704b99bae22a92ffb,2026-07-30T09:36:57.184Z
6a6b1f9b04b99bae22a92ffe,2026-07-30T09:55:40.964Z
6a6b259ee74af7870f6d0660,2026-07-30T10:21:19.985Z
6a6b26f6e74af7870f6d0661,2026-07-30T10:27:04.334Z
6a6b271704b99bae22a92fff,2026-07-30T10:27:37.781Z
6a6b284004b99bae22a93000,2026-07-30T10:32:35.043Z
6a6b2858e74af7870f6d0662,2026-07-30T10:32:57.985Z
6a6b286a04b99bae22a93001,2026-07-30T10:33:16.248Z
6a6b29dde74af7870f6d0665,2026-07-30T10:39:27.060Z
6a6b2a04e74af7870f6d0666,2026-07-30T10:40:06.334Z
6a6b2ab4e74af7870f6d0667,2026-07-30T10:43:02.053Z
6a6b2dbbe74af7870f6d0668,2026-07-30T10:55:57.185Z
6a6b2e3a04b99bae22a93003,2026-07-30T10:58:04.766Z
6a6b3236e74af7870f6d066a,2026-07-30T11:15:04.378Z
6a6b3868e74af7870f6d066b,2026-07-30T11:41:30.655Z
6a6b3c7a04b99bae22a93006,2026-07-30T11:58:52.512Z
6a6b3d47e74af7870f6d066c,2026-07-30T12:02:17.107Z
6a6b407b04b99bae22a93007,2026-07-30T12:15:57.936Z
6a6b4235e74af7870f6d066d,2026-07-30T12:23:19.168Z
6a6b460404b99bae22a93008,2026-07-30T12:39:34.962Z
6a6b462a04b99bae22a93009,2026-07-30T12:40:12.395Z
6a6b4772e74af7870f6d0670,2026-07-30T12:45:40.245Z
6a6b4833e74af7870f6d0671,2026-07-30T12:48:53.756Z
6a6b4864e74af7870f6d0672,2026-07-30T12:49:41.973Z
6a6b4a5204b99bae22a9300b,2026-07-30T12:57:56.604Z
6a6b4b07e74af7870f6d0673,2026-07-30T13:00:56.957Z
6a6b4b4a04b99bae22a9300c,2026-07-30T13:02:05.429Z
6a6b4b62e74af7870f6d0674,2026-07-30T13:02:28.664Z
6a6b4bc304b99bae22a9300d,2026-07-30T13:04:05.580Z
6a6b4c2104b99bae22a9300e,2026-07-30T13:05:38.819Z
6a6b4c7704b99bae22a9300f,2026-07-30T13:07:05.001Z
6a6b4cd3e74af7870f6d0675,2026-07-30T13:08:37.393Z
6a6b4d0de74af7870f6d0676,2026-07-30T13:09:35.229Z
6a6b4d2704b99bae22a93010,2026-07-30T13:10:00.935Z
6a6b4d74e74af7870f6d0677,2026-07-30T13:11:18.884Z
6a6b4d7604b99bae22a93011,2026-07-30T13:11:20.606Z
6a6b4dc004b99bae22a93012,2026-07-30T13:12:33.696Z
6a6b4e0a04b99bae22a93013,2026-07-30T13:13:48.257Z
6a6b4e2ce74af7870f6d0678,2026-07-30T13:14:22.338Z
6a6b4e57e74af7870f6d0679,2026-07-30T13:15:05.526Z
6a6b4ea204b99bae22a93014,2026-07-30T13:16:20.054Z
6a6b5289e74af7870f6d067a,2026-07-30T13:32:59.028Z
6a6b52eae74af7870f6d067b,2026-07-30T13:34:39.197Z
6a6b5557e74af7870f6d067d,2026-07-30T13:44:57.794Z
6a6b55d904b99bae22a93016,2026-07-30T13:47:07.341Z
6a6b5683e74af7870f6d067e,2026-07-30T13:49:57.262Z
6a6b57c704b99bae22a93017,2026-07-30T13:55:20.885Z
6a6b587704b99bae22a93018,2026-07-30T13:58:17.891Z
6a6b596804b99bae22a93019,2026-07-30T14:02:18.071Z
6a6b5baee74af7870f6d0680,2026-07-30T14:12:00.832Z
6a6b5bf204b99bae22a9301a,2026-07-30T14:13:08.447Z
6a6b5d1de74af7870f6d0681,2026-07-30T14:18:10.783Z
6a6b5d25e74af7870f6d0682,2026-07-30T14:18:15.072Z
6a6b5d2b04b99bae22a9301b,2026-07-30T14:18:21.143Z
6a6b5d50e74af7870f6d0683,2026-07-30T14:19:01.133Z
6a6b5d6ae74af7870f6d0684,2026-07-30T14:19:24.551Z
6a6b5db504b99bae22a9301d,2026-07-30T14:20:39.597Z
6a6b5e4504b99bae22a9301e,2026-07-30T14:23:02.800Z
6a6b5f2b04b99bae22a9301f,2026-07-30T14:26:53.467Z
6a6b6035e74af7870f6d0685,2026-07-30T14:31:20.795Z
6a6b617a04b99bae22a93020,2026-07-30T14:36:44.801Z
6a6b634204b99bae22a93021,2026-07-30T14:44:20.548Z
6a6b63d404b99bae22a93022,2026-07-30T14:46:46.847Z
6a6b63f8e74af7870f6d0686,2026-07-30T14:47:22.807Z
6a6b646de74af7870f6d0687,2026-07-30T14:49:19.482Z
6a6b661804b99bae22a93023,2026-07-30T14:56:29.432Z
6a6b68f004b99bae22a93024,2026-07-30T15:08:34.883Z
6a6b6a4004b99bae22a93025,2026-07-30T15:14:10.523Z
6a6b730004b99bae22a93026,2026-07-30T15:51:30.272Z
6a6b740104b99bae22a93027,2026-07-30T15:55:47.700Z
6a6b744904b99bae22a93028,2026-07-30T15:56:59.282Z
6a6b7462e74af7870f6d068a,2026-07-30T15:57:24.260Z
6a6b77a904b99bae22a93029,2026-07-30T16:11:24.073Z
6a6b7a3ee74af7870f6d068b,2026-07-30T16:22:24.035Z
6a6b7a6804b99bae22a9302a,2026-07-30T16:23:06.345Z
6a6b7a9d04b99bae22a9302b,2026-07-30T16:23:59.417Z
6a6b7c1904b99bae22a9302c,2026-07-30T16:30:19.669Z
6a6b7eaae74af7870f6d068d,2026-07-30T16:41:16.662Z
6a6b814b04b99bae22a9302d,2026-07-30T16:52:29.617Z
6a6b834a04b99bae22a9302e,2026-07-30T17:01:00.180Z
6a6b83a304b99bae22a9302f,2026-07-30T17:02:29.883Z
6a6b83fae74af7870f6d068e,2026-07-30T17:03:56.041Z
6a6b8452e74af7870f6d068f,2026-07-30T17:05:23.791Z
6a6b84a8e74af7870f6d0690,2026-07-30T17:06:49.854Z
6a6b84fe04b99bae22a93030,2026-07-30T17:08:15.861Z
6a6b8553e74af7870f6d0691,2026-07-30T17:09:41.820Z
6a6b85a504b99bae22a93031,2026-07-30T17:11:03.367Z
6a6b85f3e74af7870f6d0692,2026-07-30T17:12:21.504Z
6a6b8633e74af7870f6d0693,2026-07-30T17:13:25.017Z
6a6b863604b99bae22a93032,2026-07-30T17:13:29.119Z
6a6b863ee74af7870f6d0694,2026-07-30T17:13:35.829Z
6a6b868ae74af7870f6d0695,2026-07-30T17:14:52.836Z
6a6b86d604b99bae22a93033,2026-07-30T17:16:07.662Z
6a6b87c404b99bae22a93034,2026-07-30T17:20:07.112Z
6a6b88d5e74af7870f6d0696,2026-07-30T17:24:39.305Z
6a6b899604b99bae22a93037,2026-07-30T17:27:52.023Z
6a6b8a13e74af7870f6d0697,2026-07-30T17:29:57.559Z
6a6b8e2304b99bae22a93038,2026-07-30T17:47:17.936Z
6a6b8e5f4b644ce1c3495bc1,2026-07-30T17:48:16.167Z
6a6b94e104b99bae22a9303a,2026-07-30T18:16:03.256Z
6a6b9563e74af7870f6d0698,2026-07-30T18:18:13.436Z
6a6b9af7e74af7870f6d069b,2026-07-30T18:42:01.652Z
6a6b9b5304b99bae22a9303b,2026-07-30T18:43:32.838Z
6a6b9b8de74af7870f6d069c,2026-07-30T18:44:32.044Z
6a6b9bd304b99bae22a9303c,2026-07-30T18:45:41.516Z
6a6b9c2404b99bae22a9303d,2026-07-30T18:47:02.932Z
6a6ba070e74af7870f6d069e,2026-07-30T19:05:25.258Z
6a6ba37704b99bae22a9303e,2026-07-30T19:18:17.363Z
6a6ba3a5e74af7870f6d069f,2026-07-30T19:19:03.436Z
6a6ba3a6e74af7870f6d06a0,2026-07-30T19:19:04.960Z
6a6ba40004b99bae22a9303f,2026-07-30T19:20:36.658Z
6a6ba47504b99bae22a93040,2026-07-30T19:22:31.566Z
6a6ba4b104b99bae22a93041,2026-07-30T19:23:31.367Z
6a6ba53204b99bae22a93042,2026-07-30T19:25:39.827Z
6a6ba5f3e74af7870f6d06a1,2026-07-30T19:28:53.075Z
6a6ba6a204b99bae22a93043,2026-07-30T19:31:48.608Z
6a6ba6bde74af7870f6d06a2,2026-07-30T19:32:15.463Z
6a6ba847e74af7870f6d06a4,2026-07-30T19:38:49.922Z
6a6baa86e74af7870f6d06a5,2026-07-30T19:48:24.208Z
6a6bac1ce74af7870f6d06a6,2026-07-30T19:55:11.098Z
6a6bac7d04b99bae22a93044,2026-07-30T19:56:47.844Z
6a6bac9be74af7870f6d06a7,2026-07-30T19:57:17.671Z
6a6bacf0e74af7870f6d06a8,2026-07-30T19:58:42.789Z
6a6bad0de74af7870f6d06a9,2026-07-30T19:59:10.755Z
6a6bae48e74af7870f6d06aa,2026-07-30T20:04:26.076Z
6a6bae79e74af7870f6d06ab,2026-07-30T20:05:14.670Z
6a6bb10604b99bae22a93045,2026-07-30T20:16:07.998Z
6a6bb174e74af7870f6d06af,2026-07-30T20:17:59.066Z
6a6bb2bde74af7870f6d06b0,2026-07-30T20:23:27.258Z
6a6bb4d004b99bae22a93047,2026-07-30T20:32:18.475Z
6a6bb4d104b99bae22a93048,2026-07-30T20:32:19.196Z
6a6bb6a9e74af7870f6d06b1,2026-07-30T20:40:11.790Z
6a6bb6c2e74af7870f6d06b2,2026-07-30T20:40:36.767Z
6a6bbbcc04b99bae22a93049,2026-07-30T21:02:06.200Z
6a6bbbe104b99bae22a9304a,2026-07-30T21:02:26.699Z
6a6bbc9904b99bae22a9304b,2026-07-30T21:05:31.782Z
6a6bbe3904b99bae22a9304c,2026-07-30T21:12:27.341Z
6a6bbed004b99bae22a9304d,2026-07-30T21:14:57.957Z
6a6bc22704b99bae22a9304e,2026-07-30T21:29:13.963Z
6a6bc39f04b99bae22a9304f,2026-07-30T21:35:29.522Z
6a6bc3bfe74af7870f6d06b3,2026-07-30T21:36:00.926Z
6a6bc419e74af7870f6d06b4,2026-07-30T21:37:30.752Z
6a6bc44b04b99bae22a93050,2026-07-30T21:38:21.298Z
6a6bc64fe74af7870f6d06b5,2026-07-30T21:46:57.111Z
6a6bc69ee74af7870f6d06b6,2026-07-30T21:48:16.020Z
6a6bc95de74af7870f6d06b7,2026-07-30T21:59:59.134Z
6a6bcb90e74af7870f6d06b8,2026-07-30T22:09:22.190Z
6a6bcbc5e74af7870f6d06b9,2026-07-30T22:10:15.974Z
6a6bcd3004b99bae22a93051,2026-07-30T22:16:18.899Z
6a6bcdf404b99bae22a93052,2026-07-30T22:19:35.593Z
6a6bd0a8e74af7870f6d06ba,2026-07-30T22:31:06.218Z
6a6bd132e74af7870f6d06bb,2026-07-30T22:33:23.602Z
6a6bd194e74af7870f6d06bc,2026-07-30T22:35:01.770Z
6a6bd444e74af7870f6d06be,2026-07-30T22:46:30.895Z
6a6bd7d7e74af7870f6d06c0,2026-07-30T23:01:46.034Z
6a6bd81604b99bae22a93053,2026-07-30T23:02:48.144Z
6a6bda38e74af7870f6d06c1,2026-07-30T23:11:54.388Z
6a6be12504b99bae22a93055,2026-07-30T23:41:27.607Z
6a6be2f6e74af7870f6d06c3,2026-07-30T23:49:12.590Z
6a6be668e74af7870f6d06c4,2026-07-31T00:03:54.865Z
6a6beae104b99bae22a93056,2026-07-31T00:22:59.101Z
6a6bf07ae74af7870f6d06c6,2026-07-31T00:46:52.677Z
6a6bf7f5e74af7870f6d06c7,2026-07-31T01:18:47.249Z
6a6bf844e74af7870f6d06c8,2026-07-31T01:20:08.783Z
6a6bf9b704b99bae22a93058,2026-07-31T01:26:17.422Z
6a6bfa0404b99bae22a93059,2026-07-31T01:27:36.719Z
6a6bfa6be74af7870f6d06c9,2026-07-31T01:29:17.112Z
6a6bfc1c04b99bae22a9305b,2026-07-31T01:36:30.604Z
6a6c06ce04b99bae22a9305d,2026-07-31T02:22:08.983Z
6a6c0786e74af7870f6d06cb,2026-07-31T02:25:15.038Z
6a6c09ebe74af7870f6d06cc,2026-07-31T02:35:25.226Z
6a6c0da4e74af7870f6d06cd,2026-07-31T02:51:18.120Z
6a6c0e1f04b99bae22a9305f,2026-07-31T02:53:20.774Z
6a6c0e25e74af7870f6d06ce,2026-07-31T02:53:29.971Z
6a6c1b9ae74af7870f6d06cf,2026-07-31T03:50:54.830Z
6a6c2794e74af7870f6d06d0,2026-07-31T04:41:58.296Z
6a6c2c0504b99bae22a93061,2026-07-31T05:00:55.726Z
6a6c2c5804b99bae22a93062,2026-07-31T05:02:17.757Z
6a6c2caae74af7870f6d06d1,2026-07-31T05:03:40.444Z
6a6c2d07e74af7870f6d06d2,2026-07-31T05:05:13.840Z
6a6c2d5b04b99bae22a93063,2026-07-31T05:06:37.930Z
6a6c2dae04b99bae22a93064,2026-07-31T05:08:00.736Z
6a6c2e07e74af7870f6d06d3,2026-07-31T05:09:29.847Z
6a6c2e39e74af7870f6d06d4,2026-07-31T05:10:20.343Z
6a6c2e5304b99bae22a93065,2026-07-31T05:10:45.353Z
6a6c2e9fe74af7870f6d06d5,2026-07-31T05:12:00.967Z
6a6c2ea9e74af7870f6d06d6,2026-07-31T05:12:11.691Z
6a6c2eeae74af7870f6d06d7,2026-07-31T05:13:16.309Z
6a6c2eeae74af7870f6d06d8,2026-07-31T05:13:18.867Z
6a6c2f3704b99bae22a93066,2026-07-31T05:14:32.608Z
6a6c2f83e74af7870f6d06d9,2026-07-31T05:15:48.736Z
6a6c309504b99bae22a93067,2026-07-31T05:20:23.799Z
6a6c351504b99bae22a93068,2026-07-31T05:39:35.139Z
6a6c3776e74af7870f6d06dc,2026-07-31T05:49:44.492Z
6a6c37bfe74af7870f6d06dd,2026-07-31T05:50:57.810Z
6a6c41fde74af7870f6d06de,2026-07-31T06:34:38.933Z
6a6c437004b99bae22a9306a,2026-07-31T06:40:50.073Z
6a6c4550e74af7870f6d06df,2026-07-31T06:48:49.805Z
6a6c46ab04b99bae22a9306b,2026-07-31T06:54:37.922Z
6a6c4ae304b99bae22a9306c,2026-07-31T07:12:37.183Z
6a6c4b25e74af7870f6d06e1,2026-07-31T07:13:43.108Z
6a6c4f47e74af7870f6d06e2,2026-07-31T07:31:21.764Z
6a6c520f04b99bae22a9306e,2026-07-31T07:43:13.555Z
6a6c5267e74af7870f6d06e3,2026-07-31T07:44:40.846Z
6a6c5387e74af7870f6d06e4,2026-07-31T07:49:29.698Z
6a6c599004b99bae22a9306f,2026-07-31T08:15:14.657Z
6a6c614ee74af7870f6d06e6,2026-07-31T08:48:16.739Z
6a6c6449e74af7870f6d06e7,2026-07-31T09:00:59.898Z
6a6c649904b99bae22a93071,2026-07-31T09:02:19.223Z
6a6c64ede74af7870f6d06e8,2026-07-31T09:03:43.942Z
6a6c654404b99bae22a93072,2026-07-31T09:05:10.122Z
6a6c6596e74af7870f6d06e9,2026-07-31T09:06:32.379Z
6a6c65bf04b99bae22a93073,2026-07-31T09:07:12.946Z
6a6c65e8e74af7870f6d06ea,2026-07-31T09:07:54.170Z
6a6c6634e74af7870f6d06eb,2026-07-31T09:09:10.049Z
6a6c667de74af7870f6d06ec,2026-07-31T09:10:23.517Z
6a6c66c404b99bae22a93074,2026-07-31T09:11:35.080Z
6a6c670ce74af7870f6d06ed,2026-07-31T09:12:46.949Z
6a6c6755e74af7870f6d06ee,2026-07-31T09:13:58.909Z
6a6c678604b99bae22a93075,2026-07-31T09:14:48.217Z
6a6c67fb04b99bae22a93076,2026-07-31T09:16:45.388Z
6a6c6824e74af7870f6d06ef,2026-07-31T09:17:26.431Z
6a6c696404b99bae22a93077,2026-07-31T09:22:46.313Z
6a6c6a85e74af7870f6d06f0,2026-07-31T09:27:36.418Z
6a6c6ab2e74af7870f6d06f1,2026-07-31T09:28:20.205Z
6a6c6d5d04b99bae22a93078,2026-07-31T09:39:43.177Z
6a6c6dc3e74af7870f6d06f2,2026-07-31T09:41:25.377Z
6a6c708ee74af7870f6d06f3,2026-07-31T09:53:20.518Z
6a6c72d2e74af7870f6d06f4,2026-07-31T10:03:00.627Z
6a6c75d8e74af7870f6d06f6,2026-07-31T10:15:55.635Z
6a6c762904b99bae22a93079,2026-07-31T10:17:15.251Z
6a6c7950e74af7870f6d06fa,2026-07-31T10:30:42.643Z
6a6c79aee74af7870f6d06fb,2026-07-31T10:32:15.756Z
6a6c7f01e74af7870f6d06fd,2026-07-31T10:54:59.876Z
6a6c815be74af7870f6d06fe,2026-07-31T11:05:00.952Z
6a6c88a6e74af7870f6d0702,2026-07-31T11:36:08.469Z
6a6c8dd8e74af7870f6d0703,2026-07-31T11:58:18.499Z
6a6c8e7b04b99bae22a93080,2026-07-31T12:01:02.132Z
6a6c8f6ee74af7870f6d0704,2026-07-31T12:05:04.597Z
6a6c90ebe74af7870f6d0705,2026-07-31T12:11:24.825Z
6a6c92e104b99bae22a93081,2026-07-31T12:19:47.620Z
6a6c940f04b99bae22a93083,2026-07-31T12:24:49.787Z
6a6c95d9e74af7870f6d0706,2026-07-31T12:32:28.060Z
6a6c975fe74af7870f6d0707,2026-07-31T12:38:57.149Z
6a6c9c70e74af7870f6d0708,2026-07-31T13:00:34.537Z
6a6c9cc004b99bae22a93085,2026-07-31T13:01:53.961Z
6a6c9d2a04b99bae22a93086,2026-07-31T13:03:40.484Z
6a6c9d7e04b99bae22a93087,2026-07-31T13:05:04.275Z
6a6c9dd904b99bae22a93088,2026-07-31T13:06:35.675Z
6a6c9e45e74af7870f6d0709,2026-07-31T13:08:24.004Z
6a6c9e9104b99bae22a93089,2026-07-31T13:09:39.416Z
6a6c9e95e74af7870f6d070a,2026-07-31T13:09:43.866Z
6a6c9edee74af7870f6d070b,2026-07-31T13:10:56.629Z
6a6c9f2a04b99bae22a9308a,2026-07-31T13:12:12.415Z
6a6c9f36e74af7870f6d070c,2026-07-31T13:12:23.916Z
6a6c9f6704b99bae22a9308b,2026-07-31T13:13:13.848Z
6a6c9f7604b99bae22a9308c,2026-07-31T13:13:28.558Z
6a6c9fbe04b99bae22a9308d,2026-07-31T13:14:40.185Z
6a6ca006e74af7870f6d070d,2026-07-31T13:15:52.684Z
6a6ca28804b99bae22a9308e,2026-07-31T13:26:34.802Z
6a6ca3b6e74af7870f6d070e,2026-07-31T13:31:37.067Z
6a6ca53604b99bae22a9308f,2026-07-31T13:38:00.765Z
6a6ca72504b99bae22a93092,2026-07-31T13:46:15.218Z
6a6ca736e74af7870f6d070f,2026-07-31T13:46:32.194Z
6a6ca88104b99bae22a93094,2026-07-31T13:52:03.354Z
6a6ca94704b99bae22a93095,2026-07-31T13:55:21.812Z
6a6ca9c1e74af7870f6d0710,2026-07-31T13:57:23.338Z
6a6caa28e74af7870f6d0711,2026-07-31T13:59:05.826Z
6a6caaae04b99bae22a93096,2026-07-31T14:01:20.007Z
6a6cac7204b99bae22a93097,2026-07-31T14:08:52.801Z
6a6cad1de74af7870f6d0712,2026-07-31T14:11:42.920Z
6a6caf1be74af7870f6d0713,2026-07-31T14:20:13.316Z
6a6cafe104b99bae22a9309a,2026-07-31T14:23:31.917Z
6a6cb1b9e74af7870f6d0715,2026-07-31T14:31:23.745Z
6a6cb2a9e74af7870f6d0716,2026-07-31T14:35:23.595Z
6a6cb31904b99bae22a9309b,2026-07-31T14:37:15.864Z
6a6cb682e74af7870f6d0717,2026-07-31T14:51:50.750Z
6a6cb96c04b99bae22a9309c,2026-07-31T15:04:14.855Z
6a6cb97ce74af7870f6d0718,2026-07-31T15:04:30.401Z
6a6cbaa7e74af7870f6d071a,2026-07-31T15:09:29.414Z
6a6cbd5a04b99bae22a9309e,2026-07-31T15:21:00.911Z
6a6cbe6e04b99bae22a9309f,2026-07-31T15:25:36.166Z
6a6cbe98e74af7870f6d071b,2026-07-31T15:26:19.042Z
6a6cbf3404b99bae22a930a0,2026-07-31T15:28:54.152Z
6a6cc01a04b99bae22a930a1,2026-07-31T15:32:44.585Z
6a6cc13adbb3038e0820e168,2026-07-31T15:37:32.708Z
6a6cc254e74af7870f6d071c,2026-07-31T15:42:14.307Z
6a6cc2c404b99bae22a930a2,2026-07-31T15:44:06.895Z
6a6cc2f804b99bae22a930a3,2026-07-31T15:44:58.377Z
6a6cc3d5e74af7870f6d071d,2026-07-31T15:48:39.378Z
6a6cc7c504b99bae22a930a6,2026-07-31T16:05:27.118Z
6a6cc8a1e74af7870f6d071e,2026-07-31T16:09:07.937Z
6a6ccbf8e74af7870f6d071f,2026-07-31T16:23:22.359Z
6a6ccc58e74af7870f6d0720,2026-07-31T16:24:58.268Z
6a6ccc9804b99bae22a930a7,2026-07-31T16:26:02.052Z
6a6ccccae74af7870f6d0721,2026-07-31T16:26:52.803Z
6a6cce3404b99bae22a930a8,2026-07-31T16:32:57.249Z
6a6cce7e04b99bae22a930a9,2026-07-31T16:34:07.964Z
6a6ccfa604b99bae22a930aa,2026-07-31T16:39:04.255Z
6a6cd15104b99bae22a930ab,2026-07-31T16:46:11.333Z
6a6cd152e74af7870f6d0723,2026-07-31T16:46:11.585Z
6a6cd1e8e74af7870f6d0724,2026-07-31T16:48:43.034Z
6a6cd4b4e74af7870f6d0725,2026-07-31T17:00:38.748Z
6a6cd51fe74af7870f6d0726,2026-07-31T17:02:25.301Z
6a6cd57404b99bae22a930ad,2026-07-31T17:03:51.017Z
6a6cd5c904b99bae22a930ae,2026-07-31T17:05:15.301Z
6a6cd61c04b99bae22a930b0,2026-07-31T17:06:39.256Z
6a6cd67404b99bae22a930b1,2026-07-31T17:08:05.905Z
6a6cd6c304b99bae22a930b2,2026-07-31T17:09:25.209Z
6a6cd71004b99bae22a930b3,2026-07-31T17:10:43.516Z
6a6cd75de74af7870f6d0727,2026-07-31T17:11:58.701Z
6a6cd7a5e74af7870f6d0728,2026-07-31T17:13:11.670Z
6a6cd7f104b99bae22a930b4,2026-07-31T17:14:27.532Z
6a6cd83d04b99bae22a930b5,2026-07-31T17:15:43.548Z
6a6cde24e74af7870f6d072a,2026-07-31T17:40:55.204Z
6a6ce0c2e74af7870f6d072b,2026-07-31T17:52:04.116Z
6a6ce1f1e74af7870f6d072d,2026-07-31T17:57:07.664Z
6a6ce32404b99bae22a930b7,2026-07-31T18:02:17.538Z
6a6ce4aee74af7870f6d072f,2026-07-31T18:08:48.441Z
6a6ce57ce74af7870f6d0730,2026-07-31T18:12:14.735Z
6a6ce66904b99bae22a930b8,2026-07-31T18:16:12.407Z
6a6ce86804b99bae22a930b9,2026-07-31T18:24:43.022Z
6a6cea03e74af7870f6d0731,2026-07-31T18:31:34.248Z
6a6cea25e74af7870f6d0732,2026-07-31T18:32:09.498Z
6a6ceab6e74af7870f6d0733,2026-07-31T18:34:32.319Z
6a6ceaeee74af7870f6d0734,2026-07-31T18:35:28.457Z
6a6ceb3ce74af7870f6d0735,2026-07-31T18:36:46.440Z
6a6ced48e74af7870f6d0736,2026-07-31T18:45:31.025Z
6a6ced4be74af7870f6d0737,2026-07-31T18:45:33.688Z
6a6cedb004b99bae22a930bb,2026-07-31T18:47:13.869Z
6a6cef818a1e7cb1ede74279,2026-07-31T18:54:57.627Z
6a6cf02b04b99bae22a930bc,2026-07-31T18:57:50.366Z
6a6cf37f04b99bae22a930bd,2026-07-31T19:12:02.095Z
6a6cf59ae74af7870f6d0738,2026-07-31T19:21:00.142Z
6a6cf5ac04b99bae22a930be,2026-07-31T19:21:18.835Z
6a6cf8eae74af7870f6d0739,2026-07-31T19:35:08.949Z
6a6cfc00e74af7870f6d073b,2026-07-31T19:48:18.664Z
6a6cff5d04b99bae22a930bf,2026-07-31T20:02:39.990Z
6a6d0259e74af7870f6d073c,2026-07-31T20:15:23.740Z
6a6d038604b99bae22a930c0,2026-07-31T20:20:24.818Z
6a6d0619e74af7870f6d073d,2026-07-31T20:31:23.969Z
6a6d069504b99bae22a930c1,2026-07-31T20:33:27.015Z
6a6d08da04b99bae22a930c3,2026-07-31T20:43:08.099Z
6a6d0e7e04b99bae22a930c4,2026-07-31T21:07:12.127Z
6a6d11ea04b99bae22a930c5,2026-07-31T21:21:48.602Z
6a6d158304b99bae22a930c6,2026-07-31T21:37:09.601Z
6a6d15a3e74af7870f6d073f,2026-07-31T21:37:41.615Z
6a6d172f04b99bae22a930c7,2026-07-31T21:44:16.699Z
6a6d17bae74af7870f6d0740,2026-07-31T21:46:36.175Z
6a6d19e7e74af7870f6d0741,2026-07-31T21:55:53.837Z
6a6d1a2804b99bae22a930c8,2026-07-31T21:56:58.658Z
6a6d1bbce74af7870f6d0742,2026-07-31T22:03:42.310Z
6a6d1c94e74af7870f6d0743,2026-07-31T22:07:18.563Z
6a6d1ce6e74af7870f6d0744,2026-07-31T22:08:40.654Z
6a6d1e96e74af7870f6d0745,2026-07-31T22:15:52.744Z
6a6d217504b99bae22a930c9,2026-07-31T22:28:07.543Z
6a6d2286e74af7870f6d0747,2026-07-31T22:32:40.866Z
6a6d28c004b99bae22a930ca,2026-07-31T22:59:15.138Z
6a6d2944e74af7870f6d0749,2026-07-31T23:01:26.908Z
6a6d3522e74af7870f6d074c,2026-07-31T23:52:04.352Z
6a6d38ad04b99bae22a930cc,2026-08-01T00:07:11.856Z
6a6d3f3904b99bae22a930cd,2026-08-01T00:35:06.618Z
6a6d409de74af7870f6d074d,2026-08-01T00:41:02.777Z
6a6d469304b99bae22a930cf,2026-08-01T01:06:29.511Z
6a6d489c04b99bae22a930d0,2026-08-01T01:15:10.575Z
6a6d49f0e74af7870f6d074e,2026-08-01T01:20:50.522Z
6a6d49fa04b99bae22a930d1,2026-08-01T01:21:00.487Z
6a6d4a44e74af7870f6d074f,2026-08-01T01:22:15.217Z
6a6d4f5ce74af7870f6d0750,2026-08-01T01:43:58.260Z
6a6d5293e74af7870f6d0751,2026-08-01T01:57:41.614Z
6a6d596ce74af7870f6d0752,2026-08-01T02:26:53.780Z
6a6d5ea004b99bae22a930d2,2026-08-01T02:49:07.170Z
6a6d609be74af7870f6d0754,2026-08-01T02:57:33.575Z
6a6d610804b99bae22a930d3,2026-08-01T02:59:21.940Z
6a6d632904b99bae22a930d4,2026-08-01T03:08:26.865Z
6a6d646304b99bae22a930d5,2026-08-01T03:13:41.776Z
6a6d677ee74af7870f6d0755,2026-08-01T03:26:56.704Z
6a6d67ace74af7870f6d0756,2026-08-01T03:27:42.363Z
6a6d6cba04b99bae22a930d6,2026-08-01T03:49:16.605Z
6a6d708804b99bae22a930d7,2026-08-01T04:05:30.162Z
6a6d712704b99bae22a930d8,2026-08-01T04:08:09.189Z
6a6d73df04b99bae22a930da,2026-08-01T04:19:48.393Z
6a6d7928e74af7870f6d0757,2026-08-01T04:42:18.742Z
6a6d7d73e74af7870f6d0758,2026-08-01T05:00:37.358Z
6a6d7dcb04b99bae22a930db,2026-08-01T05:02:05.211Z
6a6d7e3be74af7870f6d0759,2026-08-01T05:03:56.855Z
6a6d7e8ee74af7870f6d075a,2026-08-01T05:05:20.310Z
6a6d7ee004b99bae22a930dc,2026-08-01T05:06:42.373Z
6a6d7f3304b99bae22a930dd,2026-08-01T05:08:05.432Z
6a6d7f8204b99bae22a930de,2026-08-01T05:09:24.148Z
6a6d7fcfe74af7870f6d075b,2026-08-01T05:10:41.668Z
6a6d801b04b99bae22a930df,2026-08-01T05:11:56.988Z
6a6d8063e74af7870f6d075c,2026-08-01T05:13:08.881Z
6a6d80afe74af7870f6d075d,2026-08-01T05:14:25.279Z
6a6d80fa04b99bae22a930e0,2026-08-01T05:15:41.127Z
6a6d8109e74af7870f6d075e,2026-08-01T05:15:55.209Z
6a6d814de74af7870f6d0761,2026-08-01T05:17:02.547Z
6a6d8399e74af7870f6d0762,2026-08-01T05:26:51.559Z
6a6d8dade74af7870f6d0763,2026-08-01T06:09:51.270Z
6a6d92c904b99bae22a930e1,2026-08-01T06:31:39.313Z
6a6d93bbe74af7870f6d0764,2026-08-01T06:35:41.395Z
6a6d9692e74af7870f6d0765,2026-08-01T06:47:48.441Z
6a6d996304b99bae22a930e2,2026-08-01T06:59:49.540Z
6a6d9a6304b99bae22a930e3,2026-08-01T07:04:05.003Z
6a6d9abee74af7870f6d0766,2026-08-01T07:05:36.435Z
6a6d9adb04b99bae22a930e4,2026-08-01T07:06:05.575Z
6a6d9c5204b99bae22a930e5,2026-08-01T07:12:20.866Z
6a6d9eaae74af7870f6d0769,2026-08-01T07:22:20.562Z
6a6d9f37e74af7870f6d076a,2026-08-01T07:24:40.987Z
6a6da01604b99bae22a930e6,2026-08-01T07:28:25.267Z
6a6da16804b99bae22a930e7,2026-08-01T07:34:02.405Z
6a6da2e004b99bae22a930e8,2026-08-01T07:40:18.718Z
6a6da439e74af7870f6d076b,2026-08-01T07:46:03.770Z
6a6da5abe74af7870f6d076c,2026-08-01T07:52:12.891Z
6a6da77ee74af7870f6d076d,2026-08-01T08:00:01.362Z
6a6da8ee04b99bae22a930e9,2026-08-01T08:06:08.980Z
6a6da99be74af7870f6d076e,2026-08-01T08:09:01.448Z
6a6dab9fe74af7870f6d076f,2026-08-01T08:17:37.641Z
6a6dabd1e74af7870f6d0770,2026-08-01T08:18:30.667Z
6a6dacba04b99bae22a930ed,2026-08-01T08:22:20.411Z
6a6dacd304b99bae22a930ee,2026-08-01T08:22:45.241Z
6a6dacd504b99bae22a930ef,2026-08-01T08:22:47.312Z
6a6dacd704b99bae22a930f0,2026-08-01T08:22:49.041Z
6a6dad0704b99bae22a930f1,2026-08-01T08:23:37.413Z
6a6db364e74af7870f6d0773,2026-08-01T08:50:47.275Z
6a6db5b604b99bae22a930f2,2026-08-01T09:00:40.388Z
6a6db60de74af7870f6d0774,2026-08-01T09:02:07.789Z
6a6db666e74af7870f6d0775,2026-08-01T09:03:36.199Z
6a6db6bae74af7870f6d0776,2026-08-01T09:05:01.020Z
6a6db71204b99bae22a930f3,2026-08-01T09:06:28.240Z
6a6db763e74af7870f6d0777,2026-08-01T09:07:49.005Z
6a6db7b6e74af7870f6d0778,2026-08-01T09:09:12.175Z
6a6db803e74af7870f6d0779,2026-08-01T09:10:29.269Z
6a6db85004b99bae22a930f4,2026-08-01T09:11:46.262Z
6a6db897e74af7870f6d077a,2026-08-01T09:12:57.321Z
6a6db8e304b99bae22a930f5,2026-08-01T09:14:13.846Z
6a6db92be74af7870f6d077b,2026-08-01T09:15:25.446Z
6a6dbce704b99bae22a930f6,2026-08-01T09:31:20.960Z
6a6dc0f0e74af7870f6d077c,2026-08-01T09:48:33.918Z
6a6dc638e74af7870f6d077d,2026-08-01T10:11:07.198Z
6a6dc6ffe74af7870f6d077f,2026-08-01T10:14:25.626Z
6a6dc7dc04b99bae22a930f9,2026-08-01T10:18:06.392Z
6a6dcadee74af7870f6d0780,2026-08-01T10:30:56.532Z
6a6dcd35e74af7870f6d0781,2026-08-01T10:40:54.955Z
6a6dce69e74af7870f6d0782,2026-08-01T10:46:03.585Z
6a6dcf8fe74af7870f6d0783,2026-08-01T10:50:57.091Z
6a6dd1a2e74af7870f6d0785,2026-08-01T10:59:48.406Z
6a6dd1b2e74af7870f6d0786,2026-08-01T11:00:03.992Z
6a6dd3f1e74af7870f6d0789,2026-08-01T11:09:39.330Z
6a6dd621e74af7870f6d078a,2026-08-01T11:18:59.552Z
6a6dd63c04b99bae22a930fc,2026-08-01T11:19:25.968Z
6a6dd660e74af7870f6d078b,2026-08-01T11:20:02.405Z
6a6dd839e74af7870f6d078c,2026-08-01T11:27:55.781Z
6a6dd94504b99bae22a930fd,2026-08-01T11:32:23.500Z
6a6dde18e74af7870f6d078d,2026-08-01T11:52:58.274Z
6a6ddf51e74af7870f6d078e,2026-08-01T11:58:11.866Z
6a6ddf88e74af7870f6d078f,2026-08-01T11:59:05.673Z
6a6ddfebe74af7870f6d0790,2026-08-01T12:00:45.261Z
6a6de0dce74af7870f6d0791,2026-08-01T12:04:46.294Z
6a6de545e74af7870f6d0792,2026-08-01T12:23:35.455Z
6a6de8a9e74af7870f6d0793,2026-08-01T12:38:03.280Z
6a6deb61e74af7870f6d0794,2026-08-01T12:49:39.230Z
6a6ded5be74af7870f6d0795,2026-08-01T12:58:05.644Z
6a6dedf5e74af7870f6d0796,2026-08-01T13:00:39.192Z
6a6dee47e74af7870f6d0797,2026-08-01T13:02:01.538Z
6a6dee9c04b99bae22a930ff,2026-08-01T13:03:26.243Z
6a6deeefe74af7870f6d0798,2026-08-01T13:04:49.687Z
6a6def4804b99bae22a93100,2026-08-01T13:06:18.315Z
6a6def9a04b99bae22a93101,2026-08-01T13:07:41.417Z
6a6defece74af7870f6d0799,2026-08-01T13:09:01.616Z
6a6df03104b99bae22a93102,2026-08-01T13:10:11.293Z
6a6df06ce74af7870f6d079a,2026-08-01T13:11:09.612Z
6a6df07e04b99bae22a93103,2026-08-01T13:11:27.681Z
6a6df0ca04b99bae22a93104,2026-08-01T13:12:44.710Z
6a6df11704b99bae22a93105,2026-08-01T13:14:00.850Z
6a6df14d04b99bae22a93106,2026-08-01T13:14:54.739Z
6a6df163e74af7870f6d079b,2026-08-01T13:15:17.035Z
6a6df78b04b99bae22a93108,2026-08-01T13:41:33.282Z
6a6df7a8e74af7870f6d079c,2026-08-01T13:42:04.839Z
6a6df8f3e74af7870f6d079d,2026-08-01T13:47:33.227Z
6a6dfa9b04b99bae22a93109,2026-08-01T13:54:37.271Z
6a6dfc93e74af7870f6d079e,2026-08-01T14:03:01.377Z
6a6dfe95e74af7870f6d079f,2026-08-01T14:11:35.242Z
6a6e050404b99bae22a9310a,2026-08-01T14:39:02.587Z
6a6e07e204b99bae22a9310c,2026-08-01T14:51:15.818Z
6a6e08d904b99bae22a9310d,2026-08-01T14:55:23.178Z
6a6e094804b99bae22a9310e,2026-08-01T14:57:15.052Z
6a6e09f304b99bae22a9310f,2026-08-01T15:00:04.900Z
6a6e0cc6e74af7870f6d07a0,2026-08-01T15:12:08.038Z
6a6e1288e74af7870f6d07a1,2026-08-01T15:36:42.155Z
6a6e142de74af7870f6d07a2,2026-08-01T15:43:43.678Z
6a6e182a04b99bae22a93111,2026-08-01T16:00:44.763Z
6a6e1b85e74af7870f6d07a3,2026-08-01T16:15:04.314Z
6a6e1e59e74af7870f6d07a4,2026-08-01T16:27:07.775Z
6a6e2004e74af7870f6d07a5,2026-08-01T16:34:14.178Z
6a6e232104b99bae22a93112,2026-08-01T16:47:30.920Z
6a6e2378e74af7870f6d07a6,2026-08-01T16:48:58.425Z
6a6e238004b99bae22a93113,2026-08-01T16:49:06.635Z
6a6e2633e74af7870f6d07a7,2026-08-01T17:00:37.389Z
6a6e268e04b99bae22a93114,2026-08-01T17:02:08.914Z
6a6e26e104b99bae22a93115,2026-08-01T17:03:31.527Z
6a6e273404b99bae22a93116,2026-08-01T17:04:54.763Z
6a6e279e04b99bae22a93117,2026-08-01T17:06:40.025Z
6a6e27f204b99bae22a93118,2026-08-01T17:08:04.102Z
6a6e284304b99bae22a93119,2026-08-01T17:09:25.662Z
6a6e287c04b99bae22a9311a,2026-08-01T17:10:21.851Z
6a6e289104b99bae22a9311b,2026-08-01T17:10:43.696Z
6a6e28e304b99bae22a9311c,2026-08-01T17:12:05.316Z
6a6e293004b99bae22a9311d,2026-08-01T17:13:22.362Z
6a6e297ce74af7870f6d07a8,2026-08-01T17:14:38.571Z
6a6e29c804b99bae22a9311e,2026-08-01T17:15:54.337Z
6a6e2a4204b99bae22a9311f,2026-08-01T17:17:56.611Z
6a6e2ecae74af7870f6d07a9,2026-08-01T17:37:16.480Z
6a6e30fce74af7870f6d07ab,2026-08-01T17:46:38.635Z
6a6e3111e74af7870f6d07ac,2026-08-01T17:46:59.179Z
6a6e311304b99bae22a93120,2026-08-01T17:47:01.708Z
6a6e31d704b99bae22a93121,2026-08-01T17:50:17.377Z
6a6e3400e74af7870f6d07ad,2026-08-01T17:59:29.824Z
6a6e3512e74af7870f6d07ae,2026-08-01T18:04:04.096Z
6a6e358f04b99bae22a93122,2026-08-01T18:06:09.013Z
6a6e35bbe74af7870f6d07af,2026-08-01T18:06:52.711Z
6a6e35d4e74af7870f6d07b0,2026-08-01T18:07:20.993Z
6a6e35d8e74af7870f6d07b1,2026-08-01T18:07:21.941Z
6a6e374fe74af7870f6d07b2,2026-08-01T18:13:37.118Z
6a6e391104b99bae22a93124,2026-08-01T18:21:07.344Z
6a6e3e6704b99bae22a93125,2026-08-01T18:43:53.688Z
6a6e3f1504b99bae22a93126,2026-08-01T18:46:47.306Z
6a6e400604b99bae22a93127,2026-08-01T18:50:48.094Z
6a6e406704b99bae22a93128,2026-08-01T18:52:25.598Z
6a6e42ed04b99bae22a93129,2026-08-01T19:03:11.090Z
6a6e46dee74af7870f6d07b3,2026-08-01T19:20:00.183Z
6a6e4908e74af7870f6d07b4,2026-08-01T19:29:14.145Z
6a6e4a98e74af7870f6d07b5,2026-08-01T19:35:55.010Z
6a6e4b44e74af7870f6d07b6,2026-08-01T19:38:46.385Z
6a6e4b9704b99bae22a9312b,2026-08-01T19:40:09.516Z
6a6e4c4504b99bae22a9312c,2026-08-01T19:43:03.895Z
6a6e4d40e74af7870f6d07b7,2026-08-01T19:47:17.078Z
6a6e4dae04b99bae22a9312d,2026-08-01T19:49:03.839Z
6a6e4ea004b99bae22a9312e,2026-08-01T19:53:06.336Z
6a6e4f3ce74af7870f6d07b8,2026-08-01T19:55:42.500Z
6a6e5032e74af7870f6d07b9,2026-08-01T19:59:51.281Z
6a6e51ae04b99bae22a9312f,2026-08-01T20:06:09.180Z
6a6e522704b99bae22a93130,2026-08-01T20:08:09.802Z
6a6e52fde74af7870f6d07ba,2026-08-01T20:11:43.540Z
6a6e5378e74af7870f6d07bb,2026-08-01T20:13:45.585Z
6a6e5396e74af7870f6d07bc,2026-08-01T20:14:16.001Z
6a6e5403e74af7870f6d07bd,2026-08-01T20:16:05.448Z
6a6e57d0e74af7870f6d07be,2026-08-01T20:32:18.897Z
6a6e5a1e04b99bae22a93131,2026-08-01T20:42:08.130Z
6a6e5a8804b99bae22a93132,2026-08-01T20:43:54.601Z
6a6e5c1a04b99bae22a93133,2026-08-01T20:50:36.828Z
6a6e5e1d04b99bae22a93135,2026-08-01T20:59:11.051Z
6a6e5fbde74af7870f6d07bf,2026-08-01T21:06:06.656Z
6a6e604704b99bae22a93137,2026-08-01T21:08:25.172Z
6a6e6211e74af7870f6d07c0,2026-08-01T21:16:03.700Z
6a6e6228e74af7870f6d07c1,2026-08-01T21:16:26.381Z
6a6e62b1e74af7870f6d07c2,2026-08-01T21:18:43.027Z
6a6e65d304b99bae22a93138,2026-08-01T21:32:05.590Z
6a6e65e8e74af7870f6d07c3,2026-08-01T21:32:30.077Z
6a6e666804b99bae22a93139,2026-08-01T21:34:33.957Z
6a6e6960e74af7870f6d07c4,2026-08-01T21:47:15.087Z
6a6e699ce74af7870f6d07c5,2026-08-01T21:48:14.422Z
6a6e69b404b99bae22a9313a,2026-08-01T21:48:38.301Z
6a6e6b14e74af7870f6d07c6,2026-08-01T21:54:30.548Z
6a6e6b8204b99bae22a9313b,2026-08-01T21:56:20.151Z
6a6e6c4b04b99bae22a9313c,2026-08-01T21:59:41.350Z
6a6e6ff904b99bae22a9313d,2026-08-01T22:15:23.459Z
6a6e77ace74af7870f6d07c9,2026-08-01T22:48:13.981Z
6a6e7e24e74af7870f6d07ca,2026-08-01T23:15:49.949Z
6a6e855104b99bae22a9313e,2026-08-01T23:46:26.528Z
6a6e8e7be74af7870f6d07cb,2026-08-02T00:25:33.427Z
6a6e8eaa04b99bae22a9313f,2026-08-02T00:26:20.945Z
6a6e9162e74af7870f6d07cc,2026-08-02T00:37:56.587Z
6a6e925204b99bae22a93140,2026-08-02T00:41:56.316Z
6a6e9483e74af7870f6d07cd,2026-08-02T00:51:17.512Z
6a6e973c04b99bae22a93142,2026-08-02T01:02:53.872Z
6a6e983704b99bae22a93144,2026-08-02T01:07:06.557Z
6a6e989a04b99bae22a93145,2026-08-02T01:08:44.302Z
6a6e9c14e74af7870f6d07ce,2026-08-02T01:23:34.796Z
6a6e9c9704b99bae22a93146,2026-08-02T01:25:46.075Z
6a6ea301e74af7870f6d07cf,2026-08-02T01:53:07.341Z
6a6ea797e74af7870f6d07d1,2026-08-02T02:12:41.449Z
6a6eac0de74af7870f6d07d2,2026-08-02T02:31:42.799Z
6a6eae27e74af7870f6d07d3,2026-08-02T02:40:41.821Z
6a6eb0cfe74af7870f6d07d4,2026-08-02T02:52:00.983Z
6a6eb2ebe74af7870f6d07d5,2026-08-02T03:01:02.126Z
6a6eb327e74af7870f6d07d6,2026-08-02T03:02:02.546Z
6a6eb3c0e74af7870f6d07d7,2026-08-02T03:04:34.066Z
6a6eb60704b99bae22a93148,2026-08-02T03:14:18.547Z
6a6eb86404b99bae22a93149,2026-08-02T03:24:22.649Z
6a6eb95be74af7870f6d07d8,2026-08-02T03:28:29.690Z
6a6eb9b704b99bae22a9314a,2026-08-02T03:30:01.727Z
6a6ebe1604b99bae22a9314b,2026-08-02T03:48:40.261Z
6a6ec110e74af7870f6d07d9,2026-08-02T04:01:22.945Z
6a6eca2a04b99bae22a9314c,2026-08-02T04:40:12.319Z
6a6ecb86e74af7870f6d07da,2026-08-02T04:46:00.663Z
6a6ecefa04b99bae22a9314d,2026-08-02T05:00:43.816Z
6a6ecf0de74af7870f6d07db,2026-08-02T05:01:05.541Z
6a6ecf4fe74af7870f6d07dc,2026-08-02T05:02:09.683Z
6a6ecf9c04b99bae22a9314e,2026-08-02T05:03:26.268Z
6a6ecfa7e74af7870f6d07dd,2026-08-02T05:03:37.661Z
6a6ed00fe74af7870f6d07de,2026-08-02T05:05:20.615Z
6a6ed05f04b99bae22a9314f,2026-08-02T05:06:42.059Z
6a6ed0a404b99bae22a93150,2026-08-02T05:07:50.855Z
6a6ed0b404b99bae22a93151,2026-08-02T05:08:06.139Z
6a6ed0f0e74af7870f6d07df,2026-08-02T05:09:06.315Z
6a6ed10404b99bae22a93152,2026-08-02T05:09:26.509Z
6a6ed149e74af7870f6d07e0,2026-08-02T05:10:35.538Z
6a6ed19504b99bae22a93153,2026-08-02T05:11:51.321Z
6a6ed1dde74af7870f6d07e1,2026-08-02T05:13:02.545Z
6a6ed22504b99bae22a93154,2026-08-02T05:14:15.171Z
6a6ed27104b99bae22a93155,2026-08-02T05:15:31.371Z
6a6ed2df04b99bae22a93156,2026-08-02T05:17:21.049Z
6a6ed9a204b99bae22a93157,2026-08-02T05:46:12.463Z
6a6ede3b04b99bae22a93158,2026-08-02T06:05:48.786Z
6a6ee1fbe74af7870f6d07e3,2026-08-02T06:21:49.428Z
6a6ee8cae74af7870f6d07e4,2026-08-02T06:50:51.701Z
6a6eeadf04b99bae22a9315a,2026-08-02T06:59:46.050Z
6a6eeb4104b99bae22a9315c,2026-08-02T07:01:23.503Z
6a6eecf2e74af7870f6d07e5,2026-08-02T07:08:36.679Z
6a6eee1904b99bae22a9315d,2026-08-02T07:13:31.223Z
6a6ef53904b99bae22a9315f,2026-08-02T07:43:54.974Z
6a6ef8e804b99bae22a93160,2026-08-02T07:59:40.705Z
6a6efbfe04b99bae22a93161,2026-08-02T08:12:48.879Z
6a6f032e04b99bae22a93162,2026-08-02T08:43:28.373Z
6a6f0408e74af7870f6d07e7,2026-08-02T08:47:06.412Z
6a6f04c1e74af7870f6d07e8,2026-08-02T08:50:11.631Z
6a6f04d9e74af7870f6d07e9,2026-08-02T08:50:37.560Z
6a6f07de04b99bae22a93164,2026-08-02T09:03:28.005Z
6a6f07fae74af7870f6d07ea,2026-08-02T09:03:56.663Z
6a6f0834e74af7870f6d07eb,2026-08-02T09:04:53.833Z
6a6f088704b99bae22a93165,2026-08-02T09:06:17.765Z
6a6f091204b99bae22a93166,2026-08-02T09:08:36.611Z
6a6f095b04b99bae22a93167,2026-08-02T09:09:48.938Z
6a6f09a204b99bae22a93168,2026-08-02T09:11:00.202Z
6a6f09eee74af7870f6d07ec,2026-08-02T09:12:16.099Z
6a6f0cd104b99bae22a93169,2026-08-02T09:24:35.067Z
6a6f0d8f04b99bae22a9316a,2026-08-02T09:27:47.399Z
6a6f0fe204b99bae22a9316b,2026-08-02T09:37:40.716Z
6a6f109a04b99bae22a9316c,2026-08-02T09:40:43.939Z
6a6f111d04b99bae22a9316d,2026-08-02T09:42:55.036Z
6a6f11cf04b99bae22a9316e,2026-08-02T09:45:53.710Z
6a6f1231e74af7870f6d07ed,2026-08-02T09:47:31.609Z
6a6f143904b99bae22a93170,2026-08-02T09:56:10.942Z
6a6f162904b99bae22a93171,2026-08-02T10:04:27.526Z
6a6f1737e74af7870f6d07ee,2026-08-02T10:08:57.567Z
6a6f1a5404b99bae22a93172,2026-08-02T10:22:14.231Z
6a6f1d08e74af7870f6d07ef,2026-08-02T10:33:46.452Z
6a6f24bae74af7870f6d07f0,2026-08-02T11:06:38.551Z
6a6f277d04b99bae22a93173,2026-08-02T11:18:22.842Z
6a6f27a8e74af7870f6d07f1,2026-08-02T11:19:06.149Z
6a6f2902e74af7870f6d07f2,2026-08-02T11:24:51.470Z
6a6f2aa6e74af7870f6d07f3,2026-08-02T11:31:52.910Z
6a6f2b39e74af7870f6d07f4,2026-08-02T11:34:19.559Z
6a6f2b99e74af7870f6d07f5,2026-08-02T11:35:55.510Z
6a6f2c41e74af7870f6d07f7,2026-08-02T11:38:43.989Z
6a6f308304b99bae22a93176,2026-08-02T11:56:53.694Z
6a6f313504b99bae22a93177,2026-08-02T11:59:53.938Z
6a6f361fe74af7870f6d07f8,2026-08-02T12:20:49.088Z
6a6f378fe74af7870f6d07fa,2026-08-02T12:26:58.482Z
6a6f37c0e74af7870f6d07fb,2026-08-02T12:27:46.661Z
6a6f3b30e74af7870f6d07fc,2026-08-02T12:42:25.915Z
6a6f3b3e04b99bae22a93179,2026-08-02T12:42:40.706Z
6a6f3c0404b99bae22a9317a,2026-08-02T12:45:58.357Z
6a6f3ec4e74af7870f6d07fe,2026-08-02T12:57:42.164Z
6a6f3ef304b99bae22a9317b,2026-08-02T12:58:29.126Z
6a6f3fd904b99bae22a9317c,2026-08-02T13:02:19.443Z
6a6f402e04b99bae22a9317d,2026-08-02T13:03:44.148Z
6a6f4082e74af7870f6d07ff,2026-08-02T13:05:08.838Z
6a6f40d704b99bae22a9317e,2026-08-02T13:06:33.478Z
6a6f4129e74af7870f6d0800,2026-08-02T13:07:55.599Z
6a6f417204b99bae22a9317f,2026-08-02T13:09:08.031Z
6a6f418b04b99bae22a93180,2026-08-02T13:09:33.127Z
6a6f41bfe74af7870f6d0801,2026-08-02T13:10:25.128Z
6a6f474b74ad5345e8015fa3,2026-08-02T13:34:05.445Z
6a6f47fb74ad5345e8015fa4,2026-08-02T13:37:01.683Z
6a6f498974ad5345e8015fa5,2026-08-02T13:43:39.665Z
6a6f503bfa0b8d107d03c5df,2026-08-02T14:12:13.693Z
6a6f50ae74ad5345e8015fa6,2026-08-02T14:14:10.461Z
6a6f50cf74ad5345e8015fa7,2026-08-02T14:14:44.041Z
6a6f510ffa0b8d107d03c5e0,2026-08-02T14:15:45.465Z
6a6f524ffa0b8d107d03c5e1,2026-08-02T14:21:05.054Z
6a6f5659fa0b8d107d03c5e2,2026-08-02T14:38:19.104Z
6a6f581774ad5345e8015fa8,2026-08-02T14:45:47.824Z
6a6f58ad74ad5345e8015fa9,2026-08-02T14:48:15.043Z
6a6f5af074ad5345e8015faa,2026-08-02T14:57:54.560Z
6a6f5c6ffa0b8d107d03c5e3,2026-08-02T15:04:17.118Z
6a6f5d6afa0b8d107d03c5e4,2026-08-02T15:08:28.434Z
6a6f5fb3fa0b8d107d03c5e5,2026-08-02T15:18:13.584Z
6a6f6017fa0b8d107d03c5e6,2026-08-02T15:19:53.821Z
6a6f6117fa0b8d107d03c5e7,2026-08-02T15:24:09.642Z
6a6f62ebfa0b8d107d03c5e8,2026-08-02T15:31:58.441Z
6a6f6395fa0b8d107d03c5e9,2026-08-02T15:34:46.949Z
6a6f63db74ad5345e8015fac,2026-08-02T15:35:57.600Z
6a6f67ef74ad5345e8015fae,2026-08-02T15:53:21.021Z
6a6f689074ad5345e8015faf,2026-08-02T15:56:02.135Z
6a6f68cc74ad5345e8015fb0,2026-08-02T15:57:01.745Z
6a6f6a4274ad5345e8015fb1,2026-08-02T16:03:15.820Z
6a6f6cc974ad5345e8015fb2,2026-08-02T16:14:03.547Z
6a6f6d4dfa0b8d107d03c5ea,2026-08-02T16:16:15.750Z
6a6f6fd5fa0b8d107d03c5eb,2026-08-02T16:27:04.112Z
6a6f72b8fa0b8d107d03c5ec,2026-08-02T16:39:24.909Z
6a6f73bc74ad5345e8015fb4,2026-08-02T16:43:43.047Z
6a6f743d74ad5345e8015fb6,2026-08-02T16:45:52.617Z
6a6f762e74ad5345e8015fb7,2026-08-02T16:54:08.590Z
6a6f77b4fa0b8d107d03c5ed,2026-08-02T17:00:38.219Z
6a6f7805fa0b8d107d03c5ee,2026-08-02T17:01:59.319Z
6a6f786b74ad5345e8015fb9,2026-08-02T17:03:41.877Z
6a6f787074ad5345e8015fba,2026-08-02T17:03:45.494Z
6a6f78a0fa0b8d107d03c5ef,2026-08-02T17:04:34.202Z
6a6f78c274ad5345e8015fbb,2026-08-02T17:05:08.210Z
6a6f7919fa0b8d107d03c5f0,2026-08-02T17:06:35.104Z
6a6f7982fa0b8d107d03c5f1,2026-08-02T17:08:20.026Z
6a6f79dbfa0b8d107d03c5f2,2026-08-02T17:09:49.083Z
6a6f7a2474ad5345e8015fbc,2026-08-02T17:11:02.131Z
6a6f7a6f74ad5345e8015fbd,2026-08-02T17:12:17.055Z
6a6f7ab874ad5345e8015fbe,2026-08-02T17:13:30.031Z
6a6f7b00fa0b8d107d03c5f3,2026-08-02T17:14:42.322Z
6a6f7b3174ad5345e8015fbf,2026-08-02T17:15:31.378Z
6a6f7c52fa0b8d107d03c5f4,2026-08-02T17:20:20.334Z
6a6f7cc1fa0b8d107d03c5f5,2026-08-02T17:22:12.001Z
6a6f7ea574ad5345e8015fc0,2026-08-02T17:30:18.164Z
6a6f8296fa0b8d107d03c5f6,2026-08-02T17:47:04.695Z
6a6f8352fa0b8d107d03c5f7,2026-08-02T17:50:12.677Z
6a6f838ffa0b8d107d03c5f8,2026-08-02T17:51:16.030Z
6a6f842674ad5345e8015fc2,2026-08-02T17:53:44.744Z
6a6f843474ad5345e8015fc3,2026-08-02T17:53:58.289Z
6a6f8594fa0b8d107d03c5f9,2026-08-02T17:59:50.655Z
6a6f8670fa0b8d107d03c5fa,2026-08-02T18:03:30.598Z
6a6f89a5fa0b8d107d03c5fb,2026-08-02T18:17:11.215Z
6a6f8a36fa0b8d107d03c5fc,2026-08-02T18:19:36.793Z
6a6f8be074ad5345e8015fc5,2026-08-02T18:26:42.266Z
6a6f8f3474ad5345e8015fc6,2026-08-02T18:40:54.465Z
6a6f8fe5fa0b8d107d03c5fd,2026-08-02T18:43:51.970Z
6a6f8ffd74ad5345e8015fc7,2026-08-02T18:44:15.803Z
6a6f9a11fa0b8d107d03c5fe,2026-08-02T19:27:15.853Z
6a6f9a9474ad5345e8015fc8,2026-08-02T19:29:26.193Z
6a6f9d4cfa0b8d107d03c5ff,2026-08-02T19:41:03.237Z
6a6fa3d274ad5345e8015fc9,2026-08-02T20:08:52.456Z
6a6fa3e174ad5345e8015fca,2026-08-02T20:09:07.505Z
6a6fa40ffa0b8d107d03c600,2026-08-02T20:09:53.579Z
6a6fa4cefa0b8d107d03c602,2026-08-02T20:13:03.884Z
6a6fa74c74ad5345e8015fcb,2026-08-02T20:23:43.417Z
6a6fa7fe74ad5345e8015fcc,2026-08-02T20:26:39.989Z
6a6fa84074ad5345e8015fcd,2026-08-02T20:27:46.337Z
6a6fa949fa0b8d107d03c604,2026-08-02T20:32:11.195Z
6a6fa969fa0b8d107d03c605,2026-08-02T20:32:43.385Z
6a6fabac74ad5345e8015fcf,2026-08-02T20:42:23.113Z
6a6fabb2fa0b8d107d03c606,2026-08-02T20:42:28.248Z
6a6fabe6fa0b8d107d03c607,2026-08-02T20:43:19.982Z
6a6fac2a74ad5345e8015fd0,2026-08-02T20:44:28.339Z
6a6faecafa0b8d107d03c608,2026-08-02T20:55:40.348Z
6a6fb0c174ad5345e8015fd1,2026-08-02T21:04:03.124Z
6a6fb58dfa0b8d107d03c60b,2026-08-02T21:24:31.922Z
6a6fb5d3fa0b8d107d03c60c,2026-08-02T21:25:41.670Z
6a6fb71dfa0b8d107d03c60d,2026-08-02T21:31:11.348Z
6a6fb8f6fa0b8d107d03c60e,2026-08-02T21:39:04.698Z
6a6fbaaf74ad5345e8015fd3,2026-08-02T21:46:27.582Z
6a6fbb0cfa0b8d107d03c60f,2026-08-02T21:47:57.710Z
6a6fbd4f74ad5345e8015fd4,2026-08-02T21:57:37.281Z
6a6fbef7fa0b8d107d03c611,2026-08-02T22:04:41.483Z
6a6fbffafa0b8d107d03c612,2026-08-02T22:08:59.733Z
6a6fc04efa0b8d107d03c614,2026-08-02T22:10:24.642Z
6a6fc1cffa0b8d107d03c615,2026-08-02T22:16:48.907Z
6a6fc43474ad5345e8015fd5,2026-08-02T22:27:04.973Z
6a6fc7ee7ccdf043de769f8c,2026-08-02T22:42:56.171Z
6a6fca82fa0b8d107d03c617,2026-08-02T22:53:56.257Z
6a6fcaeb7ccdf043de769f8d,2026-08-02T22:55:41.469Z
6a6fce0b7ccdf043de769f8e,2026-08-02T23:09:01.916Z
6a6fcfacfa0b8d107d03c618,2026-08-02T23:15:58.011Z
6a6fd1cd7ccdf043de769f8f,2026-08-02T23:25:02.901Z
6a6fd23a7ccdf043de769f90,2026-08-02T23:26:52.115Z
6a6fd3df7ccdf043de769f92,2026-08-02T23:33:56.119Z
6a6fd5087ccdf043de769f93,2026-08-02T23:38:49.925Z
6a6fdb43fa0b8d107d03c61b,2026-08-03T00:05:25.795Z
6a6fdd0bfa0b8d107d03c61c,2026-08-03T00:13:01.862Z
6a6fdeb77ccdf043de769f94,2026-08-03T00:20:11.641Z
6a6febe07ccdf043de769f95,2026-08-03T01:16:19.437Z
6a6fed15fa0b8d107d03c61d,2026-08-03T01:21:26.854Z
6a6fed247ccdf043de769f96,2026-08-03T01:21:44.125Z
6a6feea67ccdf043de769f97,2026-08-03T01:28:07.739Z
6a6fef54fa0b8d107d03c61e,2026-08-03T01:31:02.921Z
6a6ff1c6fa0b8d107d03c61f,2026-08-03T01:41:28.562Z
6a6ff2a37ccdf043de769f98,2026-08-03T01:45:09.808Z
6a6ff7127ccdf043de769f99,2026-08-03T02:04:03.955Z
6a6ff77a7ccdf043de769f9a,2026-08-03T02:05:48.824Z
6a6ff925fa0b8d107d03c620,2026-08-03T02:12:56.079Z
6a6ffbce7ccdf043de769f9b,2026-08-03T02:24:16.791Z
6a6ffce9fa0b8d107d03c621,2026-08-03T02:28:59.422Z
6a700259fa0b8d107d03c622,2026-08-03T02:52:10.862Z
6a700b457ccdf043de769f9e,2026-08-03T03:30:15.885Z
6a700bea7ccdf043de769f9f,2026-08-03T03:33:00.636Z
6a700c8dfa0b8d107d03c623,2026-08-03T03:35:43.372Z
6a700d10fa0b8d107d03c624,2026-08-03T03:37:56.998Z
6a700ef2fa0b8d107d03c625,2026-08-03T03:45:56.047Z
6a701026fa0b8d107d03c626,2026-08-03T03:51:06.578Z
6a70103e7ccdf043de769fa0,2026-08-03T03:51:31.222Z
6a7013387ccdf043de769fa1,2026-08-03T04:04:09.974Z
6a70197dfa0b8d107d03c627,2026-08-03T04:30:55.456Z
6a701d137ccdf043de769fa3,2026-08-03T04:46:13.920Z
6a701f53fa0b8d107d03c62a,2026-08-03T04:55:49.256Z
6a7020767ccdf043de769fa4,2026-08-03T05:00:40.539Z
6a7020c3fa0b8d107d03c62b,2026-08-03T05:01:57.941Z
6a70212d7ccdf043de769fa5,2026-08-03T05:03:42.988Z
6a702186fa0b8d107d03c62c,2026-08-03T05:05:12.191Z
6a7021dc7ccdf043de769fa6,2026-08-03T05:06:38.030Z
6a702256fa0b8d107d03c62d,2026-08-03T05:08:40.413Z
6a7022a77ccdf043de769fa7,2026-08-03T05:10:01.196Z
6a7022f07ccdf043de769fa8,2026-08-03T05:11:14.352Z
6a70233cfa0b8d107d03c62e,2026-08-03T05:12:30.169Z
6a702384fa0b8d107d03c62f,2026-08-03T05:13:42.098Z
6a7023cb7ccdf043de769fa9,2026-08-03T05:14:53.925Z
6a702418fa0b8d107d03c630,2026-08-03T05:16:09.900Z
6a7025557ccdf043de769faa,2026-08-03T05:21:27.033Z
6a7028cffa0b8d107d03c632,2026-08-03T05:36:17.885Z
6a702b6ffa0b8d107d03c633,2026-08-03T05:47:29.596Z
6a703135fa0b8d107d03c634,2026-08-03T06:12:06.686Z
6a7031adfa0b8d107d03c635,2026-08-03T06:14:09.684Z
6a70329dfa0b8d107d03c636,2026-08-03T06:18:07.647Z
6a70352afa0b8d107d03c637,2026-08-03T06:29:00.290Z
6a703631fa0b8d107d03c638,2026-08-03T06:33:23.720Z
6a70378dfa0b8d107d03c639,2026-08-03T06:39:10.705Z
6a7037cafa0b8d107d03c63a,2026-08-03T06:40:12.412Z
6a703a3bb1b896170e07a0b7,2026-08-03T06:50:37.285Z
6a70487626fd3854f44945f9,2026-08-03T07:51:21.104Z
6a70487826fd3854f44945fa,2026-08-03T07:51:22.592Z
