Account ID,Account Name,Package,Segment,Active paying account,HQ type,Agent Category,Agent Name,Agent Active,Agent Created At,Agent Updated At
64ac4ed558fd69003fb7e3a4,GueStay Properties,pro,SMB,true,hq_child,OPERATIONS,Risky reservation detector,true,"Jul 9, 2026, 12:27:28 AM","Jul 9, 2026, 12:27:28 AM"
68017d44259cbcdbc6e8c5c3,Lark Mountain Properties,pro,Mid-Market,true,,OPERATIONS,Amenity gap detector,true,"Jul 8, 2026, 10:34:03 PM","Jul 8, 2026, 10:34:03 PM"
64c8ce07e81a04c3247ccaf8,KIPPAL,pro,SMB,true,,OPERATIONS,Weekly Operation Brief,true,"Jul 8, 2026, 10:23:19 PM","Jul 8, 2026, 10:23:19 PM"
69bd58ec4a4da1c92d8bc402,VOL HOSTING,pro,SME,true,,OPERATIONS,Check-in readiness,true,"Jul 8, 2026, 10:08:11 PM","Jul 8, 2026, 10:08:11 PM"
69bd58ec4a4da1c92d8bc402,VOL HOSTING,pro,SME,true,,FINANCE,Unpaid reservation tracker,true,"Jul 8, 2026, 10:07:56 PM","Jul 8, 2026, 10:07:56 PM"
68c99f2a467ac68da2e58296,Sea Coast Rentals,pro,SME,true,,FINANCE,Tax Configuration Audit,true,"Jul 8, 2026, 6:35:24 PM","Jul 8, 2026, 6:35:24 PM"
68c99f2a467ac68da2e58296,Sea Coast Rentals,pro,SME,true,,OPERATIONS,Weekly Operation Brief,true,"Jul 8, 2026, 6:35:11 PM","Jul 8, 2026, 6:35:11 PM"
68c99f2a467ac68da2e58296,Sea Coast Rentals,pro,SME,true,,FINANCE,Unpaid reservation tracker,true,"Jul 8, 2026, 6:33:44 PM","Jul 8, 2026, 6:33:44 PM"
68c99f2a467ac68da2e58296,Sea Coast Rentals,pro,SME,true,,OPERATIONS,Team access review,true,"Jul 8, 2026, 6:33:06 PM","Jul 8, 2026, 6:33:06 PM"
68c99f2a467ac68da2e58296,Sea Coast Rentals,pro,SME,true,,OPERATIONS,Stay status reconciler,true,"Jul 8, 2026, 6:32:51 PM","Jul 8, 2026, 6:32:51 PM"
68c99f2a467ac68da2e58296,Sea Coast Rentals,pro,SME,true,,COMMUNICATIONS,Saved replies optimizer,true,"Jul 8, 2026, 6:31:33 PM","Jul 8, 2026, 6:31:33 PM"
68c99f2a467ac68da2e58296,Sea Coast Rentals,pro,SME,true,,OPERATIONS,Maintenance tracker,true,"Jul 8, 2026, 6:30:42 PM","Jul 8, 2026, 6:30:42 PM"
68c99f2a467ac68da2e58296,Sea Coast Rentals,pro,SME,true,,ACCOUNTING,Monthly cancelled reservations,true,"Jul 8, 2026, 6:30:16 PM","Jul 8, 2026, 6:30:16 PM"
68c99f2a467ac68da2e58296,Sea Coast Rentals,pro,SME,true,,FINANCE,Fee configuration detector,true,"Jul 8, 2026, 6:29:57 PM","Jul 8, 2026, 6:29:57 PM"
6786c86d1e8afb8c9a78be4b,Lanui Realty,pro,Mid-Market,true,,OPERATIONS,Daily task coverage board,true,"Jul 8, 2026, 6:05:07 PM","Jul 8, 2026, 6:05:07 PM"
6786c86d1e8afb8c9a78be4b,Lanui Realty,pro,Mid-Market,true,,OPERATIONS,Weekly Operation Brief,true,"Jul 8, 2026, 6:04:46 PM","Jul 8, 2026, 6:04:46 PM"
6786c86d1e8afb8c9a78be4b,Lanui Realty,pro,Mid-Market,true,,OPERATIONS,Team access review,true,"Jul 8, 2026, 6:04:38 PM","Jul 8, 2026, 6:04:38 PM"
6786c86d1e8afb8c9a78be4b,Lanui Realty,pro,Mid-Market,true,,COMMUNICATIONS,Saved replies optimizer,true,"Jul 8, 2026, 6:04:23 PM","Jul 8, 2026, 6:04:23 PM"
6786c86d1e8afb8c9a78be4b,Lanui Realty,pro,Mid-Market,true,,OPERATIONS,Check-in readiness,true,"Jul 8, 2026, 6:03:48 PM","Jul 8, 2026, 6:03:48 PM"
6786c86d1e8afb8c9a78be4b,Lanui Realty,pro,Mid-Market,true,,OPERATIONS,Maintenance tracker,true,"Jul 8, 2026, 6:03:34 PM","Jul 8, 2026, 6:03:34 PM"
6786c86d1e8afb8c9a78be4b,Lanui Realty,pro,Mid-Market,true,,OPERATIONS,Inquiry expiry manager,true,"Jul 8, 2026, 6:03:23 PM","Jul 8, 2026, 6:03:23 PM"
6786c86d1e8afb8c9a78be4b,Lanui Realty,pro,Mid-Market,true,,OPERATIONS,Calendar conflict detector,true,"Jul 8, 2026, 6:02:32 PM","Jul 8, 2026, 6:02:32 PM"
6786c86d1e8afb8c9a78be4b,Lanui Realty,pro,Mid-Market,true,,OPERATIONS,Amenity gap detector,true,"Jul 8, 2026, 6:02:26 PM","Jul 8, 2026, 6:02:26 PM"
6786c86d1e8afb8c9a78be4b,Lanui Realty,pro,Mid-Market,true,,OPERATIONS,Commitment keeper,true,"Jul 8, 2026, 6:02:18 PM","Jul 8, 2026, 6:02:18 PM"
6786c86d1e8afb8c9a78be4b,Lanui Realty,pro,Mid-Market,true,,COMMUNICATIONS,Negative review challenger,true,"Jul 8, 2026, 6:01:41 PM","Jul 8, 2026, 6:01:41 PM"
6786c86d1e8afb8c9a78be4b,Lanui Realty,pro,Mid-Market,true,,OPERATIONS,Reservation handoff brief,true,"Jul 8, 2026, 6:01:34 PM","Jul 8, 2026, 6:01:34 PM"
6786c86d1e8afb8c9a78be4b,Lanui Realty,pro,Mid-Market,true,,OPERATIONS,Review to task dispatcher,true,"Jul 8, 2026, 6:01:04 PM","Jul 8, 2026, 6:01:04 PM"
6786c86d1e8afb8c9a78be4b,Lanui Realty,pro,Mid-Market,true,,COMMUNICATIONS,Review response drafter,true,"Jul 8, 2026, 6:00:34 PM","Jul 8, 2026, 6:00:34 PM"
6786c86d1e8afb8c9a78be4b,Lanui Realty,pro,Mid-Market,true,,OPERATIONS,Reservation duplicate detector,true,"Jul 8, 2026, 6:00:11 PM","Jul 8, 2026, 6:00:11 PM"
6786c86d1e8afb8c9a78be4b,Lanui Realty,pro,Mid-Market,true,,OPERATIONS,Risky reservation detector,true,"Jul 8, 2026, 5:59:58 PM","Jul 8, 2026, 5:59:58 PM"
6786c86d1e8afb8c9a78be4b,Lanui Realty,pro,Mid-Market,true,,OPERATIONS,Translation gap filler,true,"Jul 8, 2026, 5:59:45 PM","Jul 8, 2026, 5:59:45 PM"
6786c86d1e8afb8c9a78be4b,Lanui Realty,pro,Mid-Market,true,,OPERATIONS,Stay status reconciler,true,"Jul 8, 2026, 5:59:33 PM","Jul 8, 2026, 5:59:33 PM"
6786c86d1e8afb8c9a78be4b,Lanui Realty,pro,Mid-Market,true,,FINANCE,Tax Configuration Audit,true,"Jul 8, 2026, 5:59:12 PM","Jul 8, 2026, 5:59:12 PM"
6786c86d1e8afb8c9a78be4b,Lanui Realty,pro,Mid-Market,true,,FINANCE,Unpaid reservation tracker,true,"Jul 8, 2026, 5:58:42 PM","Jul 8, 2026, 5:58:42 PM"
6542c4e210675435b7246225,Bungalow Solutions LLC,pro,SME,true,,ACCOUNTING,Advance deposit checker,true,"Jul 8, 2026, 5:40:17 PM","Jul 8, 2026, 5:40:17 PM"
6542c4e210675435b7246225,Bungalow Solutions LLC,pro,SME,true,,OPERATIONS,Risky reservation detector,true,"Jul 8, 2026, 5:39:57 PM","Jul 8, 2026, 5:39:57 PM"
6542c4e210675435b7246225,Bungalow Solutions LLC,pro,SME,true,,COMMUNICATIONS,Saved replies optimizer,true,"Jul 8, 2026, 5:36:39 PM","Jul 8, 2026, 5:36:39 PM"
68017d44259cbcdbc6e8c5c3,Lark Mountain Properties,pro,Mid-Market,true,,FINANCE,Tax Configuration Audit,true,"Jul 8, 2026, 4:49:48 PM","Jul 8, 2026, 4:49:48 PM"
68017d44259cbcdbc6e8c5c3,Lark Mountain Properties,pro,Mid-Market,true,,OPERATIONS,Commitment keeper,true,"Jul 8, 2026, 4:49:18 PM","Jul 8, 2026, 4:49:18 PM"
68017d44259cbcdbc6e8c5c3,Lark Mountain Properties,pro,Mid-Market,true,,OPERATIONS,Calendar conflict detector,true,"Jul 8, 2026, 4:49:05 PM","Jul 8, 2026, 4:49:05 PM"
68b8480d5ae37cf73089f796,LOKA,pro,SMB,true,,OPERATIONS,Risky reservation detector,true,"Jul 8, 2026, 4:05:04 PM","Jul 8, 2026, 4:05:04 PM"
68b8480d5ae37cf73089f796,LOKA,pro,SMB,true,,OPERATIONS,Commitment keeper,true,"Jul 8, 2026, 4:02:33 PM","Jul 8, 2026, 4:02:33 PM"
674c89854205b64ae791db2d,Apex Short Term Stays,pro,SME,true,,OPERATIONS,Weekly Operation Brief,true,"Jul 8, 2026, 3:59:46 PM","Jul 8, 2026, 3:59:46 PM"
674c89854205b64ae791db2d,Apex Short Term Stays,pro,SME,true,,FINANCE,Unpaid reservation tracker,true,"Jul 8, 2026, 3:59:27 PM","Jul 8, 2026, 3:59:27 PM"
674c89854205b64ae791db2d,Apex Short Term Stays,pro,SME,true,,OPERATIONS,Review to task dispatcher,true,"Jul 8, 2026, 3:58:59 PM","Jul 8, 2026, 3:58:59 PM"
674c89854205b64ae791db2d,Apex Short Term Stays,pro,SME,true,,COMMUNICATIONS,Review response drafter,true,"Jul 8, 2026, 3:58:09 PM","Jul 8, 2026, 3:58:09 PM"
674c89854205b64ae791db2d,Apex Short Term Stays,pro,SME,true,,COMMUNICATIONS,Negative review challenger,true,"Jul 8, 2026, 3:57:46 PM","Jul 8, 2026, 3:57:46 PM"
674c89854205b64ae791db2d,Apex Short Term Stays,pro,SME,true,,OPERATIONS,Maintenance tracker,true,"Jul 8, 2026, 3:57:35 PM","Jul 8, 2026, 3:57:35 PM"
674c89854205b64ae791db2d,Apex Short Term Stays,pro,SME,true,,OPERATIONS,Daily task coverage board,true,"Jul 8, 2026, 3:57:23 PM","Jul 8, 2026, 3:57:23 PM"
674c89854205b64ae791db2d,Apex Short Term Stays,pro,SME,true,,OPERATIONS,Calendar conflict detector,true,"Jul 8, 2026, 3:57:11 PM","Jul 8, 2026, 3:57:11 PM"
678923670560667fb69d98b7,Snowbasin Vacation Rentals and Powder Mountain Vacation Rentals,pro,Mid-Market,true,,FINANCE,Unpaid reservation tracker,true,"Jul 8, 2026, 3:12:29 PM","Jul 8, 2026, 3:12:29 PM"
678923670560667fb69d98b7,Snowbasin Vacation Rentals and Powder Mountain Vacation Rentals,pro,Mid-Market,true,,OPERATIONS,Risky reservation detector,true,"Jul 8, 2026, 3:12:09 PM","Jul 8, 2026, 3:12:09 PM"
678923670560667fb69d98b7,Snowbasin Vacation Rentals and Powder Mountain Vacation Rentals,pro,Mid-Market,true,,OPERATIONS,Reservation duplicate detector,true,"Jul 8, 2026, 3:11:44 PM","Jul 8, 2026, 3:11:44 PM"
678923670560667fb69d98b7,Snowbasin Vacation Rentals and Powder Mountain Vacation Rentals,pro,Mid-Market,true,,COMMUNICATIONS,Negative review challenger,true,"Jul 8, 2026, 3:11:22 PM","Jul 8, 2026, 3:11:22 PM"
678923670560667fb69d98b7,Snowbasin Vacation Rentals and Powder Mountain Vacation Rentals,pro,Mid-Market,true,,OPERATIONS,Inquiry expiry manager,true,"Jul 8, 2026, 3:10:57 PM","Jul 8, 2026, 3:10:57 PM"
678923670560667fb69d98b7,Snowbasin Vacation Rentals and Powder Mountain Vacation Rentals,pro,Mid-Market,true,,OPERATIONS,Commitment keeper,true,"Jul 8, 2026, 3:10:43 PM","Jul 8, 2026, 3:10:43 PM"
678923670560667fb69d98b7,Snowbasin Vacation Rentals and Powder Mountain Vacation Rentals,pro,Mid-Market,true,,OPERATIONS,Amenity gap detector,true,"Jul 8, 2026, 3:10:23 PM","Jul 8, 2026, 3:10:23 PM"
66fc5dfaf36f17e56f3fe426,PMI Breck,pro,Mid-Market,true,hq_child,OPERATIONS,Weekly Operation Brief,true,"Jul 8, 2026, 3:10:17 PM","Jul 8, 2026, 3:10:17 PM"
678923670560667fb69d98b7,Snowbasin Vacation Rentals and Powder Mountain Vacation Rentals,pro,Mid-Market,true,,OPERATIONS,Check-in readiness,true,"Jul 8, 2026, 3:10:05 PM","Jul 8, 2026, 3:10:05 PM"
66fc5dfaf36f17e56f3fe426,PMI Breck,pro,Mid-Market,true,hq_child,FINANCE,Unpaid reservation tracker,true,"Jul 8, 2026, 3:09:52 PM","Jul 8, 2026, 3:09:52 PM"
66fc5dfaf36f17e56f3fe426,PMI Breck,pro,Mid-Market,true,hq_child,OPERATIONS,Translation gap filler,true,"Jul 8, 2026, 3:09:41 PM","Jul 8, 2026, 3:09:41 PM"
66fc5dfaf36f17e56f3fe426,PMI Breck,pro,Mid-Market,true,hq_child,OPERATIONS,Stay status reconciler,true,"Jul 8, 2026, 3:09:08 PM","Jul 8, 2026, 3:09:08 PM"
66fc5dfaf36f17e56f3fe426,PMI Breck,pro,Mid-Market,true,hq_child,COMMUNICATIONS,Saved replies optimizer,true,"Jul 8, 2026, 3:08:46 PM","Jul 8, 2026, 3:08:46 PM"
66fc5dfaf36f17e56f3fe426,PMI Breck,pro,Mid-Market,true,hq_child,OPERATIONS,Risky reservation detector,true,"Jul 8, 2026, 3:08:37 PM","Jul 8, 2026, 3:08:37 PM"
66fc5dfaf36f17e56f3fe426,PMI Breck,pro,Mid-Market,true,hq_child,OPERATIONS,Review to task dispatcher,true,"Jul 8, 2026, 3:08:30 PM","Jul 8, 2026, 3:08:30 PM"
66fc5dfaf36f17e56f3fe426,PMI Breck,pro,Mid-Market,true,hq_child,COMMUNICATIONS,Review response drafter,true,"Jul 8, 2026, 3:08:14 PM","Jul 8, 2026, 3:08:14 PM"
66fc5dfaf36f17e56f3fe426,PMI Breck,pro,Mid-Market,true,hq_child,OWNER_RELATIONS,Owner payment details collector,true,"Jul 8, 2026, 3:07:32 PM","Jul 8, 2026, 3:07:32 PM"
66fc5dfaf36f17e56f3fe426,PMI Breck,pro,Mid-Market,true,hq_child,COMMUNICATIONS,Negative review challenger,true,"Jul 8, 2026, 3:07:12 PM","Jul 8, 2026, 3:07:12 PM"
66fc5dfaf36f17e56f3fe426,PMI Breck,pro,Mid-Market,true,hq_child,ACCOUNTING,Monthly cancelled reservations,true,"Jul 8, 2026, 3:07:02 PM","Jul 8, 2026, 3:07:02 PM"
66fc5dfaf36f17e56f3fe426,PMI Breck,pro,Mid-Market,true,hq_child,OPERATIONS,Inquiry expiry manager,true,"Jul 8, 2026, 3:06:46 PM","Jul 8, 2026, 3:06:46 PM"
66fc5dfaf36f17e56f3fe426,PMI Breck,pro,Mid-Market,true,hq_child,FINANCE,Fee configuration detector,true,"Jul 8, 2026, 3:06:31 PM","Jul 8, 2026, 3:06:31 PM"
66fc5dfaf36f17e56f3fe426,PMI Breck,pro,Mid-Market,true,hq_child,OPERATIONS,Check-in readiness,true,"Jul 8, 2026, 3:06:04 PM","Jul 8, 2026, 3:06:04 PM"
66fc5dfaf36f17e56f3fe426,PMI Breck,pro,Mid-Market,true,hq_child,OPERATIONS,Amenity gap detector,true,"Jul 8, 2026, 3:05:48 PM","Jul 8, 2026, 3:05:48 PM"
67698db4309e10ff8a2b748a,Easilets Limited ,pro,Mid-Market,true,,OPERATIONS,Risky reservation detector,true,"Jul 8, 2026, 1:06:10 PM","Jul 8, 2026, 1:06:10 PM"
67698db4309e10ff8a2b748a,Easilets Limited ,pro,Mid-Market,true,,OPERATIONS,Calendar conflict detector,true,"Jul 8, 2026, 1:04:20 PM","Jul 8, 2026, 1:04:20 PM"
67698db4309e10ff8a2b748a,Easilets Limited ,pro,Mid-Market,true,,OPERATIONS,Amenity gap detector,true,"Jul 8, 2026, 1:04:04 PM","Jul 8, 2026, 1:04:04 PM"
67743591892a35ba99f8ca84,Fresh Start Property Management ,pro,SMB,true,,OWNER_RELATIONS,Owner payment details collector,true,"Jul 8, 2026, 12:47:08 PM","Jul 8, 2026, 12:47:08 PM"
67743591892a35ba99f8ca84,Fresh Start Property Management ,pro,SMB,true,,OPERATIONS,Daily task coverage board,true,"Jul 8, 2026, 12:44:42 PM","Jul 8, 2026, 12:44:42 PM"
67743591892a35ba99f8ca84,Fresh Start Property Management ,pro,SMB,true,,OPERATIONS,Check-in readiness,true,"Jul 8, 2026, 12:44:35 PM","Jul 8, 2026, 12:44:35 PM"
69f17a1b4b8dbace6132d6d9,Mingo Canas ,pro,SMB,true,,COMMUNICATIONS,Negative review challenger,true,"Jul 8, 2026, 12:23:54 PM","Jul 8, 2026, 12:23:54 PM"
69f17a1b4b8dbace6132d6d9,Mingo Canas ,pro,SMB,true,,OPERATIONS,Reservation duplicate detector,true,"Jul 8, 2026, 12:23:07 PM","Jul 8, 2026, 12:23:07 PM"
69f17a1b4b8dbace6132d6d9,Mingo Canas ,pro,SMB,true,,OPERATIONS,Risky reservation detector,true,"Jul 8, 2026, 12:22:54 PM","Jul 8, 2026, 12:22:54 PM"
69f17a1b4b8dbace6132d6d9,Mingo Canas ,pro,SMB,true,,COMMUNICATIONS,Saved replies optimizer,true,"Jul 8, 2026, 12:22:47 PM","Jul 8, 2026, 12:22:47 PM"
69f17a1b4b8dbace6132d6d9,Mingo Canas ,pro,SMB,true,,FINANCE,Unpaid reservation tracker,true,"Jul 8, 2026, 12:21:44 PM","Jul 8, 2026, 12:21:44 PM"
69f17a1b4b8dbace6132d6d9,Mingo Canas ,pro,SMB,true,,OPERATIONS,Translation gap filler,true,"Jul 8, 2026, 12:21:29 PM","Jul 8, 2026, 12:21:29 PM"
69f17a1b4b8dbace6132d6d9,Mingo Canas ,pro,SMB,true,,FINANCE,Security deposit extender,true,"Jul 8, 2026, 12:20:29 PM","Jul 8, 2026, 12:20:29 PM"
69f17a1b4b8dbace6132d6d9,Mingo Canas ,pro,SMB,true,,OWNER_RELATIONS,Owner payment details collector,true,"Jul 8, 2026, 12:19:47 PM","Jul 8, 2026, 12:19:47 PM"
69f17a1b4b8dbace6132d6d9,Mingo Canas ,pro,SMB,true,,FINANCE,Fee configuration detector,true,"Jul 8, 2026, 12:19:29 PM","Jul 8, 2026, 12:19:29 PM"
69f17a1b4b8dbace6132d6d9,Mingo Canas ,pro,SMB,true,,OPERATIONS,Inquiry expiry manager,true,"Jul 8, 2026, 12:19:12 PM","Jul 8, 2026, 12:19:12 PM"
69f17a1b4b8dbace6132d6d9,Mingo Canas ,pro,SMB,true,,OPERATIONS,Check-in readiness,true,"Jul 8, 2026, 12:18:36 PM","Jul 8, 2026, 12:18:36 PM"
69f17a1b4b8dbace6132d6d9,Mingo Canas ,pro,SMB,true,,OPERATIONS,Amenity gap detector,true,"Jul 8, 2026, 12:18:16 PM","Jul 8, 2026, 12:18:16 PM"
69f17a1b4b8dbace6132d6d9,Mingo Canas ,pro,SMB,true,,OPERATIONS,Commitment keeper,true,"Jul 8, 2026, 12:17:34 PM","Jul 8, 2026, 12:17:34 PM"
69f17a1b4b8dbace6132d6d9,Mingo Canas ,pro,SMB,true,,OPERATIONS,Calendar conflict detector,true,"Jul 8, 2026, 12:16:54 PM","Jul 8, 2026, 12:16:54 PM"
691ef73751ad620fe8272c78,"El Pampero Investimentos, Lda",pro,SMB,true,,OPERATIONS,Weekly Operation Brief,true,"Jul 8, 2026, 11:34:02 AM","Jul 8, 2026, 11:34:02 AM"
691ef73751ad620fe8272c78,"El Pampero Investimentos, Lda",pro,SMB,true,,FINANCE,Unpaid reservation tracker,true,"Jul 8, 2026, 11:33:33 AM","Jul 8, 2026, 11:33:33 AM"
691ef73751ad620fe8272c78,"El Pampero Investimentos, Lda",pro,SMB,true,,OPERATIONS,Risky reservation detector,true,"Jul 8, 2026, 11:33:00 AM","Jul 8, 2026, 11:33:00 AM"
67743591892a35ba99f8ca84,Fresh Start Property Management ,pro,SMB,true,,OPERATIONS,Weekly Operation Brief,true,"Jul 8, 2026, 11:07:32 AM","Jul 8, 2026, 11:07:32 AM"
67743591892a35ba99f8ca84,Fresh Start Property Management ,pro,SMB,true,,OPERATIONS,Maintenance tracker,true,"Jul 8, 2026, 11:07:10 AM","Jul 8, 2026, 11:07:10 AM"
67743591892a35ba99f8ca84,Fresh Start Property Management ,pro,SMB,true,,OPERATIONS,Amenity gap detector,true,"Jul 8, 2026, 11:06:53 AM","Jul 8, 2026, 11:06:53 AM"
67743591892a35ba99f8ca84,Fresh Start Property Management ,pro,SMB,true,,COMMUNICATIONS,Negative review challenger,true,"Jul 8, 2026, 10:59:43 AM","Jul 8, 2026, 10:59:43 AM"
696e0505b558d35d8ff05dbe,Salt & City Stays,pro,Mid-Market,true,,OPERATIONS,Amenity gap detector,true,"Jul 8, 2026, 9:48:38 AM","Jul 8, 2026, 9:48:38 AM"
6811a82943c69c248b3fcb2b,WowStay,pro,Mid-Market,true,,OPERATIONS,Inquiry expiry manager,true,"Jul 8, 2026, 9:35:49 AM","Jul 8, 2026, 9:35:49 AM"
6811a82943c69c248b3fcb2b,WowStay,pro,Mid-Market,true,,FINANCE,Unpaid reservation tracker,true,"Jul 8, 2026, 8:55:56 AM","Jul 8, 2026, 8:55:56 AM"
672a28cdbe4aa729794a5910,Stay in Iceland,pro,SMB,true,,OPERATIONS,Calendar conflict detector,true,"Jul 8, 2026, 8:50:16 AM","Jul 8, 2026, 8:50:16 AM"
67698db4309e10ff8a2b748a,Easilets Limited ,pro,Mid-Market,true,,OPERATIONS,Team access review,true,"Jul 8, 2026, 8:25:19 AM","Jul 8, 2026, 8:25:19 AM"
67698db4309e10ff8a2b748a,Easilets Limited ,pro,Mid-Market,true,,COMMUNICATIONS,Saved replies optimizer,true,"Jul 8, 2026, 8:24:52 AM","Jul 8, 2026, 8:24:52 AM"
67698db4309e10ff8a2b748a,Easilets Limited ,pro,Mid-Market,true,,OPERATIONS,Reservation handoff brief,true,"Jul 8, 2026, 8:24:31 AM","Jul 8, 2026, 8:24:31 AM"
67698db4309e10ff8a2b748a,Easilets Limited ,pro,Mid-Market,true,,COMMUNICATIONS,Negative review challenger,true,"Jul 8, 2026, 8:24:10 AM","Jul 8, 2026, 8:24:10 AM"
67698db4309e10ff8a2b748a,Easilets Limited ,pro,Mid-Market,true,,OPERATIONS,Inquiry expiry manager,true,"Jul 8, 2026, 8:24:01 AM","Jul 8, 2026, 8:24:01 AM"
67698db4309e10ff8a2b748a,Easilets Limited ,pro,Mid-Market,true,,OPERATIONS,Commitment keeper,true,"Jul 8, 2026, 8:16:54 AM","Jul 8, 2026, 8:16:54 AM"
5ca75ba6e2a6e700216d3ef2,Seven Living,pro,Mid-Market,true,,OPERATIONS,Amenity gap detector,true,"Jul 8, 2026, 7:42:06 AM","Jul 8, 2026, 7:42:06 AM"
5ca75ba6e2a6e700216d3ef2,Seven Living,pro,Mid-Market,true,,FINANCE,Unpaid reservation tracker,true,"Jul 8, 2026, 7:41:53 AM","Jul 8, 2026, 7:41:53 AM"
5ca75ba6e2a6e700216d3ef2,Seven Living,pro,Mid-Market,true,,OPERATIONS,Weekly Operation Brief,true,"Jul 8, 2026, 7:41:44 AM","Jul 8, 2026, 7:41:44 AM"
5ca75ba6e2a6e700216d3ef2,Seven Living,pro,Mid-Market,true,,OPERATIONS,Risky reservation detector,true,"Jul 8, 2026, 7:41:29 AM","Jul 8, 2026, 7:41:29 AM"
5ca75ba6e2a6e700216d3ef2,Seven Living,pro,Mid-Market,true,,OPERATIONS,Commitment keeper,true,"Jul 8, 2026, 7:41:14 AM","Jul 8, 2026, 7:41:14 AM"
5ca75ba6e2a6e700216d3ef2,Seven Living,pro,Mid-Market,true,,COMMUNICATIONS,Saved replies optimizer,true,"Jul 8, 2026, 7:39:03 AM","Jul 8, 2026, 7:39:03 AM"
5ca75ba6e2a6e700216d3ef2,Seven Living,pro,Mid-Market,true,,OPERATIONS,Reservation handoff brief,true,"Jul 8, 2026, 7:38:48 AM","Jul 8, 2026, 7:38:48 AM"
5ca75ba6e2a6e700216d3ef2,Seven Living,pro,Mid-Market,true,,COMMUNICATIONS,Negative review challenger,true,"Jul 8, 2026, 7:38:42 AM","Jul 8, 2026, 7:38:42 AM"
5ca75ba6e2a6e700216d3ef2,Seven Living,pro,Mid-Market,true,,OPERATIONS,Daily task coverage board,true,"Jul 8, 2026, 7:38:34 AM","Jul 8, 2026, 7:38:34 AM"
5ca75ba6e2a6e700216d3ef2,Seven Living,pro,Mid-Market,true,,OPERATIONS,Check-in readiness,true,"Jul 8, 2026, 7:38:20 AM","Jul 8, 2026, 7:38:20 AM"
68d6e9bc455d7fda436118d3,BUHO Property,pro,SMB,true,,OPERATIONS,Translation gap filler,true,"Jul 7, 2026, 9:46:06 PM","Jul 7, 2026, 9:46:06 PM"
68d6e9bc455d7fda436118d3,BUHO Property,pro,SMB,true,,OPERATIONS,Team access review,true,"Jul 7, 2026, 8:36:31 PM","Jul 7, 2026, 8:36:31 PM"
68d6e9bc455d7fda436118d3,BUHO Property,pro,SMB,true,,OPERATIONS,Weekly Operation Brief,true,"Jul 7, 2026, 8:35:47 PM","Jul 7, 2026, 8:35:47 PM"
68d6e9bc455d7fda436118d3,BUHO Property,pro,SMB,true,,OPERATIONS,Stay status reconciler,true,"Jul 7, 2026, 8:33:27 PM","Jul 7, 2026, 8:33:27 PM"
68d6e9bc455d7fda436118d3,BUHO Property,pro,SMB,true,,OPERATIONS,Risky reservation detector,true,"Jul 7, 2026, 8:31:24 PM","Jul 7, 2026, 8:31:24 PM"
68d6e9bc455d7fda436118d3,BUHO Property,pro,SMB,true,,OPERATIONS,Review to task dispatcher,true,"Jul 7, 2026, 8:30:58 PM","Jul 7, 2026, 8:30:58 PM"
68d6e9bc455d7fda436118d3,BUHO Property,pro,SMB,true,,COMMUNICATIONS,Review response drafter,true,"Jul 7, 2026, 8:29:23 PM","Jul 7, 2026, 8:29:23 PM"
68d6e9bc455d7fda436118d3,BUHO Property,pro,SMB,true,,OPERATIONS,Reservation duplicate detector,true,"Jul 7, 2026, 8:27:55 PM","Jul 7, 2026, 8:27:55 PM"
68d6e9bc455d7fda436118d3,BUHO Property,pro,SMB,true,,ACCOUNTING,Monthly cancelled reservations,true,"Jul 7, 2026, 8:24:06 PM","Jul 7, 2026, 8:24:06 PM"
68d6e9bc455d7fda436118d3,BUHO Property,pro,SMB,true,,COMMUNICATIONS,Negative review challenger,true,"Jul 7, 2026, 8:22:46 PM","Jul 7, 2026, 8:22:46 PM"
68d6e9bc455d7fda436118d3,BUHO Property,pro,SMB,true,,FINANCE,Fee configuration detector,true,"Jul 7, 2026, 8:09:59 PM","Jul 7, 2026, 8:09:59 PM"
68d6e9bc455d7fda436118d3,BUHO Property,pro,SMB,true,,OPERATIONS,Commitment keeper,true,"Jul 7, 2026, 8:04:24 PM","Jul 7, 2026, 8:04:24 PM"
68d6e9bc455d7fda436118d3,BUHO Property,pro,SMB,true,,OPERATIONS,Daily task coverage board,true,"Jul 7, 2026, 8:02:53 PM","Jul 7, 2026, 8:02:53 PM"
68d6e9bc455d7fda436118d3,BUHO Property,pro,SMB,true,,OPERATIONS,Calendar conflict detector,true,"Jul 7, 2026, 7:34:20 PM","Jul 7, 2026, 7:34:20 PM"
68d6e9bc455d7fda436118d3,BUHO Property,pro,SMB,true,,OPERATIONS,Amenity gap detector,true,"Jul 7, 2026, 7:32:56 PM","Jul 7, 2026, 7:32:56 PM"
68017d44259cbcdbc6e8c5c3,Lark Mountain Properties,pro,Mid-Market,true,,FINANCE,Unpaid reservation tracker,true,"Jul 7, 2026, 7:22:20 PM","Jul 7, 2026, 7:22:20 PM"
68017d44259cbcdbc6e8c5c3,Lark Mountain Properties,pro,Mid-Market,true,,ACCOUNTING,Monthly cancelled reservations,true,"Jul 7, 2026, 7:20:45 PM","Jul 7, 2026, 7:20:45 PM"
68017d44259cbcdbc6e8c5c3,Lark Mountain Properties,pro,Mid-Market,true,,OPERATIONS,Weekly Operation Brief,true,"Jul 7, 2026, 7:20:19 PM","Jul 7, 2026, 7:20:19 PM"
68017d44259cbcdbc6e8c5c3,Lark Mountain Properties,pro,Mid-Market,true,,OPERATIONS,Translation gap filler,true,"Jul 7, 2026, 7:20:04 PM","Jul 7, 2026, 7:20:04 PM"
68017d44259cbcdbc6e8c5c3,Lark Mountain Properties,pro,Mid-Market,true,,OPERATIONS,Risky reservation detector,true,"Jul 7, 2026, 7:19:45 PM","Jul 7, 2026, 7:19:45 PM"
68017d44259cbcdbc6e8c5c3,Lark Mountain Properties,pro,Mid-Market,true,,COMMUNICATIONS,Saved replies optimizer,true,"Jul 7, 2026, 7:19:03 PM","Jul 7, 2026, 7:19:03 PM"
68017d44259cbcdbc6e8c5c3,Lark Mountain Properties,pro,Mid-Market,true,,COMMUNICATIONS,Review response drafter,true,"Jul 7, 2026, 7:18:56 PM","Jul 7, 2026, 7:18:56 PM"
68017d44259cbcdbc6e8c5c3,Lark Mountain Properties,pro,Mid-Market,true,,COMMUNICATIONS,Negative review challenger,true,"Jul 7, 2026, 7:18:48 PM","Jul 7, 2026, 7:18:48 PM"
68d6e9bc455d7fda436118d3,BUHO Property,pro,SMB,true,,FINANCE,Unpaid reservation tracker,true,"Jul 7, 2026, 7:13:34 PM","Jul 7, 2026, 7:13:34 PM"
6542c4e210675435b7246225,Bungalow Solutions LLC,pro,SME,true,,OPERATIONS,Translation gap filler,true,"Jul 7, 2026, 4:51:09 PM","Jul 7, 2026, 4:51:09 PM"
6542c4e210675435b7246225,Bungalow Solutions LLC,pro,SME,true,,FINANCE,Unpaid reservation tracker,true,"Jul 7, 2026, 4:50:57 PM","Jul 7, 2026, 4:50:57 PM"
6542c4e210675435b7246225,Bungalow Solutions LLC,pro,SME,true,,OPERATIONS,Weekly Operation Brief,true,"Jul 7, 2026, 4:50:44 PM","Jul 7, 2026, 4:50:44 PM"
6542c4e210675435b7246225,Bungalow Solutions LLC,pro,SME,true,,COMMUNICATIONS,Review response drafter,true,"Jul 7, 2026, 4:50:24 PM","Jul 7, 2026, 4:50:24 PM"
6542c4e210675435b7246225,Bungalow Solutions LLC,pro,SME,true,,COMMUNICATIONS,Negative review challenger,true,"Jul 7, 2026, 4:50:04 PM","Jul 7, 2026, 4:50:04 PM"
6542c4e210675435b7246225,Bungalow Solutions LLC,pro,SME,true,,FINANCE,Fee configuration detector,true,"Jul 7, 2026, 4:49:43 PM","Jul 7, 2026, 4:49:43 PM"
6542c4e210675435b7246225,Bungalow Solutions LLC,pro,SME,true,,OPERATIONS,Daily task coverage board,true,"Jul 7, 2026, 4:49:30 PM","Jul 7, 2026, 4:49:30 PM"
6542c4e210675435b7246225,Bungalow Solutions LLC,pro,SME,true,,OPERATIONS,Commitment keeper,true,"Jul 7, 2026, 4:49:19 PM","Jul 7, 2026, 4:49:19 PM"
6542c4e210675435b7246225,Bungalow Solutions LLC,pro,SME,true,,OPERATIONS,Check-in readiness,true,"Jul 7, 2026, 4:48:54 PM","Jul 7, 2026, 4:48:54 PM"
6542c4e210675435b7246225,Bungalow Solutions LLC,pro,SME,true,,OPERATIONS,Calendar conflict detector,true,"Jul 7, 2026, 4:48:40 PM","Jul 7, 2026, 4:48:40 PM"
6542c4e210675435b7246225,Bungalow Solutions LLC,pro,SME,true,,OPERATIONS,Amenity gap detector,true,"Jul 7, 2026, 4:48:30 PM","Jul 7, 2026, 4:48:30 PM"
68d6d384455d7fda436118ca,Scenic Stays,enterprise,Enterprise,true,,FINANCE,Fee configuration detector,true,"Jul 7, 2026, 4:47:03 PM","Jul 7, 2026, 4:47:03 PM"
68d6d384455d7fda436118ca,Scenic Stays,enterprise,Enterprise,true,,ACCOUNTING,Monthly cancelled reservations,true,"Jul 7, 2026, 4:46:48 PM","Jul 7, 2026, 4:46:48 PM"
68d6d384455d7fda436118ca,Scenic Stays,enterprise,Enterprise,true,,OPERATIONS,Reservation duplicate detector,true,"Jul 7, 2026, 4:46:34 PM","Jul 7, 2026, 4:46:34 PM"
68d6d384455d7fda436118ca,Scenic Stays,enterprise,Enterprise,true,,OPERATIONS,Translation gap filler,true,"Jul 7, 2026, 4:45:58 PM","Jul 7, 2026, 4:45:58 PM"
68d6d384455d7fda436118ca,Scenic Stays,enterprise,Enterprise,true,,OPERATIONS,Commitment keeper,true,"Jul 7, 2026, 4:44:43 PM","Jul 7, 2026, 4:44:43 PM"
68d6d384455d7fda436118ca,Scenic Stays,enterprise,Enterprise,true,,OPERATIONS,Check-in readiness,false,"Jul 7, 2026, 4:44:27 PM","Jul 8, 2026, 3:11:01 PM"
68d6d384455d7fda436118ca,Scenic Stays,enterprise,Enterprise,true,,OPERATIONS,Amenity gap detector,true,"Jul 7, 2026, 4:44:06 PM","Jul 7, 2026, 4:44:06 PM"
68d6d384455d7fda436118ca,Scenic Stays,enterprise,Enterprise,true,,ACCOUNTING,Advance deposit checker,true,"Jul 7, 2026, 4:43:52 PM","Jul 7, 2026, 4:43:52 PM"
644296ae8062130039e4a8f9,Virtual Homes Realty,pro,Mid-Market,true,,OPERATIONS,Calendar conflict detector,true,"Jul 7, 2026, 3:38:36 PM","Jul 7, 2026, 3:38:36 PM"
644296ae8062130039e4a8f9,Virtual Homes Realty,pro,Mid-Market,true,,OPERATIONS,Daily task coverage board,true,"Jul 7, 2026, 3:38:31 PM","Jul 7, 2026, 3:38:31 PM"
644296ae8062130039e4a8f9,Virtual Homes Realty,pro,Mid-Market,true,,FINANCE,Fee configuration detector,true,"Jul 7, 2026, 3:38:23 PM","Jul 7, 2026, 3:38:23 PM"
644296ae8062130039e4a8f9,Virtual Homes Realty,pro,Mid-Market,true,,COMMUNICATIONS,Review response drafter,true,"Jul 7, 2026, 3:38:02 PM","Jul 7, 2026, 3:38:02 PM"
644296ae8062130039e4a8f9,Virtual Homes Realty,pro,Mid-Market,true,,OPERATIONS,Maintenance tracker,true,"Jul 7, 2026, 3:37:45 PM","Jul 7, 2026, 3:37:45 PM"
644296ae8062130039e4a8f9,Virtual Homes Realty,pro,Mid-Market,true,,OPERATIONS,Risky reservation detector,true,"Jul 7, 2026, 3:37:37 PM","Jul 7, 2026, 3:37:37 PM"
644296ae8062130039e4a8f9,Virtual Homes Realty,pro,Mid-Market,true,,COMMUNICATIONS,Negative review challenger,true,"Jul 7, 2026, 3:37:19 PM","Jul 7, 2026, 3:37:19 PM"
644296ae8062130039e4a8f9,Virtual Homes Realty,pro,Mid-Market,true,,OPERATIONS,Commitment keeper,true,"Jul 7, 2026, 3:37:10 PM","Jul 7, 2026, 3:37:10 PM"
644296ae8062130039e4a8f9,Virtual Homes Realty,pro,Mid-Market,true,,OPERATIONS,Amenity gap detector,true,"Jul 7, 2026, 3:37:03 PM","Jul 7, 2026, 3:37:03 PM"
644296ae8062130039e4a8f9,Virtual Homes Realty,pro,Mid-Market,true,,OPERATIONS,Reservation duplicate detector,true,"Jul 7, 2026, 3:35:04 PM","Jul 7, 2026, 3:35:04 PM"
644296ae8062130039e4a8f9,Virtual Homes Realty,pro,Mid-Market,true,,OPERATIONS,Review to task dispatcher,true,"Jul 7, 2026, 3:34:57 PM","Jul 7, 2026, 3:34:57 PM"
644296ae8062130039e4a8f9,Virtual Homes Realty,pro,Mid-Market,true,,OPERATIONS,Translation gap filler,true,"Jul 7, 2026, 3:34:40 PM","Jul 7, 2026, 3:34:40 PM"
644296ae8062130039e4a8f9,Virtual Homes Realty,pro,Mid-Market,true,,FINANCE,Unpaid reservation tracker,true,"Jul 7, 2026, 3:34:30 PM","Jul 7, 2026, 3:34:30 PM"
644296ae8062130039e4a8f9,Virtual Homes Realty,pro,Mid-Market,true,,OPERATIONS,Weekly Operation Brief,true,"Jul 7, 2026, 3:34:18 PM","Jul 7, 2026, 3:34:18 PM"
644296ae8062130039e4a8f9,Virtual Homes Realty,pro,Mid-Market,true,,COMMUNICATIONS,Saved replies optimizer,true,"Jul 7, 2026, 3:33:59 PM","Jul 7, 2026, 3:33:59 PM"
644296ae8062130039e4a8f9,Virtual Homes Realty,pro,Mid-Market,true,,ACCOUNTING,Monthly cancelled reservations,true,"Jul 7, 2026, 3:33:46 PM","Jul 7, 2026, 3:33:46 PM"
644296ae8062130039e4a8f9,Virtual Homes Realty,pro,Mid-Market,true,,OPERATIONS,Check-in readiness,true,"Jul 7, 2026, 3:33:26 PM","Jul 7, 2026, 3:33:26 PM"
644296ae8062130039e4a8f9,Virtual Homes Realty,pro,Mid-Market,true,,OPERATIONS,Inquiry expiry manager,true,"Jul 7, 2026, 3:32:47 PM","Jul 7, 2026, 3:32:47 PM"
614f3a3a96a3a1002ffb58df,PBD Living,pro,Mid-Market,true,,OPERATIONS,Maintenance tracker,true,"Jul 7, 2026, 3:09:13 PM","Jul 7, 2026, 3:09:13 PM"
614f3a3a96a3a1002ffb58df,PBD Living,pro,Mid-Market,true,,OPERATIONS,Commitment keeper,true,"Jul 7, 2026, 3:09:01 PM","Jul 7, 2026, 3:09:01 PM"
655346f4ac25e87d1056b160,Stay Homy,pro,Mid-Market,true,,OPERATIONS,Check-in readiness,true,"Jul 7, 2026, 11:37:33 AM","Jul 7, 2026, 11:37:33 AM"
698643d7c43dd1a712877d97,Wilder Waters Vacation Rental Management Inc,pro,Mid-Market,true,,OPERATIONS,Daily task coverage board,true,"Jul 7, 2026, 10:58:38 AM","Jul 7, 2026, 10:58:38 AM"
698643d7c43dd1a712877d97,Wilder Waters Vacation Rental Management Inc,pro,Mid-Market,true,,OPERATIONS,Check-in readiness,true,"Jul 7, 2026, 10:58:33 AM","Jul 7, 2026, 10:58:33 AM"
698643d7c43dd1a712877d97,Wilder Waters Vacation Rental Management Inc,pro,Mid-Market,true,,OPERATIONS,Weekly Operation Brief,true,"Jul 7, 2026, 10:58:11 AM","Jul 7, 2026, 10:58:11 AM"
698643d7c43dd1a712877d97,Wilder Waters Vacation Rental Management Inc,pro,Mid-Market,true,,COMMUNICATIONS,Review response drafter,true,"Jul 7, 2026, 10:58:00 AM","Jul 7, 2026, 10:58:00 AM"
698643d7c43dd1a712877d97,Wilder Waters Vacation Rental Management Inc,pro,Mid-Market,true,,OPERATIONS,Maintenance tracker,true,"Jul 7, 2026, 10:57:36 AM","Jul 7, 2026, 10:57:36 AM"
698643d7c43dd1a712877d97,Wilder Waters Vacation Rental Management Inc,pro,Mid-Market,true,,OPERATIONS,Calendar conflict detector,true,"Jul 7, 2026, 10:57:27 AM","Jul 7, 2026, 10:57:27 AM"
698643d7c43dd1a712877d97,Wilder Waters Vacation Rental Management Inc,pro,Mid-Market,true,,OPERATIONS,Amenity gap detector,true,"Jul 7, 2026, 10:57:18 AM","Jul 7, 2026, 10:57:18 AM"
67f01c8f48a9aa094fae1a6a,William Andrade,pro,SMB,true,,OPERATIONS,Weekly Operation Brief,true,"Jul 7, 2026, 10:50:45 AM","Jul 7, 2026, 10:50:45 AM"
67f01c8f48a9aa094fae1a6a,William Andrade,pro,SMB,true,,FINANCE,Unpaid reservation tracker,true,"Jul 7, 2026, 10:50:40 AM","Jul 7, 2026, 10:50:40 AM"
67f01c8f48a9aa094fae1a6a,William Andrade,pro,SMB,true,,OWNER_RELATIONS,Owner payment details collector,true,"Jul 7, 2026, 10:50:35 AM","Jul 7, 2026, 10:50:35 AM"
67f01c8f48a9aa094fae1a6a,William Andrade,pro,SMB,true,,ACCOUNTING,Monthly cancelled reservations,true,"Jul 7, 2026, 10:50:32 AM","Jul 7, 2026, 10:50:32 AM"
67f01c8f48a9aa094fae1a6a,William Andrade,pro,SMB,true,,COMMUNICATIONS,Negative review challenger,true,"Jul 7, 2026, 10:50:29 AM","Jul 7, 2026, 10:50:29 AM"
67f01c8f48a9aa094fae1a6a,William Andrade,pro,SMB,true,,OPERATIONS,Reservation handoff brief,true,"Jul 7, 2026, 10:50:23 AM","Jul 7, 2026, 10:50:23 AM"
67f01c8f48a9aa094fae1a6a,William Andrade,pro,SMB,true,,FINANCE,Tax Configuration Audit,true,"Jul 7, 2026, 10:50:20 AM","Jul 7, 2026, 10:50:20 AM"
67f01c8f48a9aa094fae1a6a,William Andrade,pro,SMB,true,,COMMUNICATIONS,Saved replies optimizer,true,"Jul 7, 2026, 10:50:18 AM","Jul 7, 2026, 10:50:18 AM"
67f01c8f48a9aa094fae1a6a,William Andrade,pro,SMB,true,,COMMUNICATIONS,Review response drafter,true,"Jul 7, 2026, 10:50:15 AM","Jul 7, 2026, 10:50:15 AM"
67f01c8f48a9aa094fae1a6a,William Andrade,pro,SMB,true,,OPERATIONS,Maintenance tracker,true,"Jul 7, 2026, 10:50:12 AM","Jul 7, 2026, 10:50:12 AM"
694ad57b5746ac96c0eb4e07,Residentas PT,pro,Mid-Market,true,,FINANCE,Unpaid reservation tracker,true,"Jul 7, 2026, 8:33:22 AM","Jul 7, 2026, 8:33:22 AM"
5d6d5ce1229c8c0020c217ae,Horseshoe Bay Living,pro,SME,true,,OPERATIONS,Weekly Operation Brief,true,"Jul 7, 2026, 7:58:49 AM","Jul 7, 2026, 7:58:49 AM"
5d6d5ce1229c8c0020c217ae,Horseshoe Bay Living,pro,SME,true,,FINANCE,Tax Configuration Audit,true,"Jul 7, 2026, 7:58:39 AM","Jul 7, 2026, 7:58:39 AM"
5d6d5ce1229c8c0020c217ae,Horseshoe Bay Living,pro,SME,true,,OPERATIONS,Risky reservation detector,true,"Jul 7, 2026, 7:57:24 AM","Jul 7, 2026, 7:57:24 AM"
5d6d5ce1229c8c0020c217ae,Horseshoe Bay Living,pro,SME,true,,COMMUNICATIONS,Negative review challenger,true,"Jul 7, 2026, 7:57:09 AM","Jul 7, 2026, 7:57:09 AM"
65e11cec79b43b53e1af5c81,Synergy Rental Group,pro,Mid-Market,true,,OPERATIONS,Stay status reconciler,true,"Jul 7, 2026, 6:19:28 AM","Jul 7, 2026, 6:19:28 AM"
65e11cec79b43b53e1af5c81,Synergy Rental Group,pro,Mid-Market,true,,FINANCE,Fee configuration detector,true,"Jul 7, 2026, 6:18:53 AM","Jul 7, 2026, 6:18:53 AM"
699699720e798385617b4d65,Whistler Breaks Vacation Rentals Ltd,pro,Mid-Market,true,,ACCOUNTING,Monthly cancelled reservations,true,"Jul 7, 2026, 3:51:54 AM","Jul 7, 2026, 3:51:54 AM"
699699720e798385617b4d65,Whistler Breaks Vacation Rentals Ltd,pro,Mid-Market,true,,ACCOUNTING,Advance deposit checker,true,"Jul 7, 2026, 3:51:40 AM","Jul 7, 2026, 3:51:40 AM"
6994ba6006158b9341e7e0a2,Marisol & Co. Hospitality Group,pro,Mid-Market,true,,FINANCE,Tax Configuration Audit,true,"Jul 7, 2026, 3:03:25 AM","Jul 7, 2026, 3:03:25 AM"
6994ba6006158b9341e7e0a2,Marisol & Co. Hospitality Group,pro,Mid-Market,true,,COMMUNICATIONS,Review response drafter,true,"Jul 7, 2026, 3:03:07 AM","Jul 7, 2026, 3:03:07 AM"
6994ba6006158b9341e7e0a2,Marisol & Co. Hospitality Group,pro,Mid-Market,true,,COMMUNICATIONS,Negative review challenger,true,"Jul 7, 2026, 3:02:51 AM","Jul 7, 2026, 3:02:51 AM"
6994ba6006158b9341e7e0a2,Marisol & Co. Hospitality Group,pro,Mid-Market,true,,OPERATIONS,Maintenance tracker,true,"Jul 7, 2026, 3:02:44 AM","Jul 7, 2026, 3:02:44 AM"
664cd7b17ece3a46c68c5b09,Bee Cave Mgmt LLC,pro,Mid-Market,true,,OPERATIONS,Reservation duplicate detector,true,"Jul 6, 2026, 9:14:30 PM","Jul 6, 2026, 9:14:30 PM"
664cd7b17ece3a46c68c5b09,Bee Cave Mgmt LLC,pro,Mid-Market,true,,FINANCE,Security deposit extender,true,"Jul 6, 2026, 9:14:22 PM","Jul 6, 2026, 9:14:22 PM"
664cd7b17ece3a46c68c5b09,Bee Cave Mgmt LLC,pro,Mid-Market,true,,COMMUNICATIONS,Saved replies optimizer,true,"Jul 6, 2026, 9:14:19 PM","Jul 6, 2026, 9:14:19 PM"
664cd7b17ece3a46c68c5b09,Bee Cave Mgmt LLC,pro,Mid-Market,true,,OPERATIONS,Weekly Operation Brief,true,"Jul 6, 2026, 9:14:06 PM","Jul 6, 2026, 9:14:06 PM"
664cd7b17ece3a46c68c5b09,Bee Cave Mgmt LLC,pro,Mid-Market,true,,OPERATIONS,Team access review,true,"Jul 6, 2026, 9:14:01 PM","Jul 6, 2026, 9:14:01 PM"
664cd7b17ece3a46c68c5b09,Bee Cave Mgmt LLC,pro,Mid-Market,true,,OPERATIONS,Stay status reconciler,true,"Jul 6, 2026, 9:13:57 PM","Jul 6, 2026, 9:13:57 PM"
664cd7b17ece3a46c68c5b09,Bee Cave Mgmt LLC,pro,Mid-Market,true,,OPERATIONS,Risky reservation detector,true,"Jul 6, 2026, 9:13:54 PM","Jul 6, 2026, 9:13:54 PM"
664cd7b17ece3a46c68c5b09,Bee Cave Mgmt LLC,pro,Mid-Market,true,,OPERATIONS,Review to task dispatcher,true,"Jul 6, 2026, 9:13:51 PM","Jul 6, 2026, 9:13:51 PM"
664cd7b17ece3a46c68c5b09,Bee Cave Mgmt LLC,pro,Mid-Market,true,,COMMUNICATIONS,Review response drafter,true,"Jul 6, 2026, 9:13:47 PM","Jul 6, 2026, 9:13:47 PM"
664cd7b17ece3a46c68c5b09,Bee Cave Mgmt LLC,pro,Mid-Market,true,,OPERATIONS,Reservation handoff brief,true,"Jul 6, 2026, 9:13:43 PM","Jul 6, 2026, 9:13:43 PM"
664cd7b17ece3a46c68c5b09,Bee Cave Mgmt LLC,pro,Mid-Market,true,,COMMUNICATIONS,Negative review challenger,true,"Jul 6, 2026, 9:13:39 PM","Jul 6, 2026, 9:13:39 PM"
664cd7b17ece3a46c68c5b09,Bee Cave Mgmt LLC,pro,Mid-Market,true,,ACCOUNTING,Monthly cancelled reservations,true,"Jul 6, 2026, 9:13:35 PM","Jul 6, 2026, 9:13:35 PM"
664cd7b17ece3a46c68c5b09,Bee Cave Mgmt LLC,pro,Mid-Market,true,,OPERATIONS,Maintenance tracker,true,"Jul 6, 2026, 9:13:32 PM","Jul 6, 2026, 9:13:32 PM"
664cd7b17ece3a46c68c5b09,Bee Cave Mgmt LLC,pro,Mid-Market,true,,OPERATIONS,Inquiry expiry manager,true,"Jul 6, 2026, 9:13:28 PM","Jul 6, 2026, 9:13:28 PM"
664cd7b17ece3a46c68c5b09,Bee Cave Mgmt LLC,pro,Mid-Market,true,,OPERATIONS,Commitment keeper,true,"Jul 6, 2026, 9:13:19 PM","Jul 6, 2026, 9:13:19 PM"
664cd7b17ece3a46c68c5b09,Bee Cave Mgmt LLC,pro,Mid-Market,true,,OPERATIONS,Daily task coverage board,true,"Jul 6, 2026, 9:13:13 PM","Jul 6, 2026, 9:13:13 PM"
664cd7b17ece3a46c68c5b09,Bee Cave Mgmt LLC,pro,Mid-Market,true,,OPERATIONS,Check-in readiness,true,"Jul 6, 2026, 9:13:09 PM","Jul 6, 2026, 9:13:09 PM"
664cd7b17ece3a46c68c5b09,Bee Cave Mgmt LLC,pro,Mid-Market,true,,OPERATIONS,Calendar conflict detector,true,"Jul 6, 2026, 9:13:00 PM","Jul 6, 2026, 9:13:00 PM"
664cd7b17ece3a46c68c5b09,Bee Cave Mgmt LLC,pro,Mid-Market,true,,OPERATIONS,Amenity gap detector,true,"Jul 6, 2026, 9:12:56 PM","Jul 6, 2026, 9:12:56 PM"
664cd7b17ece3a46c68c5b09,Bee Cave Mgmt LLC,pro,Mid-Market,true,,ACCOUNTING,Advance deposit checker,true,"Jul 6, 2026, 9:12:53 PM","Jul 6, 2026, 9:12:53 PM"
664cd7b17ece3a46c68c5b09,Bee Cave Mgmt LLC,pro,Mid-Market,true,,FINANCE,Unpaid reservation tracker,true,"Jul 6, 2026, 9:12:27 PM","Jul 6, 2026, 9:12:27 PM"
664cd7b17ece3a46c68c5b09,Bee Cave Mgmt LLC,pro,Mid-Market,true,,FINANCE,Tax Configuration Audit,true,"Jul 6, 2026, 9:12:23 PM","Jul 6, 2026, 9:12:23 PM"
664cd7b17ece3a46c68c5b09,Bee Cave Mgmt LLC,pro,Mid-Market,true,,FINANCE,Fee configuration detector,true,"Jul 6, 2026, 9:12:11 PM","Jul 6, 2026, 9:12:11 PM"
664cd7b17ece3a46c68c5b09,Bee Cave Mgmt LLC,pro,Mid-Market,true,,OWNER_RELATIONS,Owner payment details collector,true,"Jul 6, 2026, 9:12:00 PM","Jul 6, 2026, 9:12:00 PM"
69cc4d66a9f6b32e370fe8f5,GEKO S.A.C.,pro,Mid-Market,true,,COMMUNICATIONS,Saved replies optimizer,true,"Jul 6, 2026, 8:20:16 PM","Jul 6, 2026, 8:20:16 PM"
69cc4d66a9f6b32e370fe8f5,GEKO S.A.C.,pro,Mid-Market,true,,OPERATIONS,Amenity gap detector,true,"Jul 6, 2026, 8:20:08 PM","Jul 6, 2026, 8:20:08 PM"
662c7b0c713d3ca356f497cb,Freedom Vacation Rentals,pro,Mid-Market,true,,FINANCE,Unpaid reservation tracker,true,"Jul 6, 2026, 6:50:10 PM","Jul 6, 2026, 6:50:10 PM"
662c7b0c713d3ca356f497cb,Freedom Vacation Rentals,pro,Mid-Market,true,,OPERATIONS,Team access review,true,"Jul 6, 2026, 6:40:11 PM","Jul 6, 2026, 6:40:11 PM"
662c7b0c713d3ca356f497cb,Freedom Vacation Rentals,pro,Mid-Market,true,,OPERATIONS,Weekly Operation Brief,true,"Jul 6, 2026, 6:40:02 PM","Jul 6, 2026, 6:40:02 PM"
662c7b0c713d3ca356f497cb,Freedom Vacation Rentals,pro,Mid-Market,true,,OPERATIONS,Translation gap filler,true,"Jul 6, 2026, 6:39:46 PM","Jul 6, 2026, 6:39:46 PM"
662c7b0c713d3ca356f497cb,Freedom Vacation Rentals,pro,Mid-Market,true,,COMMUNICATIONS,Saved replies optimizer,true,"Jul 6, 2026, 6:39:30 PM","Jul 6, 2026, 6:39:30 PM"
662c7b0c713d3ca356f497cb,Freedom Vacation Rentals,pro,Mid-Market,true,,COMMUNICATIONS,Review response drafter,true,"Jul 6, 2026, 6:39:18 PM","Jul 6, 2026, 6:39:18 PM"
662c7b0c713d3ca356f497cb,Freedom Vacation Rentals,pro,Mid-Market,true,,OPERATIONS,Reservation duplicate detector,true,"Jul 6, 2026, 6:39:02 PM","Jul 6, 2026, 6:39:02 PM"
662c7b0c713d3ca356f497cb,Freedom Vacation Rentals,pro,Mid-Market,true,,OPERATIONS,Reservation handoff brief,true,"Jul 6, 2026, 6:38:51 PM","Jul 6, 2026, 6:38:51 PM"
662c7b0c713d3ca356f497cb,Freedom Vacation Rentals,pro,Mid-Market,true,,COMMUNICATIONS,Negative review challenger,true,"Jul 6, 2026, 6:38:35 PM","Jul 6, 2026, 6:38:35 PM"
662c7b0c713d3ca356f497cb,Freedom Vacation Rentals,pro,Mid-Market,true,,OPERATIONS,Maintenance tracker,true,"Jul 6, 2026, 6:38:16 PM","Jul 6, 2026, 6:38:16 PM"
662c7b0c713d3ca356f497cb,Freedom Vacation Rentals,pro,Mid-Market,true,,OPERATIONS,Daily task coverage board,true,"Jul 6, 2026, 6:38:06 PM","Jul 6, 2026, 6:38:06 PM"
662c7b0c713d3ca356f497cb,Freedom Vacation Rentals,pro,Mid-Market,true,,OPERATIONS,Commitment keeper,true,"Jul 6, 2026, 6:37:47 PM","Jul 6, 2026, 6:37:47 PM"
662c7b0c713d3ca356f497cb,Freedom Vacation Rentals,pro,Mid-Market,true,,OPERATIONS,Check-in readiness,false,"Jul 6, 2026, 6:35:11 PM","Jul 6, 2026, 8:49:20 PM"
662c7b0c713d3ca356f497cb,Freedom Vacation Rentals,pro,Mid-Market,true,,OPERATIONS,Calendar conflict detector,true,"Jul 6, 2026, 6:34:56 PM","Jul 6, 2026, 6:34:56 PM"
662c7b0c713d3ca356f497cb,Freedom Vacation Rentals,pro,Mid-Market,true,,ACCOUNTING,Advance deposit checker,true,"Jul 6, 2026, 6:34:18 PM","Jul 6, 2026, 6:34:18 PM"
63d7edf439e935004cc1d253,Stars Vacation Homes,pro,SME,true,,COMMUNICATIONS,Negative review challenger,true,"Jul 6, 2026, 6:31:26 PM","Jul 6, 2026, 6:31:26 PM"
63d7edf439e935004cc1d253,Stars Vacation Homes,pro,SME,true,,OPERATIONS,Maintenance tracker,true,"Jul 6, 2026, 6:31:20 PM","Jul 6, 2026, 6:31:20 PM"
63d7edf439e935004cc1d253,Stars Vacation Homes,pro,SME,true,,OPERATIONS,Calendar conflict detector,true,"Jul 6, 2026, 6:31:11 PM","Jul 6, 2026, 6:31:11 PM"
6691731ff6abdb39ff57bbc6,DreamStay Vacation Rentals,pro,Mid-Market,true,,OPERATIONS,Risky reservation detector,true,"Jul 6, 2026, 6:11:05 PM","Jul 6, 2026, 6:11:05 PM"
6691731ff6abdb39ff57bbc6,DreamStay Vacation Rentals,pro,Mid-Market,true,,COMMUNICATIONS,Negative review challenger,true,"Jul 6, 2026, 6:10:55 PM","Jul 6, 2026, 6:10:55 PM"
6691731ff6abdb39ff57bbc6,DreamStay Vacation Rentals,pro,Mid-Market,true,,ACCOUNTING,Monthly cancelled reservations,true,"Jul 6, 2026, 6:10:44 PM","Jul 6, 2026, 6:10:44 PM"
6691731ff6abdb39ff57bbc6,DreamStay Vacation Rentals,pro,Mid-Market,true,,OPERATIONS,Daily task coverage board,true,"Jul 6, 2026, 6:10:14 PM","Jul 6, 2026, 6:10:14 PM"
6691731ff6abdb39ff57bbc6,DreamStay Vacation Rentals,pro,Mid-Market,true,,OPERATIONS,Commitment keeper,true,"Jul 6, 2026, 6:09:52 PM","Jul 6, 2026, 6:09:52 PM"
6691731ff6abdb39ff57bbc6,DreamStay Vacation Rentals,pro,Mid-Market,true,,OPERATIONS,Maintenance tracker,true,"Jul 6, 2026, 6:09:31 PM","Jul 6, 2026, 6:09:31 PM"
6691731ff6abdb39ff57bbc6,DreamStay Vacation Rentals,pro,Mid-Market,true,,OPERATIONS,Calendar conflict detector,true,"Jul 6, 2026, 6:09:07 PM","Jul 6, 2026, 6:09:07 PM"
6691731ff6abdb39ff57bbc6,DreamStay Vacation Rentals,pro,Mid-Market,true,,OPERATIONS,Amenity gap detector,true,"Jul 6, 2026, 6:09:00 PM","Jul 6, 2026, 6:09:00 PM"
6691731ff6abdb39ff57bbc6,DreamStay Vacation Rentals,pro,Mid-Market,true,,OPERATIONS,Inquiry expiry manager,true,"Jul 6, 2026, 6:08:39 PM","Jul 6, 2026, 6:08:39 PM"
6691731ff6abdb39ff57bbc6,DreamStay Vacation Rentals,pro,Mid-Market,true,,OPERATIONS,Reservation duplicate detector,true,"Jul 6, 2026, 6:07:47 PM","Jul 6, 2026, 6:07:47 PM"
6691731ff6abdb39ff57bbc6,DreamStay Vacation Rentals,pro,Mid-Market,true,,COMMUNICATIONS,Review response drafter,true,"Jul 6, 2026, 6:07:25 PM","Jul 6, 2026, 6:07:25 PM"
6691731ff6abdb39ff57bbc6,DreamStay Vacation Rentals,pro,Mid-Market,true,,OPERATIONS,Team access review,true,"Jul 6, 2026, 6:06:18 PM","Jul 6, 2026, 6:06:18 PM"
655346f4ac25e87d1056b160,Stay Homy,pro,Mid-Market,true,,OPERATIONS,Team access review,true,"Jul 6, 2026, 5:17:22 PM","Jul 6, 2026, 5:17:22 PM"
655346f4ac25e87d1056b160,Stay Homy,pro,Mid-Market,true,,OPERATIONS,Translation gap filler,true,"Jul 6, 2026, 5:16:06 PM","Jul 6, 2026, 5:16:06 PM"
6542c4e210675435b7246225,Bungalow Solutions LLC,pro,SME,true,,ACCOUNTING,Monthly cancelled reservations,true,"Jul 6, 2026, 5:12:00 PM","Jul 6, 2026, 5:12:00 PM"
655346f4ac25e87d1056b160,Stay Homy,pro,Mid-Market,true,,OPERATIONS,Weekly Operation Brief,true,"Jul 6, 2026, 5:03:53 PM","Jul 6, 2026, 5:03:53 PM"
655346f4ac25e87d1056b160,Stay Homy,pro,Mid-Market,true,,OPERATIONS,Risky reservation detector,true,"Jul 6, 2026, 5:02:41 PM","Jul 6, 2026, 5:02:41 PM"
655346f4ac25e87d1056b160,Stay Homy,pro,Mid-Market,true,,COMMUNICATIONS,Negative review challenger,true,"Jul 6, 2026, 5:00:18 PM","Jul 6, 2026, 5:00:18 PM"
6361401a09cd6a004c376443,APEK Rentals,pro,Enterprise,true,hq_child,OPERATIONS,Weekly Operation Brief,true,"Jul 6, 2026, 3:32:35 PM","Jul 6, 2026, 3:32:35 PM"
6361401a09cd6a004c376443,APEK Rentals,pro,Enterprise,true,hq_child,FINANCE,Unpaid reservation tracker,true,"Jul 6, 2026, 3:32:24 PM","Jul 6, 2026, 3:32:24 PM"
6361401a09cd6a004c376443,APEK Rentals,pro,Enterprise,true,hq_child,OPERATIONS,Translation gap filler,true,"Jul 6, 2026, 3:32:15 PM","Jul 6, 2026, 3:32:15 PM"
6361401a09cd6a004c376443,APEK Rentals,pro,Enterprise,true,hq_child,OPERATIONS,Team access review,true,"Jul 6, 2026, 3:32:07 PM","Jul 6, 2026, 3:32:07 PM"
6361401a09cd6a004c376443,APEK Rentals,pro,Enterprise,true,hq_child,FINANCE,Tax Configuration Audit,true,"Jul 6, 2026, 3:32:00 PM","Jul 6, 2026, 3:32:00 PM"
6361401a09cd6a004c376443,APEK Rentals,pro,Enterprise,true,hq_child,OPERATIONS,Stay status reconciler,true,"Jul 6, 2026, 3:31:52 PM","Jul 6, 2026, 3:31:52 PM"
6361401a09cd6a004c376443,APEK Rentals,pro,Enterprise,true,hq_child,FINANCE,Security deposit extender,true,"Jul 6, 2026, 3:31:37 PM","Jul 6, 2026, 3:31:37 PM"
6361401a09cd6a004c376443,APEK Rentals,pro,Enterprise,true,hq_child,COMMUNICATIONS,Saved replies optimizer,true,"Jul 6, 2026, 3:31:27 PM","Jul 6, 2026, 3:31:27 PM"
6361401a09cd6a004c376443,APEK Rentals,pro,Enterprise,true,hq_child,OPERATIONS,Risky reservation detector,true,"Jul 6, 2026, 3:31:20 PM","Jul 6, 2026, 3:31:20 PM"
6361401a09cd6a004c376443,APEK Rentals,pro,Enterprise,true,hq_child,OPERATIONS,Review to task dispatcher,true,"Jul 6, 2026, 3:31:13 PM","Jul 6, 2026, 3:31:13 PM"
6361401a09cd6a004c376443,APEK Rentals,pro,Enterprise,true,hq_child,COMMUNICATIONS,Review response drafter,true,"Jul 6, 2026, 3:31:07 PM","Jul 6, 2026, 3:31:07 PM"
6361401a09cd6a004c376443,APEK Rentals,pro,Enterprise,true,hq_child,OPERATIONS,Reservation handoff brief,true,"Jul 6, 2026, 3:30:59 PM","Jul 6, 2026, 3:30:59 PM"
6361401a09cd6a004c376443,APEK Rentals,pro,Enterprise,true,hq_child,OPERATIONS,Reservation duplicate detector,true,"Jul 6, 2026, 3:30:51 PM","Jul 6, 2026, 3:30:51 PM"
6361401a09cd6a004c376443,APEK Rentals,pro,Enterprise,true,hq_child,OWNER_RELATIONS,Owner payment details collector,true,"Jul 6, 2026, 3:30:43 PM","Jul 6, 2026, 3:30:43 PM"
6361401a09cd6a004c376443,APEK Rentals,pro,Enterprise,true,hq_child,COMMUNICATIONS,Negative review challenger,true,"Jul 6, 2026, 3:30:30 PM","Jul 6, 2026, 3:30:30 PM"
6361401a09cd6a004c376443,APEK Rentals,pro,Enterprise,true,hq_child,ACCOUNTING,Monthly cancelled reservations,true,"Jul 6, 2026, 3:30:20 PM","Jul 6, 2026, 3:30:20 PM"
6361401a09cd6a004c376443,APEK Rentals,pro,Enterprise,true,hq_child,OPERATIONS,Maintenance tracker,true,"Jul 6, 2026, 3:30:06 PM","Jul 6, 2026, 3:30:06 PM"
6361401a09cd6a004c376443,APEK Rentals,pro,Enterprise,true,hq_child,OPERATIONS,Inquiry expiry manager,true,"Jul 6, 2026, 3:29:58 PM","Jul 6, 2026, 3:29:58 PM"
6361401a09cd6a004c376443,APEK Rentals,pro,Enterprise,true,hq_child,FINANCE,Fee configuration detector,true,"Jul 6, 2026, 3:29:48 PM","Jul 6, 2026, 3:29:48 PM"
6361401a09cd6a004c376443,APEK Rentals,pro,Enterprise,true,hq_child,OPERATIONS,Daily task coverage board,true,"Jul 6, 2026, 3:29:35 PM","Jul 6, 2026, 3:29:35 PM"
6361401a09cd6a004c376443,APEK Rentals,pro,Enterprise,true,hq_child,OPERATIONS,Commitment keeper,true,"Jul 6, 2026, 3:29:25 PM","Jul 6, 2026, 3:29:25 PM"
6361401a09cd6a004c376443,APEK Rentals,pro,Enterprise,true,hq_child,OPERATIONS,Check-in readiness,true,"Jul 6, 2026, 3:29:05 PM","Jul 6, 2026, 3:29:05 PM"
6361401a09cd6a004c376443,APEK Rentals,pro,Enterprise,true,hq_child,OPERATIONS,Calendar conflict detector,true,"Jul 6, 2026, 3:28:51 PM","Jul 6, 2026, 3:28:51 PM"
6361401a09cd6a004c376443,APEK Rentals,pro,Enterprise,true,hq_child,OPERATIONS,Amenity gap detector,true,"Jul 6, 2026, 3:28:44 PM","Jul 6, 2026, 3:28:44 PM"
6361401a09cd6a004c376443,APEK Rentals,pro,Enterprise,true,hq_child,ACCOUNTING,Advance deposit checker,true,"Jul 6, 2026, 3:28:34 PM","Jul 6, 2026, 3:28:34 PM"
633ce6133627590032806db7,Premier Vacation Stays,pro,Mid-Market,true,,COMMUNICATIONS,Review response drafter,true,"Jul 6, 2026, 3:12:41 PM","Jul 6, 2026, 3:12:41 PM"
633ce6133627590032806db7,Premier Vacation Stays,pro,Mid-Market,true,,OPERATIONS,Weekly Operation Brief,true,"Jul 6, 2026, 3:12:02 PM","Jul 6, 2026, 3:12:02 PM"
633ce6133627590032806db7,Premier Vacation Stays,pro,Mid-Market,true,,FINANCE,Tax Configuration Audit,true,"Jul 6, 2026, 3:11:47 PM","Jul 6, 2026, 3:11:47 PM"
633ce6133627590032806db7,Premier Vacation Stays,pro,Mid-Market,true,,OPERATIONS,Stay status reconciler,true,"Jul 6, 2026, 3:11:30 PM","Jul 6, 2026, 3:11:30 PM"
633ce6133627590032806db7,Premier Vacation Stays,pro,Mid-Market,true,,OPERATIONS,Risky reservation detector,true,"Jul 6, 2026, 3:11:00 PM","Jul 6, 2026, 3:11:00 PM"
633ce6133627590032806db7,Premier Vacation Stays,pro,Mid-Market,true,,OPERATIONS,Reservation duplicate detector,true,"Jul 6, 2026, 3:10:29 PM","Jul 6, 2026, 3:10:29 PM"
633ce6133627590032806db7,Premier Vacation Stays,pro,Mid-Market,true,,COMMUNICATIONS,Negative review challenger,true,"Jul 6, 2026, 3:10:21 PM","Jul 6, 2026, 3:10:21 PM"
633ce6133627590032806db7,Premier Vacation Stays,pro,Mid-Market,true,,OPERATIONS,Inquiry expiry manager,true,"Jul 6, 2026, 3:09:49 PM","Jul 6, 2026, 3:09:49 PM"
6994ba6006158b9341e7e0a2,Marisol & Co. Hospitality Group,pro,Mid-Market,true,,OWNER_RELATIONS,Owner payment details collector,true,"Jul 6, 2026, 3:08:28 PM","Jul 6, 2026, 3:08:28 PM"
67b793cf40e1ed4a6dae237e,South Padre Island Trips,pro,Mid-Market,true,,OPERATIONS,Weekly Operation Brief,true,"Jul 6, 2026, 1:54:32 PM","Jul 6, 2026, 1:54:32 PM"
67b793cf40e1ed4a6dae237e,South Padre Island Trips,pro,Mid-Market,true,,OPERATIONS,Team access review,true,"Jul 6, 2026, 1:54:04 PM","Jul 6, 2026, 1:54:04 PM"
67b793cf40e1ed4a6dae237e,South Padre Island Trips,pro,Mid-Market,true,,OPERATIONS,Commitment keeper,true,"Jul 6, 2026, 1:52:29 PM","Jul 6, 2026, 1:52:29 PM"
67b793cf40e1ed4a6dae237e,South Padre Island Trips,pro,Mid-Market,true,,ACCOUNTING,Advance deposit checker,true,"Jul 6, 2026, 1:52:12 PM","Jul 6, 2026, 1:52:12 PM"
67b793cf40e1ed4a6dae237e,South Padre Island Trips,pro,Mid-Market,true,,OPERATIONS,Check-in readiness,true,"Jul 6, 2026, 1:51:54 PM","Jul 6, 2026, 1:51:54 PM"
697cf07e97c71aa6720b0e9b,Asesoria e Inversiones Riverso Andes SPA,pro,Mid-Market,true,,OPERATIONS,Amenity gap detector,true,"Jul 6, 2026, 1:49:00 PM","Jul 6, 2026, 1:49:00 PM"
675088ce3780f3a8abe636d7,SMART HOST VACATION HOME RENTAL L.L.C.,pro,Mid-Market,true,,FINANCE,Unpaid reservation tracker,true,"Jul 6, 2026, 12:49:45 PM","Jul 6, 2026, 12:49:45 PM"
675088ce3780f3a8abe636d7,SMART HOST VACATION HOME RENTAL L.L.C.,pro,Mid-Market,true,,ACCOUNTING,Advance deposit checker,true,"Jul 6, 2026, 12:49:15 PM","Jul 6, 2026, 12:49:15 PM"
675088ce3780f3a8abe636d7,SMART HOST VACATION HOME RENTAL L.L.C.,pro,Mid-Market,true,,FINANCE,Tax Configuration Audit,true,"Jul 6, 2026, 12:48:52 PM","Jul 6, 2026, 12:48:52 PM"
6639b053af65b5a61d2cec4c,Clifton Partners Property,pro,Mid-Market,true,,DISTRIBUTION,Airbnb quality detector,true,"Jul 6, 2026, 12:21:36 PM","Jul 6, 2026, 12:21:36 PM"
6639b053af65b5a61d2cec4c,Clifton Partners Property,pro,Mid-Market,true,,OPERATIONS,Amenity gap detector,true,"Jul 6, 2026, 12:21:32 PM","Jul 6, 2026, 12:21:32 PM"
6639b053af65b5a61d2cec4c,Clifton Partners Property,pro,Mid-Market,true,,FINANCE,Checkout balance collection,true,"Jul 6, 2026, 12:21:27 PM","Jul 6, 2026, 12:21:27 PM"
6639b053af65b5a61d2cec4c,Clifton Partners Property,pro,Mid-Market,true,,OPERATIONS,Daily task coverage board,true,"Jul 6, 2026, 12:21:17 PM","Jul 6, 2026, 12:21:17 PM"
6639b053af65b5a61d2cec4c,Clifton Partners Property,pro,Mid-Market,true,,OPERATIONS,Commitment keeper,true,"Jul 6, 2026, 12:21:12 PM","Jul 6, 2026, 12:21:12 PM"
6639b053af65b5a61d2cec4c,Clifton Partners Property,pro,Mid-Market,true,,OPERATIONS,Inquiry expiry manager,true,"Jul 6, 2026, 12:21:07 PM","Jul 6, 2026, 12:21:07 PM"
6639b053af65b5a61d2cec4c,Clifton Partners Property,pro,Mid-Market,true,,COMMUNICATIONS,Negative review challenger,true,"Jul 6, 2026, 12:21:02 PM","Jul 6, 2026, 12:21:02 PM"
6639b053af65b5a61d2cec4c,Clifton Partners Property,pro,Mid-Market,true,,OPERATIONS,Reservation duplicate detector,true,"Jul 6, 2026, 12:20:55 PM","Jul 6, 2026, 12:20:55 PM"
6639b053af65b5a61d2cec4c,Clifton Partners Property,pro,Mid-Market,true,,COMMUNICATIONS,Saved replies optimizer,true,"Jul 6, 2026, 12:20:50 PM","Jul 6, 2026, 12:20:50 PM"
6639b053af65b5a61d2cec4c,Clifton Partners Property,pro,Mid-Market,true,,FINANCE,Security deposit extender,true,"Jul 6, 2026, 12:20:44 PM","Jul 6, 2026, 12:20:44 PM"
6639b053af65b5a61d2cec4c,Clifton Partners Property,pro,Mid-Market,true,,OPERATIONS,Risky reservation detector,true,"Jul 6, 2026, 12:20:39 PM","Jul 6, 2026, 12:20:39 PM"
6639b053af65b5a61d2cec4c,Clifton Partners Property,pro,Mid-Market,true,,FINANCE,Tax Configuration Audit,true,"Jul 6, 2026, 12:20:32 PM","Jul 6, 2026, 12:20:32 PM"
6639b053af65b5a61d2cec4c,Clifton Partners Property,pro,Mid-Market,true,,OPERATIONS,Weekly Operation Brief,true,"Jul 6, 2026, 12:20:28 PM","Jul 6, 2026, 12:20:28 PM"
6639b053af65b5a61d2cec4c,Clifton Partners Property,pro,Mid-Market,true,,FINANCE,Unpaid reservation tracker,true,"Jul 6, 2026, 12:20:19 PM","Jul 6, 2026, 12:20:19 PM"
6639b053af65b5a61d2cec4c,Clifton Partners Property,pro,Mid-Market,true,,OPERATIONS,Translation gap filler,true,"Jul 6, 2026, 12:20:13 PM","Jul 6, 2026, 12:20:13 PM"
6639b053af65b5a61d2cec4c,Clifton Partners Property,pro,Mid-Market,true,,OPERATIONS,Team access review,true,"Jul 6, 2026, 12:20:06 PM","Jul 6, 2026, 12:20:06 PM"
6639b053af65b5a61d2cec4c,Clifton Partners Property,pro,Mid-Market,true,,OPERATIONS,Review to task dispatcher,true,"Jul 6, 2026, 12:20:00 PM","Jul 6, 2026, 12:20:00 PM"
6639b053af65b5a61d2cec4c,Clifton Partners Property,pro,Mid-Market,true,,OPERATIONS,Reservation handoff brief,true,"Jul 6, 2026, 12:19:52 PM","Jul 6, 2026, 12:19:52 PM"
6639b053af65b5a61d2cec4c,Clifton Partners Property,pro,Mid-Market,true,,COMMUNICATIONS,Review response drafter,true,"Jul 6, 2026, 12:19:42 PM","Jul 6, 2026, 12:19:42 PM"
6639b053af65b5a61d2cec4c,Clifton Partners Property,pro,Mid-Market,true,,OWNER_RELATIONS,Owner payment details collector,true,"Jul 6, 2026, 12:19:32 PM","Jul 6, 2026, 12:19:32 PM"
6639b053af65b5a61d2cec4c,Clifton Partners Property,pro,Mid-Market,true,,OPERATIONS,Check-in readiness,false,"Jul 6, 2026, 12:19:08 PM","Jul 7, 2026, 8:19:09 PM"
697a2cee97c71aa6720b0d44,Mountain Laurel Chalets,pro,Mid-Market,true,,DISTRIBUTION,Airbnb quality detector,true,"Jul 6, 2026, 11:44:52 AM","Jul 6, 2026, 11:44:52 AM"
694ad57b5746ac96c0eb4e07,Residentas PT,pro,Mid-Market,true,,COMMUNICATIONS,Negative review challenger,true,"Jul 6, 2026, 10:53:45 AM","Jul 6, 2026, 10:53:45 AM"
694ad57b5746ac96c0eb4e07,Residentas PT,pro,Mid-Market,true,,COMMUNICATIONS,Review response drafter,true,"Jul 6, 2026, 10:53:38 AM","Jul 6, 2026, 10:53:38 AM"
694ad57b5746ac96c0eb4e07,Residentas PT,pro,Mid-Market,true,,COMMUNICATIONS,Saved replies optimizer,true,"Jul 6, 2026, 10:53:25 AM","Jul 6, 2026, 10:53:25 AM"
694ad57b5746ac96c0eb4e07,Residentas PT,pro,Mid-Market,true,,OPERATIONS,Translation gap filler,true,"Jul 6, 2026, 10:52:07 AM","Jul 6, 2026, 10:52:07 AM"
66d07cd5f48715e4ecea2688,Vivendos Homes SL,pro,SMB,true,,OPERATIONS,Team access review,true,"Jul 6, 2026, 8:50:31 AM","Jul 6, 2026, 8:50:31 AM"
66d07cd5f48715e4ecea2688,Vivendos Homes SL,pro,SMB,true,,COMMUNICATIONS,Saved replies optimizer,true,"Jul 6, 2026, 8:49:55 AM","Jul 6, 2026, 8:49:55 AM"
66d07cd5f48715e4ecea2688,Vivendos Homes SL,pro,SMB,true,,OPERATIONS,Risky reservation detector,true,"Jul 6, 2026, 8:49:43 AM","Jul 6, 2026, 8:49:43 AM"
66d07cd5f48715e4ecea2688,Vivendos Homes SL,pro,SMB,true,,OPERATIONS,Review to task dispatcher,true,"Jul 6, 2026, 8:49:22 AM","Jul 6, 2026, 8:49:22 AM"
66d07cd5f48715e4ecea2688,Vivendos Homes SL,pro,SMB,true,,COMMUNICATIONS,Review response drafter,true,"Jul 6, 2026, 8:49:08 AM","Jul 6, 2026, 8:49:08 AM"
66d07cd5f48715e4ecea2688,Vivendos Homes SL,pro,SMB,true,,OPERATIONS,Calendar conflict detector,true,"Jul 6, 2026, 8:48:42 AM","Jul 6, 2026, 8:48:42 AM"
66d07cd5f48715e4ecea2688,Vivendos Homes SL,pro,SMB,true,,OPERATIONS,Reservation duplicate detector,true,"Jul 6, 2026, 8:48:23 AM","Jul 6, 2026, 8:48:23 AM"
66d07cd5f48715e4ecea2688,Vivendos Homes SL,pro,SMB,true,,COMMUNICATIONS,Negative review challenger,true,"Jul 6, 2026, 8:47:53 AM","Jul 6, 2026, 8:47:53 AM"
66d07cd5f48715e4ecea2688,Vivendos Homes SL,pro,SMB,true,,OPERATIONS,Amenity gap detector,true,"Jul 6, 2026, 8:44:45 AM","Jul 6, 2026, 8:44:45 AM"
66d07cd5f48715e4ecea2688,Vivendos Homes SL,pro,SMB,true,,DISTRIBUTION,Airbnb quality detector,true,"Jul 6, 2026, 8:43:04 AM","Jul 6, 2026, 8:43:04 AM"
693fe0317e1715aa98c354f6,Ilic Corporation,pro,SMB,true,,OPERATIONS,Amenity gap detector,true,"Jul 6, 2026, 8:05:18 AM","Jul 6, 2026, 8:05:18 AM"
693fe0317e1715aa98c354f6,Ilic Corporation,pro,SMB,true,,OPERATIONS,Risky reservation detector,true,"Jul 6, 2026, 8:04:54 AM","Jul 6, 2026, 8:04:54 AM"
693fe0317e1715aa98c354f6,Ilic Corporation,pro,SMB,true,,COMMUNICATIONS,Negative review challenger,true,"Jul 6, 2026, 8:04:41 AM","Jul 6, 2026, 8:04:41 AM"
693fe0317e1715aa98c354f6,Ilic Corporation,pro,SMB,true,,DISTRIBUTION,Airbnb quality detector,true,"Jul 6, 2026, 8:04:16 AM","Jul 6, 2026, 8:04:16 AM"
693fe0317e1715aa98c354f6,Ilic Corporation,pro,SMB,true,,OPERATIONS,Calendar conflict detector,true,"Jul 6, 2026, 8:04:07 AM","Jul 6, 2026, 8:04:07 AM"
696e0505b558d35d8ff05dbe,Salt & City Stays,pro,Mid-Market,true,,OPERATIONS,Reservation handoff brief,true,"Jul 6, 2026, 7:58:00 AM","Jul 6, 2026, 7:58:00 AM"
696e0505b558d35d8ff05dbe,Salt & City Stays,pro,Mid-Market,true,,COMMUNICATIONS,Negative review challenger,true,"Jul 6, 2026, 7:57:51 AM","Jul 6, 2026, 7:57:51 AM"
696e0505b558d35d8ff05dbe,Salt & City Stays,pro,Mid-Market,true,,OPERATIONS,Commitment keeper,true,"Jul 6, 2026, 7:42:18 AM","Jul 6, 2026, 7:42:18 AM"
696e0505b558d35d8ff05dbe,Salt & City Stays,pro,Mid-Market,true,,DISTRIBUTION,Airbnb quality detector,true,"Jul 6, 2026, 7:42:05 AM","Jul 6, 2026, 7:42:05 AM"
68cbee25467ac68da2e582a7,Nordic Guest AB,pro,SMB,true,,FINANCE,Unpaid reservation tracker,true,"Jul 6, 2026, 7:41:08 AM","Jul 6, 2026, 7:41:08 AM"
69e250520f8cce78dc112886,Vacant Nests,pro,Mid-Market,true,hq_child,FINANCE,Unpaid reservation tracker,true,"Jul 6, 2026, 5:54:18 AM","Jul 6, 2026, 5:54:18 AM"
69e250520f8cce78dc112886,Vacant Nests,pro,Mid-Market,true,hq_child,DISTRIBUTION,Airbnb quality detector,true,"Jul 6, 2026, 5:47:42 AM","Jul 6, 2026, 5:47:42 AM"
69e250520f8cce78dc112886,Vacant Nests,pro,Mid-Market,true,hq_child,COMMUNICATIONS,Negative review challenger,true,"Jul 6, 2026, 5:45:40 AM","Jul 6, 2026, 5:45:40 AM"
69e250520f8cce78dc112886,Vacant Nests,pro,Mid-Market,true,hq_child,OPERATIONS,Weekly Operation Brief,true,"Jul 6, 2026, 5:44:50 AM","Jul 6, 2026, 5:44:50 AM"
67b793cf40e1ed4a6dae237e,South Padre Island Trips,pro,Mid-Market,true,,FINANCE,Unpaid reservation tracker,true,"Jul 6, 2026, 4:37:20 AM","Jul 6, 2026, 4:37:20 AM"
67b793cf40e1ed4a6dae237e,South Padre Island Trips,pro,Mid-Market,true,,OPERATIONS,Translation gap filler,true,"Jul 6, 2026, 4:37:16 AM","Jul 6, 2026, 4:37:16 AM"
67b793cf40e1ed4a6dae237e,South Padre Island Trips,pro,Mid-Market,true,,OPERATIONS,Risky reservation detector,true,"Jul 6, 2026, 4:36:53 AM","Jul 6, 2026, 4:36:53 AM"
67b793cf40e1ed4a6dae237e,South Padre Island Trips,pro,Mid-Market,true,,OPERATIONS,Reservation duplicate detector,true,"Jul 6, 2026, 4:36:37 AM","Jul 6, 2026, 4:36:37 AM"
67b793cf40e1ed4a6dae237e,South Padre Island Trips,pro,Mid-Market,true,,COMMUNICATIONS,Negative review challenger,true,"Jul 6, 2026, 4:36:15 AM","Jul 6, 2026, 4:36:15 AM"
67b793cf40e1ed4a6dae237e,South Padre Island Trips,pro,Mid-Market,true,,FINANCE,Fee configuration detector,true,"Jul 6, 2026, 4:36:01 AM","Jul 6, 2026, 4:36:01 AM"
67b793cf40e1ed4a6dae237e,South Padre Island Trips,pro,Mid-Market,true,,OPERATIONS,Daily task coverage board,true,"Jul 6, 2026, 4:35:47 AM","Jul 6, 2026, 4:35:47 AM"
67b793cf40e1ed4a6dae237e,South Padre Island Trips,pro,Mid-Market,true,,OPERATIONS,Calendar conflict detector,true,"Jul 6, 2026, 4:35:32 AM","Jul 6, 2026, 4:35:32 AM"
67b793cf40e1ed4a6dae237e,South Padre Island Trips,pro,Mid-Market,true,,DISTRIBUTION,Airbnb quality detector,true,"Jul 6, 2026, 4:35:22 AM","Jul 6, 2026, 4:35:22 AM"
67b793cf40e1ed4a6dae237e,South Padre Island Trips,pro,Mid-Market,true,,OPERATIONS,Amenity gap detector,true,"Jul 6, 2026, 4:35:14 AM","Jul 6, 2026, 4:35:14 AM"
699699720e798385617b4d65,Whistler Breaks Vacation Rentals Ltd,pro,Mid-Market,true,,OPERATIONS,Reservation duplicate detector,true,"Jul 6, 2026, 3:40:21 AM","Jul 6, 2026, 3:40:21 AM"
63f77f4e7e251b0030c1464a,Cloud9,pro,Mid-Market,true,,FINANCE,Fee configuration detector,true,"Jul 5, 2026, 11:27:16 PM","Jul 5, 2026, 11:27:16 PM"
63f77f4e7e251b0030c1464a,Cloud9,pro,Mid-Market,true,,OPERATIONS,Inquiry expiry manager,true,"Jul 5, 2026, 11:27:06 PM","Jul 5, 2026, 11:27:06 PM"
63f77f4e7e251b0030c1464a,Cloud9,pro,Mid-Market,true,,COMMUNICATIONS,Review response drafter,true,"Jul 5, 2026, 11:26:30 PM","Jul 5, 2026, 11:26:30 PM"
63f77f4e7e251b0030c1464a,Cloud9,pro,Mid-Market,true,,OPERATIONS,Team access review,true,"Jul 5, 2026, 11:26:25 PM","Jul 5, 2026, 11:26:25 PM"
63f77f4e7e251b0030c1464a,Cloud9,pro,Mid-Market,true,,OPERATIONS,Weekly Operation Brief,true,"Jul 5, 2026, 11:26:17 PM","Jul 5, 2026, 11:26:17 PM"
63f77f4e7e251b0030c1464a,Cloud9,pro,Mid-Market,true,,OPERATIONS,Translation gap filler,true,"Jul 5, 2026, 11:26:11 PM","Jul 5, 2026, 11:26:11 PM"
63f77f4e7e251b0030c1464a,Cloud9,pro,Mid-Market,true,,OPERATIONS,Risky reservation detector,true,"Jul 5, 2026, 11:26:02 PM","Jul 5, 2026, 11:26:02 PM"
63f77f4e7e251b0030c1464a,Cloud9,pro,Mid-Market,true,,COMMUNICATIONS,Saved replies optimizer,true,"Jul 5, 2026, 11:25:55 PM","Jul 5, 2026, 11:25:55 PM"
63f77f4e7e251b0030c1464a,Cloud9,pro,Mid-Market,true,,FINANCE,Security deposit extender,true,"Jul 5, 2026, 11:25:50 PM","Jul 5, 2026, 11:25:50 PM"
63f77f4e7e251b0030c1464a,Cloud9,pro,Mid-Market,true,,ACCOUNTING,Monthly cancelled reservations,true,"Jul 5, 2026, 11:25:35 PM","Jul 5, 2026, 11:25:35 PM"
63f77f4e7e251b0030c1464a,Cloud9,pro,Mid-Market,true,,OPERATIONS,Calendar conflict detector,true,"Jul 5, 2026, 11:25:24 PM","Jul 5, 2026, 11:25:24 PM"
63f77f4e7e251b0030c1464a,Cloud9,pro,Mid-Market,true,,COMMUNICATIONS,Negative review challenger,true,"Jul 5, 2026, 11:25:00 PM","Jul 5, 2026, 11:25:00 PM"
63f77f4e7e251b0030c1464a,Cloud9,pro,Mid-Market,true,,OPERATIONS,Commitment keeper,true,"Jul 5, 2026, 11:24:53 PM","Jul 5, 2026, 11:24:53 PM"
63f77f4e7e251b0030c1464a,Cloud9,pro,Mid-Market,true,,OPERATIONS,Check-in readiness,true,"Jul 5, 2026, 11:24:41 PM","Jul 5, 2026, 11:24:41 PM"
63f77f4e7e251b0030c1464a,Cloud9,pro,Mid-Market,true,,OPERATIONS,Amenity gap detector,true,"Jul 5, 2026, 11:24:32 PM","Jul 5, 2026, 11:24:32 PM"
63f77f4e7e251b0030c1464a,Cloud9,pro,Mid-Market,true,,DISTRIBUTION,Airbnb quality detector,true,"Jul 5, 2026, 11:24:26 PM","Jul 5, 2026, 11:24:26 PM"
68dbf54b455d7fda43611a1a,Golden Isles Retreats,pro,Mid-Market,true,,FINANCE,Unpaid reservation tracker,true,"Jul 5, 2026, 9:09:34 PM","Jul 5, 2026, 9:09:34 PM"
68dbf54b455d7fda43611a1a,Golden Isles Retreats,pro,Mid-Market,true,,OPERATIONS,Weekly Operation Brief,true,"Jul 5, 2026, 9:09:29 PM","Jul 5, 2026, 9:09:29 PM"
68dbf54b455d7fda43611a1a,Golden Isles Retreats,pro,Mid-Market,true,,FINANCE,Tax Configuration Audit,true,"Jul 5, 2026, 9:09:25 PM","Jul 5, 2026, 9:09:25 PM"
68dbf54b455d7fda43611a1a,Golden Isles Retreats,pro,Mid-Market,true,,OPERATIONS,Risky reservation detector,true,"Jul 5, 2026, 9:09:15 PM","Jul 5, 2026, 9:09:15 PM"
68dbf54b455d7fda43611a1a,Golden Isles Retreats,pro,Mid-Market,true,,COMMUNICATIONS,Saved replies optimizer,true,"Jul 5, 2026, 9:09:11 PM","Jul 5, 2026, 9:09:11 PM"
68dbf54b455d7fda43611a1a,Golden Isles Retreats,pro,Mid-Market,true,,COMMUNICATIONS,Review response drafter,true,"Jul 5, 2026, 9:09:03 PM","Jul 5, 2026, 9:09:03 PM"
68dbf54b455d7fda43611a1a,Golden Isles Retreats,pro,Mid-Market,true,,COMMUNICATIONS,Negative review challenger,true,"Jul 5, 2026, 9:08:53 PM","Jul 5, 2026, 9:08:53 PM"
68dbf54b455d7fda43611a1a,Golden Isles Retreats,pro,Mid-Market,true,,OPERATIONS,Inquiry expiry manager,true,"Jul 5, 2026, 9:08:43 PM","Jul 5, 2026, 9:08:43 PM"
68dbf54b455d7fda43611a1a,Golden Isles Retreats,pro,Mid-Market,true,,OPERATIONS,Commitment keeper,true,"Jul 5, 2026, 9:08:32 PM","Jul 5, 2026, 9:08:32 PM"
68dbf54b455d7fda43611a1a,Golden Isles Retreats,pro,Mid-Market,true,,DISTRIBUTION,Airbnb quality detector,true,"Jul 5, 2026, 9:08:16 PM","Jul 5, 2026, 9:08:16 PM"
65351c644892a1c2b05f9e34,AIR MGMT,pro,SME,true,,OPERATIONS,Maintenance tracker,true,"Jul 5, 2026, 8:57:04 PM","Jul 5, 2026, 8:57:04 PM"
6840ab56ca0d576ff1aa1e3a,UAB Domillion,pro,Mid-Market,true,,FINANCE,Unpaid reservation tracker,true,"Jul 5, 2026, 1:12:47 PM","Jul 5, 2026, 1:12:47 PM"
6840ab56ca0d576ff1aa1e3a,UAB Domillion,pro,Mid-Market,true,,OPERATIONS,Weekly Operation Brief,true,"Jul 5, 2026, 1:09:36 PM","Jul 5, 2026, 1:09:36 PM"
6840ab56ca0d576ff1aa1e3a,UAB Domillion,pro,Mid-Market,true,,OPERATIONS,Translation gap filler,true,"Jul 5, 2026, 1:07:49 PM","Jul 5, 2026, 1:07:49 PM"
65fbdfd0d916089814834489,Praia Villas,pro,Mid-Market,true,,OPERATIONS,Calendar conflict detector,true,"Jul 4, 2026, 6:33:08 AM","Jul 4, 2026, 6:33:08 AM"
65fbdfd0d916089814834489,Praia Villas,pro,Mid-Market,true,,DISTRIBUTION,Airbnb quality detector,true,"Jul 4, 2026, 6:32:58 AM","Jul 4, 2026, 6:32:58 AM"
660583ed73200f683ecf3134,OutpostX,pro,Mid-Market,true,,OPERATIONS,Weekly Operation Brief,true,"Jul 4, 2026, 12:19:25 AM","Jul 4, 2026, 12:19:25 AM"
660583ed73200f683ecf3134,OutpostX,pro,Mid-Market,true,,FINANCE,Unpaid reservation tracker,true,"Jul 4, 2026, 12:19:19 AM","Jul 4, 2026, 12:19:19 AM"
660583ed73200f683ecf3134,OutpostX,pro,Mid-Market,true,,OPERATIONS,Translation gap filler,true,"Jul 4, 2026, 12:19:13 AM","Jul 4, 2026, 12:19:13 AM"
660583ed73200f683ecf3134,OutpostX,pro,Mid-Market,true,,OPERATIONS,Stay status reconciler,true,"Jul 4, 2026, 12:18:58 AM","Jul 4, 2026, 12:18:58 AM"
660583ed73200f683ecf3134,OutpostX,pro,Mid-Market,true,,OPERATIONS,Commitment keeper,true,"Jul 4, 2026, 12:17:09 AM","Jul 4, 2026, 12:17:09 AM"
660583ed73200f683ecf3134,OutpostX,pro,Mid-Market,true,,OPERATIONS,Check-in readiness,true,"Jul 4, 2026, 12:16:57 AM","Jul 4, 2026, 12:16:57 AM"
660583ed73200f683ecf3134,OutpostX,pro,Mid-Market,true,,OPERATIONS,Calendar conflict detector,true,"Jul 4, 2026, 12:16:41 AM","Jul 4, 2026, 12:16:41 AM"
685065549bf7f8c07ec24d1f,Coast to Coast Connections,pro,SMB,true,,OPERATIONS,Maintenance tracker,true,"Jul 3, 2026, 9:34:40 PM","Jul 3, 2026, 9:34:40 PM"
685065549bf7f8c07ec24d1f,Coast to Coast Connections,pro,SMB,true,,OPERATIONS,Reservation handoff brief,true,"Jul 3, 2026, 9:34:30 PM","Jul 3, 2026, 9:34:30 PM"
685065549bf7f8c07ec24d1f,Coast to Coast Connections,pro,SMB,true,,OPERATIONS,Review to task dispatcher,true,"Jul 3, 2026, 9:34:18 PM","Jul 3, 2026, 9:34:18 PM"
685065549bf7f8c07ec24d1f,Coast to Coast Connections,pro,SMB,true,,OPERATIONS,Weekly Operation Brief,true,"Jul 3, 2026, 9:34:07 PM","Jul 3, 2026, 9:34:07 PM"
685065549bf7f8c07ec24d1f,Coast to Coast Connections,pro,SMB,true,,OPERATIONS,Daily task coverage board,true,"Jul 3, 2026, 9:32:55 PM","Jul 3, 2026, 9:32:55 PM"
685065549bf7f8c07ec24d1f,Coast to Coast Connections,pro,SMB,true,,OPERATIONS,Commitment keeper,true,"Jul 3, 2026, 9:30:47 PM","Jul 3, 2026, 9:30:47 PM"
685065549bf7f8c07ec24d1f,Coast to Coast Connections,pro,SMB,true,,OPERATIONS,Calendar conflict detector,true,"Jul 3, 2026, 9:30:35 PM","Jul 3, 2026, 9:30:35 PM"
685065549bf7f8c07ec24d1f,Coast to Coast Connections,pro,SMB,true,,DISTRIBUTION,Airbnb quality detector,true,"Jul 3, 2026, 9:29:50 PM","Jul 3, 2026, 9:29:50 PM"
685065549bf7f8c07ec24d1f,Coast to Coast Connections,pro,SMB,true,,OWNER_RELATIONS,Owner payment details collector,true,"Jul 3, 2026, 9:29:41 PM","Jul 3, 2026, 9:29:41 PM"
685065549bf7f8c07ec24d1f,Coast to Coast Connections,pro,SMB,true,,FINANCE,Tax Configuration Audit,true,"Jul 3, 2026, 9:29:29 PM","Jul 3, 2026, 9:29:29 PM"
685065549bf7f8c07ec24d1f,Coast to Coast Connections,pro,SMB,true,,FINANCE,Unpaid reservation tracker,true,"Jul 3, 2026, 9:29:13 PM","Jul 3, 2026, 9:29:13 PM"
685065549bf7f8c07ec24d1f,Coast to Coast Connections,pro,SMB,true,,FINANCE,Checkout balance collection,true,"Jul 3, 2026, 9:28:50 PM","Jul 3, 2026, 9:28:50 PM"
685065549bf7f8c07ec24d1f,Coast to Coast Connections,pro,SMB,true,,ACCOUNTING,Monthly cancelled reservations,true,"Jul 3, 2026, 9:28:17 PM","Jul 3, 2026, 9:28:17 PM"
685065549bf7f8c07ec24d1f,Coast to Coast Connections,pro,SMB,true,,ACCOUNTING,Advance deposit checker,true,"Jul 3, 2026, 9:28:09 PM","Jul 3, 2026, 9:28:09 PM"
685065549bf7f8c07ec24d1f,Coast to Coast Connections,pro,SMB,true,,COMMUNICATIONS,Review response drafter,true,"Jul 3, 2026, 9:27:29 PM","Jul 3, 2026, 9:27:29 PM"
685065549bf7f8c07ec24d1f,Coast to Coast Connections,pro,SMB,true,,COMMUNICATIONS,Negative review challenger,true,"Jul 3, 2026, 9:27:12 PM","Jul 3, 2026, 9:27:12 PM"
685065549bf7f8c07ec24d1f,Coast to Coast Connections,pro,SMB,true,,OPERATIONS,Risky reservation detector,true,"Jul 3, 2026, 9:26:30 PM","Jul 3, 2026, 9:26:30 PM"
685065549bf7f8c07ec24d1f,Coast to Coast Connections,pro,SMB,true,,OPERATIONS,Inquiry expiry manager,true,"Jul 3, 2026, 9:25:52 PM","Jul 3, 2026, 9:25:52 PM"
685065549bf7f8c07ec24d1f,Coast to Coast Connections,pro,SMB,true,,OPERATIONS,Translation gap filler,true,"Jul 3, 2026, 9:25:17 PM","Jul 3, 2026, 9:25:17 PM"
685065549bf7f8c07ec24d1f,Coast to Coast Connections,pro,SMB,true,,OPERATIONS,Check-in readiness,true,"Jul 3, 2026, 9:24:37 PM","Jul 3, 2026, 9:24:37 PM"
6893952b8fa2976c485f6a35,Full Circle Property,pro,SMB,true,,OPERATIONS,Weekly Operation Brief,true,"Jul 3, 2026, 8:05:07 PM","Jul 3, 2026, 8:05:07 PM"
6893952b8fa2976c485f6a35,Full Circle Property,pro,SMB,true,,OPERATIONS,Reservation handoff brief,true,"Jul 3, 2026, 8:04:42 PM","Jul 3, 2026, 8:04:42 PM"
6893952b8fa2976c485f6a35,Full Circle Property,pro,SMB,true,,OWNER_RELATIONS,Owner payment details collector,true,"Jul 3, 2026, 8:04:28 PM","Jul 3, 2026, 8:04:28 PM"
67f01c8f48a9aa094fae1a6a,William Andrade,pro,SMB,true,,OPERATIONS,Commitment keeper,true,"Jul 3, 2026, 7:18:14 PM","Jul 3, 2026, 7:18:14 PM"
67f01c8f48a9aa094fae1a6a,William Andrade,pro,SMB,true,,FINANCE,Checkout balance collection,true,"Jul 3, 2026, 7:18:10 PM","Jul 3, 2026, 7:18:10 PM"
67f01c8f48a9aa094fae1a6a,William Andrade,pro,SMB,true,,FINANCE,Fee configuration detector,true,"Jul 3, 2026, 7:18:07 PM","Jul 3, 2026, 7:18:07 PM"
67f01c8f48a9aa094fae1a6a,William Andrade,pro,SMB,true,,OPERATIONS,Review to task dispatcher,true,"Jul 3, 2026, 7:18:01 PM","Jul 3, 2026, 7:18:01 PM"
67f01c8f48a9aa094fae1a6a,William Andrade,pro,SMB,true,,FINANCE,Security deposit extender,true,"Jul 3, 2026, 7:17:58 PM","Jul 3, 2026, 7:17:58 PM"
67f01c8f48a9aa094fae1a6a,William Andrade,pro,SMB,true,,OPERATIONS,Risky reservation detector,true,"Jul 3, 2026, 7:17:54 PM","Jul 3, 2026, 7:17:54 PM"
67f01c8f48a9aa094fae1a6a,William Andrade,pro,SMB,true,,OPERATIONS,Stay status reconciler,true,"Jul 3, 2026, 7:17:51 PM","Jul 3, 2026, 7:17:51 PM"
67f01c8f48a9aa094fae1a6a,William Andrade,pro,SMB,true,,OPERATIONS,Daily task coverage board,true,"Jul 3, 2026, 7:17:31 PM","Jul 3, 2026, 7:17:31 PM"
67f01c8f48a9aa094fae1a6a,William Andrade,pro,SMB,true,,OPERATIONS,Check-in readiness,true,"Jul 3, 2026, 7:12:31 PM","Jul 3, 2026, 7:12:31 PM"
67f01c8f48a9aa094fae1a6a,William Andrade,pro,SMB,true,,OPERATIONS,Amenity gap detector,true,"Jul 3, 2026, 7:12:25 PM","Jul 3, 2026, 7:12:25 PM"
67f01c8f48a9aa094fae1a6a,William Andrade,pro,SMB,true,,OPERATIONS,Calendar conflict detector,true,"Jul 3, 2026, 7:10:56 PM","Jul 3, 2026, 7:10:56 PM"
67f01c8f48a9aa094fae1a6a,William Andrade,pro,SMB,true,,ACCOUNTING,Advance deposit checker,true,"Jul 3, 2026, 7:10:34 PM","Jul 3, 2026, 7:10:34 PM"
67f01c8f48a9aa094fae1a6a,William Andrade,pro,SMB,true,,DISTRIBUTION,Airbnb quality detector,true,"Jul 3, 2026, 7:10:25 PM","Jul 3, 2026, 7:10:25 PM"
6a270d0f4b2eed6c34919d5f,Luxury Getaways,pro,Mid-Market,true,,COMMUNICATIONS,Negative review challenger,true,"Jul 3, 2026, 6:27:26 PM","Jul 3, 2026, 6:27:26 PM"
6a270d0f4b2eed6c34919d5f,Luxury Getaways,pro,Mid-Market,true,,OPERATIONS,Inquiry expiry manager,true,"Jul 3, 2026, 6:27:09 PM","Jul 3, 2026, 6:27:09 PM"
6a270d0f4b2eed6c34919d5f,Luxury Getaways,pro,Mid-Market,true,,FINANCE,Fee configuration detector,true,"Jul 3, 2026, 6:27:00 PM","Jul 3, 2026, 6:27:00 PM"
6a270d0f4b2eed6c34919d5f,Luxury Getaways,pro,Mid-Market,true,,OPERATIONS,Amenity gap detector,true,"Jul 3, 2026, 6:26:41 PM","Jul 3, 2026, 6:26:41 PM"
6a270d0f4b2eed6c34919d5f,Luxury Getaways,pro,Mid-Market,true,,DISTRIBUTION,Airbnb quality detector,true,"Jul 3, 2026, 6:26:34 PM","Jul 3, 2026, 6:26:34 PM"
6a270d0f4b2eed6c34919d5f,Luxury Getaways,pro,Mid-Market,true,,OPERATIONS,Weekly Operation Brief,true,"Jul 3, 2026, 6:26:06 PM","Jul 3, 2026, 6:26:06 PM"
6a270d0f4b2eed6c34919d5f,Luxury Getaways,pro,Mid-Market,true,,FINANCE,Unpaid reservation tracker,true,"Jul 3, 2026, 6:25:56 PM","Jul 3, 2026, 6:25:56 PM"
6a270d0f4b2eed6c34919d5f,Luxury Getaways,pro,Mid-Market,true,,OPERATIONS,Translation gap filler,true,"Jul 3, 2026, 6:25:45 PM","Jul 3, 2026, 6:25:45 PM"
6a270d0f4b2eed6c34919d5f,Luxury Getaways,pro,Mid-Market,true,,FINANCE,Tax Configuration Audit,true,"Jul 3, 2026, 6:25:30 PM","Jul 3, 2026, 6:25:30 PM"
6a270d0f4b2eed6c34919d5f,Luxury Getaways,pro,Mid-Market,true,,COMMUNICATIONS,Saved replies optimizer,true,"Jul 3, 2026, 6:25:14 PM","Jul 3, 2026, 6:25:14 PM"
6a270d0f4b2eed6c34919d5f,Luxury Getaways,pro,Mid-Market,true,,OPERATIONS,Risky reservation detector,true,"Jul 3, 2026, 6:25:08 PM","Jul 3, 2026, 6:25:08 PM"
6a270d0f4b2eed6c34919d5f,Luxury Getaways,pro,Mid-Market,true,,COMMUNICATIONS,Review response drafter,true,"Jul 3, 2026, 6:25:00 PM","Jul 3, 2026, 6:25:00 PM"
6a270d0f4b2eed6c34919d5f,Luxury Getaways,pro,Mid-Market,true,,OPERATIONS,Reservation duplicate detector,true,"Jul 3, 2026, 6:24:53 PM","Jul 3, 2026, 6:24:53 PM"
6a270d0f4b2eed6c34919d5f,Luxury Getaways,pro,Mid-Market,true,,OWNER_RELATIONS,Owner payment details collector,true,"Jul 3, 2026, 6:24:42 PM","Jul 3, 2026, 6:24:42 PM"
6a270d0f4b2eed6c34919d5f,Luxury Getaways,pro,Mid-Market,true,,OPERATIONS,Daily task coverage board,true,"Jul 3, 2026, 6:24:05 PM","Jul 3, 2026, 6:24:05 PM"
6a270d0f4b2eed6c34919d5f,Luxury Getaways,pro,Mid-Market,true,,OPERATIONS,Commitment keeper,true,"Jul 3, 2026, 6:23:58 PM","Jul 3, 2026, 6:23:58 PM"
6a270d0f4b2eed6c34919d5f,Luxury Getaways,pro,Mid-Market,true,,OPERATIONS,Check-in readiness,true,"Jul 3, 2026, 6:23:40 PM","Jul 3, 2026, 6:23:40 PM"
6a270d0f4b2eed6c34919d5f,Luxury Getaways,pro,Mid-Market,true,,OPERATIONS,Calendar conflict detector,true,"Jul 3, 2026, 6:23:26 PM","Jul 3, 2026, 6:23:26 PM"
6893952b8fa2976c485f6a35,Full Circle Property,pro,SMB,true,,OPERATIONS,Commitment keeper,true,"Jul 3, 2026, 5:12:43 PM","Jul 3, 2026, 5:12:43 PM"
6893952b8fa2976c485f6a35,Full Circle Property,pro,SMB,true,,OPERATIONS,Check-in readiness,false,"Jul 3, 2026, 5:12:35 PM","Jul 3, 2026, 8:07:14 PM"
6893952b8fa2976c485f6a35,Full Circle Property,pro,SMB,true,,OPERATIONS,Amenity gap detector,true,"Jul 3, 2026, 5:12:23 PM","Jul 3, 2026, 5:12:23 PM"
6862ebb9b12c774daba25021,Royal Vista Vacations Homes Co. LLC,pro,Mid-Market,true,,OPERATIONS,Commitment keeper,true,"Jul 3, 2026, 1:01:40 PM","Jul 3, 2026, 1:01:40 PM"
6862ebb9b12c774daba25021,Royal Vista Vacations Homes Co. LLC,pro,Mid-Market,true,,OPERATIONS,Check-in readiness,true,"Jul 3, 2026, 1:01:13 PM","Jul 3, 2026, 1:01:13 PM"
68890ecea14c863e5df1290d,KSN Real Estate,pro,SMB,true,,FINANCE,Unpaid reservation tracker,true,"Jul 3, 2026, 7:51:57 AM","Jul 3, 2026, 7:51:57 AM"
68890ecea14c863e5df1290d,KSN Real Estate,pro,SMB,true,,OPERATIONS,Team access review,true,"Jul 3, 2026, 7:51:48 AM","Jul 3, 2026, 7:51:48 AM"
68890ecea14c863e5df1290d,KSN Real Estate,pro,SMB,true,,COMMUNICATIONS,Saved replies optimizer,true,"Jul 3, 2026, 7:51:33 AM","Jul 3, 2026, 7:51:33 AM"
68890ecea14c863e5df1290d,KSN Real Estate,pro,SMB,true,,COMMUNICATIONS,Review response drafter,true,"Jul 3, 2026, 7:51:22 AM","Jul 3, 2026, 7:51:22 AM"
68890ecea14c863e5df1290d,KSN Real Estate,pro,SMB,true,,OPERATIONS,Reservation handoff brief,true,"Jul 3, 2026, 7:51:11 AM","Jul 3, 2026, 7:51:11 AM"
68890ecea14c863e5df1290d,KSN Real Estate,pro,SMB,true,,OPERATIONS,Reservation duplicate detector,true,"Jul 3, 2026, 7:50:57 AM","Jul 3, 2026, 7:50:57 AM"
68890ecea14c863e5df1290d,KSN Real Estate,pro,SMB,true,,OWNER_RELATIONS,Owner payment details collector,true,"Jul 3, 2026, 7:50:50 AM","Jul 3, 2026, 7:50:50 AM"
68890ecea14c863e5df1290d,KSN Real Estate,pro,SMB,true,,COMMUNICATIONS,Negative review challenger,true,"Jul 3, 2026, 7:50:42 AM","Jul 3, 2026, 7:50:42 AM"
68890ecea14c863e5df1290d,KSN Real Estate,pro,SMB,true,,FINANCE,Fee configuration detector,true,"Jul 3, 2026, 7:50:26 AM","Jul 3, 2026, 7:50:26 AM"
68890ecea14c863e5df1290d,KSN Real Estate,pro,SMB,true,,OPERATIONS,Commitment keeper,true,"Jul 3, 2026, 7:50:15 AM","Jul 3, 2026, 7:50:15 AM"
68890ecea14c863e5df1290d,KSN Real Estate,pro,SMB,true,,FINANCE,Checkout balance collection,true,"Jul 3, 2026, 7:50:09 AM","Jul 3, 2026, 7:50:09 AM"
68890ecea14c863e5df1290d,KSN Real Estate,pro,SMB,true,,OPERATIONS,Check-in readiness,true,"Jul 3, 2026, 7:50:01 AM","Jul 3, 2026, 7:50:01 AM"
68890ecea14c863e5df1290d,KSN Real Estate,pro,SMB,true,,OPERATIONS,Calendar conflict detector,true,"Jul 3, 2026, 7:49:52 AM","Jul 3, 2026, 7:49:52 AM"
68890ecea14c863e5df1290d,KSN Real Estate,pro,SMB,true,,OPERATIONS,Amenity gap detector,true,"Jul 3, 2026, 7:49:48 AM","Jul 3, 2026, 7:49:48 AM"
68890ecea14c863e5df1290d,KSN Real Estate,pro,SMB,true,,DISTRIBUTION,Airbnb quality detector,true,"Jul 3, 2026, 7:49:41 AM","Jul 3, 2026, 7:49:41 AM"
68890ecea14c863e5df1290d,KSN Real Estate,pro,SMB,true,,ACCOUNTING,Advance deposit checker,true,"Jul 3, 2026, 7:49:37 AM","Jul 3, 2026, 7:49:37 AM"
6862e08eb12c774daba2501a,LS Living Solutions GmbH,pro,SMB,true,,OPERATIONS,Check-in readiness,true,"Jul 3, 2026, 7:44:23 AM","Jul 3, 2026, 7:44:23 AM"
6862e08eb12c774daba2501a,LS Living Solutions GmbH,pro,SMB,true,,OPERATIONS,Amenity gap detector,true,"Jul 3, 2026, 7:44:07 AM","Jul 3, 2026, 7:44:07 AM"
6862e08eb12c774daba2501a,LS Living Solutions GmbH,pro,SMB,true,,DISTRIBUTION,Airbnb quality detector,true,"Jul 3, 2026, 7:43:52 AM","Jul 3, 2026, 7:43:52 AM"
6350a5240e693e0030bf2c4e,Peachy Properties,pro,Mid-Market,true,,OPERATIONS,Commitment keeper,true,"Jul 3, 2026, 4:16:07 AM","Jul 3, 2026, 4:16:07 AM"
6350a5240e693e0030bf2c4e,Peachy Properties,pro,Mid-Market,true,,DISTRIBUTION,Airbnb quality detector,true,"Jul 3, 2026, 4:15:26 AM","Jul 3, 2026, 4:15:26 AM"
6350a5240e693e0030bf2c4e,Peachy Properties,pro,Mid-Market,true,,FINANCE,Security deposit extender,true,"Jul 3, 2026, 4:13:04 AM","Jul 3, 2026, 4:13:04 AM"
6350a5240e693e0030bf2c4e,Peachy Properties,pro,Mid-Market,true,,COMMUNICATIONS,Saved replies optimizer,true,"Jul 3, 2026, 4:12:59 AM","Jul 3, 2026, 4:12:59 AM"
6350a5240e693e0030bf2c4e,Peachy Properties,pro,Mid-Market,true,,OPERATIONS,Risky reservation detector,true,"Jul 3, 2026, 4:12:51 AM","Jul 3, 2026, 4:12:51 AM"
6350a5240e693e0030bf2c4e,Peachy Properties,pro,Mid-Market,true,,COMMUNICATIONS,Negative review challenger,true,"Jul 3, 2026, 4:12:07 AM","Jul 3, 2026, 4:12:07 AM"
6350a5240e693e0030bf2c4e,Peachy Properties,pro,Mid-Market,true,,ACCOUNTING,Monthly cancelled reservations,true,"Jul 3, 2026, 4:11:24 AM","Jul 3, 2026, 4:11:24 AM"
66885058f6abdb39ff57b9a9,Nestoria Estates Inc.,pro,Mid-Market,true,,DISTRIBUTION,Airbnb quality detector,true,"Jul 2, 2026, 9:15:34 PM","Jul 2, 2026, 9:15:34 PM"
62b337033513aa00347a2410,Jeff Nisius,pro,Mid-Market,true,,OPERATIONS,Weekly Operation Brief,true,"Jul 2, 2026, 8:16:50 PM","Jul 2, 2026, 8:16:50 PM"
62b337033513aa00347a2410,Jeff Nisius,pro,Mid-Market,true,,FINANCE,Tax Configuration Audit,true,"Jul 2, 2026, 8:16:28 PM","Jul 2, 2026, 8:16:28 PM"
62b337033513aa00347a2410,Jeff Nisius,pro,Mid-Market,true,,FINANCE,Fee configuration detector,true,"Jul 2, 2026, 8:16:18 PM","Jul 2, 2026, 8:16:18 PM"
62b337033513aa00347a2410,Jeff Nisius,pro,Mid-Market,true,,OPERATIONS,Daily task coverage board,true,"Jul 2, 2026, 8:16:07 PM","Jul 2, 2026, 8:16:07 PM"
62b337033513aa00347a2410,Jeff Nisius,pro,Mid-Market,true,,DISTRIBUTION,Airbnb quality detector,true,"Jul 2, 2026, 8:14:46 PM","Jul 2, 2026, 8:14:46 PM"
6893952b8fa2976c485f6a35,Full Circle Property,pro,SMB,true,,FINANCE,Unpaid reservation tracker,true,"Jul 2, 2026, 7:30:02 PM","Jul 2, 2026, 7:30:02 PM"
6893952b8fa2976c485f6a35,Full Circle Property,pro,SMB,true,,FINANCE,Tax Configuration Audit,true,"Jul 2, 2026, 7:29:27 PM","Jul 2, 2026, 7:29:27 PM"
6893952b8fa2976c485f6a35,Full Circle Property,pro,SMB,true,,FINANCE,Checkout balance collection,true,"Jul 2, 2026, 7:27:58 PM","Jul 2, 2026, 7:27:58 PM"
6893952b8fa2976c485f6a35,Full Circle Property,pro,SMB,true,,COMMUNICATIONS,Review response drafter,true,"Jul 2, 2026, 7:26:25 PM","Jul 2, 2026, 7:26:25 PM"
6893952b8fa2976c485f6a35,Full Circle Property,pro,SMB,true,,COMMUNICATIONS,Negative review challenger,true,"Jul 2, 2026, 7:26:01 PM","Jul 2, 2026, 7:26:01 PM"
6893952b8fa2976c485f6a35,Full Circle Property,pro,SMB,true,,DISTRIBUTION,Airbnb quality detector,true,"Jul 2, 2026, 7:25:12 PM","Jul 2, 2026, 7:25:12 PM"
668f4d5b3a1924cbf20ceb9b,NextGen Furnished Rentals LLC,pro,Mid-Market,true,,OPERATIONS,Review to task dispatcher,true,"Jul 2, 2026, 6:12:13 PM","Jul 2, 2026, 6:12:13 PM"
668f4d5b3a1924cbf20ceb9b,NextGen Furnished Rentals LLC,pro,Mid-Market,true,,COMMUNICATIONS,Review response drafter,true,"Jul 2, 2026, 6:12:08 PM","Jul 2, 2026, 6:12:08 PM"
668f4d5b3a1924cbf20ceb9b,NextGen Furnished Rentals LLC,pro,Mid-Market,true,,OPERATIONS,Maintenance tracker,true,"Jul 2, 2026, 6:11:28 PM","Jul 2, 2026, 6:11:28 PM"
668f4d5b3a1924cbf20ceb9b,NextGen Furnished Rentals LLC,pro,Mid-Market,true,,FINANCE,Fee configuration detector,true,"Jul 2, 2026, 6:11:22 PM","Jul 2, 2026, 6:11:22 PM"
668f4d5b3a1924cbf20ceb9b,NextGen Furnished Rentals LLC,pro,Mid-Market,true,,COMMUNICATIONS,Saved replies optimizer,true,"Jul 2, 2026, 6:09:53 PM","Jul 2, 2026, 6:09:53 PM"
668f4d5b3a1924cbf20ceb9b,NextGen Furnished Rentals LLC,pro,Mid-Market,true,,OPERATIONS,Weekly Operation Brief,true,"Jul 2, 2026, 6:09:25 PM","Jul 2, 2026, 6:09:25 PM"
668f4d5b3a1924cbf20ceb9b,NextGen Furnished Rentals LLC,pro,Mid-Market,true,,FINANCE,Tax Configuration Audit,true,"Jul 2, 2026, 6:09:05 PM","Jul 2, 2026, 6:09:05 PM"
668f4d5b3a1924cbf20ceb9b,NextGen Furnished Rentals LLC,pro,Mid-Market,true,,OPERATIONS,Risky reservation detector,true,"Jul 2, 2026, 6:09:00 PM","Jul 2, 2026, 6:09:00 PM"
668f4d5b3a1924cbf20ceb9b,NextGen Furnished Rentals LLC,pro,Mid-Market,true,,OPERATIONS,Reservation handoff brief,true,"Jul 2, 2026, 6:08:56 PM","Jul 2, 2026, 6:08:56 PM"
668f4d5b3a1924cbf20ceb9b,NextGen Furnished Rentals LLC,pro,Mid-Market,true,,OPERATIONS,Reservation duplicate detector,true,"Jul 2, 2026, 6:08:49 PM","Jul 2, 2026, 6:08:49 PM"
668f4d5b3a1924cbf20ceb9b,NextGen Furnished Rentals LLC,pro,Mid-Market,true,,COMMUNICATIONS,Negative review challenger,true,"Jul 2, 2026, 6:08:32 PM","Jul 2, 2026, 6:08:32 PM"
668f4d5b3a1924cbf20ceb9b,NextGen Furnished Rentals LLC,pro,Mid-Market,true,,OPERATIONS,Inquiry expiry manager,true,"Jul 2, 2026, 6:08:29 PM","Jul 2, 2026, 6:08:29 PM"
668f4d5b3a1924cbf20ceb9b,NextGen Furnished Rentals LLC,pro,Mid-Market,true,,OPERATIONS,Commitment keeper,true,"Jul 2, 2026, 6:08:20 PM","Jul 2, 2026, 6:08:20 PM"
668f4d5b3a1924cbf20ceb9b,NextGen Furnished Rentals LLC,pro,Mid-Market,true,,OPERATIONS,Amenity gap detector,true,"Jul 2, 2026, 6:08:00 PM","Jul 2, 2026, 6:08:00 PM"
668f4d5b3a1924cbf20ceb9b,NextGen Furnished Rentals LLC,pro,Mid-Market,true,,DISTRIBUTION,Airbnb quality detector,true,"Jul 2, 2026, 6:07:54 PM","Jul 2, 2026, 6:07:54 PM"
63cfe630ecbfb30039426da8,Maxwell Residences,pro,Mid-Market,true,,OPERATIONS,Maintenance tracker,false,"Jul 2, 2026, 5:40:19 PM","Jul 2, 2026, 7:25:48 PM"
63cfe630ecbfb30039426da8,Maxwell Residences,pro,Mid-Market,true,,OPERATIONS,Review to task dispatcher,true,"Jul 2, 2026, 5:40:11 PM","Jul 2, 2026, 5:40:11 PM"
63cfe630ecbfb30039426da8,Maxwell Residences,pro,Mid-Market,true,,OPERATIONS,Weekly Operation Brief,true,"Jul 2, 2026, 5:15:31 PM","Jul 2, 2026, 5:15:31 PM"
63cfe630ecbfb30039426da8,Maxwell Residences,pro,Mid-Market,true,,FINANCE,Unpaid reservation tracker,true,"Jul 2, 2026, 5:15:21 PM","Jul 2, 2026, 5:15:21 PM"
63cfe630ecbfb30039426da8,Maxwell Residences,pro,Mid-Market,true,,FINANCE,Security deposit extender,true,"Jul 2, 2026, 5:14:08 PM","Jul 2, 2026, 5:14:08 PM"
63cfe630ecbfb30039426da8,Maxwell Residences,pro,Mid-Market,true,,OPERATIONS,Risky reservation detector,false,"Jul 2, 2026, 5:13:27 PM","Jul 2, 2026, 7:27:44 PM"
63cfe630ecbfb30039426da8,Maxwell Residences,pro,Mid-Market,true,,OPERATIONS,Reservation handoff brief,false,"Jul 2, 2026, 5:13:07 PM","Jul 2, 2026, 7:26:12 PM"
63cfe630ecbfb30039426da8,Maxwell Residences,pro,Mid-Market,true,,OPERATIONS,Commitment keeper,true,"Jul 2, 2026, 5:11:42 PM","Jul 2, 2026, 5:11:42 PM"
63cfe630ecbfb30039426da8,Maxwell Residences,pro,Mid-Market,true,,OPERATIONS,Check-in readiness,false,"Jul 2, 2026, 5:11:22 PM","Jul 2, 2026, 7:29:38 PM"
692087d60cb25a3efd780f59,CJR Stays,pro,SMB,true,,OWNER_RELATIONS,Owner payment details collector,true,"Jul 2, 2026, 11:19:08 AM","Jul 2, 2026, 11:19:08 AM"
692087d60cb25a3efd780f59,CJR Stays,pro,SMB,true,,FINANCE,Fee configuration detector,true,"Jul 1, 2026, 8:49:57 PM","Jul 1, 2026, 8:49:57 PM"
62b337033513aa00347a2410,Jeff Nisius,pro,Mid-Market,true,,OPERATIONS,Team access review,true,"Jul 1, 2026, 1:28:07 PM","Jul 1, 2026, 1:28:07 PM"
692087d60cb25a3efd780f59,CJR Stays,pro,SMB,true,,OPERATIONS,Team access review,true,"Jul 1, 2026, 11:59:28 AM","Jul 1, 2026, 11:59:28 AM"
692087d60cb25a3efd780f59,CJR Stays,pro,SMB,true,,FINANCE,Tax Configuration Audit,true,"Jul 1, 2026, 11:59:22 AM","Jul 1, 2026, 11:59:22 AM"
65351c644892a1c2b05f9e34,AIR MGMT,pro,SME,true,,OPERATIONS,Weekly Operation Brief,true,"Jun 30, 2026, 9:57:02 PM","Jun 30, 2026, 9:57:02 PM"
65351c644892a1c2b05f9e34,AIR MGMT,pro,SME,true,,DISTRIBUTION,Airbnb quality detector,true,"Jun 30, 2026, 9:55:58 PM","Jun 30, 2026, 9:55:58 PM"
693592c67e6de65e769be230,Weston Holidays,pro,SMB,true,,OPERATIONS,Weekly Operation Brief,true,"Jun 30, 2026, 7:18:42 PM","Jun 30, 2026, 7:18:42 PM"
693592c67e6de65e769be230,Weston Holidays,pro,SMB,true,,OPERATIONS,Maintenance tracker,true,"Jun 30, 2026, 7:18:32 PM","Jun 30, 2026, 7:18:32 PM"
693592c67e6de65e769be230,Weston Holidays,pro,SMB,true,,DISTRIBUTION,Airbnb quality detector,true,"Jun 30, 2026, 7:18:19 PM","Jun 30, 2026, 7:18:19 PM"
692087d60cb25a3efd780f59,CJR Stays,pro,SMB,true,,OPERATIONS,Weekly Operation Brief,true,"Jun 30, 2026, 7:13:30 PM","Jun 30, 2026, 7:13:30 PM"
692087d60cb25a3efd780f59,CJR Stays,pro,SMB,true,,OPERATIONS,Maintenance tracker,true,"Jun 30, 2026, 7:13:22 PM","Jun 30, 2026, 7:13:22 PM"
692087d60cb25a3efd780f59,CJR Stays,pro,SMB,true,,DISTRIBUTION,Airbnb quality detector,true,"Jun 30, 2026, 7:13:13 PM","Jun 30, 2026, 7:13:13 PM"
62b337033513aa00347a2410,Jeff Nisius,pro,Mid-Market,true,,OPERATIONS,Maintenance tracker,true,"Jun 30, 2026, 4:53:14 PM","Jun 30, 2026, 4:53:14 PM"
64ac4ed558fd69003fb7e3a4,GueStay Properties,pro,SMB,true,hq_child,ACCOUNTING,Advance deposit checker,false,"Jun 30, 2026, 11:48:41 AM","Jun 30, 2026, 11:48:46 AM"
6862e08eb12c774daba2501a,LS Living Solutions GmbH,pro,SMB,true,,OPERATIONS,Reservation readiness surfacer,true,"Jun 29, 2026, 12:51:23 PM","Jun 29, 2026, 12:51:23 PM"
692087d60cb25a3efd780f59,CJR Stays,pro,SMB,true,,COMMUNICATIONS,Saved replies optimizer,true,"Jun 26, 2026, 6:53:21 PM","Jun 26, 2026, 6:53:21 PM"
692087d60cb25a3efd780f59,CJR Stays,pro,SMB,true,,OPERATIONS,Stay status reconciler,true,"Jun 26, 2026, 6:53:04 PM","Jun 26, 2026, 6:53:04 PM"
692087d60cb25a3efd780f59,CJR Stays,pro,SMB,true,,OPERATIONS,Reservation readiness surfacer,true,"Jun 26, 2026, 6:52:55 PM","Jun 26, 2026, 6:52:55 PM"
692087d60cb25a3efd780f59,CJR Stays,pro,SMB,true,,OPERATIONS,Reservation handoff brief,true,"Jun 26, 2026, 6:52:43 PM","Jun 26, 2026, 6:52:43 PM"
692087d60cb25a3efd780f59,CJR Stays,pro,SMB,true,,OPERATIONS,Reservation duplicate detector,true,"Jun 26, 2026, 6:52:36 PM","Jun 26, 2026, 6:52:36 PM"
692087d60cb25a3efd780f59,CJR Stays,pro,SMB,true,,OPERATIONS,Translation gap filler,true,"Jun 26, 2026, 6:52:29 PM","Jun 26, 2026, 6:52:29 PM"
692087d60cb25a3efd780f59,CJR Stays,pro,SMB,true,,ACCOUNTING,Monthly cancelled reservations,true,"Jun 26, 2026, 6:52:22 PM","Jun 26, 2026, 6:52:22 PM"
692087d60cb25a3efd780f59,CJR Stays,pro,SMB,true,,OPERATIONS,Daily task coverage board,true,"Jun 26, 2026, 6:52:17 PM","Jun 26, 2026, 6:52:17 PM"
692087d60cb25a3efd780f59,CJR Stays,pro,SMB,true,,OPERATIONS,Commitment keeper,true,"Jun 26, 2026, 6:52:12 PM","Jun 26, 2026, 6:52:12 PM"
692087d60cb25a3efd780f59,CJR Stays,pro,SMB,true,,FINANCE,Checkout balance collection,true,"Jun 26, 2026, 6:51:57 PM","Jun 26, 2026, 6:51:57 PM"
692087d60cb25a3efd780f59,CJR Stays,pro,SMB,true,,OPERATIONS,Check-in readiness,true,"Jun 26, 2026, 6:51:50 PM","Jun 26, 2026, 6:51:50 PM"
692087d60cb25a3efd780f59,CJR Stays,pro,SMB,true,,OPERATIONS,Amenity gap detector,true,"Jun 26, 2026, 6:51:37 PM","Jun 26, 2026, 6:51:37 PM"
692087d60cb25a3efd780f59,CJR Stays,pro,SMB,true,,ACCOUNTING,Advance deposit checker,true,"Jun 26, 2026, 6:51:32 PM","Jun 26, 2026, 6:51:32 PM"
693592c67e6de65e769be230,Weston Holidays,pro,SMB,true,,COMMUNICATIONS,Saved replies optimizer,true,"Jun 25, 2026, 3:49:50 PM","Jun 25, 2026, 3:49:50 PM"
693592c67e6de65e769be230,Weston Holidays,pro,SMB,true,,OPERATIONS,Check-in readiness,false,"Jun 25, 2026, 3:49:22 PM","Jul 3, 2026, 6:43:12 PM"
62b337033513aa00347a2410,Jeff Nisius,pro,Mid-Market,true,,COMMUNICATIONS,Saved replies optimizer,true,"Jun 25, 2026, 2:26:57 PM","Jun 25, 2026, 2:26:57 PM"
62b337033513aa00347a2410,Jeff Nisius,pro,Mid-Market,true,,ACCOUNTING,Monthly cancelled reservations,true,"Jun 25, 2026, 2:26:47 PM","Jun 25, 2026, 2:26:47 PM"
67d362f57468c0a23a0281f5,Stay Portland,pro,SME,true,,OPERATIONS,Amenity gap detector,true,"Jun 24, 2026, 8:47:43 PM","Jun 24, 2026, 8:47:43 PM"
67d362f57468c0a23a0281f5,Stay Portland,pro,SME,true,,OPERATIONS,Commitment keeper,true,"Jun 24, 2026, 8:47:12 PM","Jun 24, 2026, 8:47:12 PM"
67d362f57468c0a23a0281f5,Stay Portland,pro,SME,true,,COMMUNICATIONS,Review response drafter,true,"Jun 24, 2026, 8:45:50 PM","Jun 24, 2026, 8:45:50 PM"
67d362f57468c0a23a0281f5,Stay Portland,pro,SME,true,,COMMUNICATIONS,Negative review challenger,true,"Jun 24, 2026, 8:45:02 PM","Jun 24, 2026, 8:45:02 PM"
64ac4ed558fd69003fb7e3a4,GueStay Properties,pro,SMB,true,hq_child,COMMUNICATIONS,Negative review challenger,false,"Jun 24, 2026, 6:15:58 PM","Jul 6, 2026, 5:54:55 AM"
680f840727962971e7ee00c0,Wyndale Living,pro,SMB,true,,OPERATIONS,Reservation handoff brief,true,"Jun 24, 2026, 3:27:08 PM","Jun 24, 2026, 3:27:08 PM"
680f840727962971e7ee00c0,Wyndale Living,pro,SMB,true,,OPERATIONS,Risky reservation detector,true,"Jun 24, 2026, 3:26:47 PM","Jun 24, 2026, 3:26:47 PM"
680f840727962971e7ee00c0,Wyndale Living,pro,SMB,true,,COMMUNICATIONS,Saved replies optimizer,true,"Jun 24, 2026, 3:26:29 PM","Jun 24, 2026, 3:26:29 PM"
680f840727962971e7ee00c0,Wyndale Living,pro,SMB,true,,COMMUNICATIONS,Review response drafter,true,"Jun 24, 2026, 3:25:21 PM","Jun 24, 2026, 3:25:21 PM"
680f840727962971e7ee00c0,Wyndale Living,pro,SMB,true,,COMMUNICATIONS,Negative review challenger,true,"Jun 24, 2026, 3:25:08 PM","Jun 24, 2026, 3:25:08 PM"
680f840727962971e7ee00c0,Wyndale Living,pro,SMB,true,,OPERATIONS,Translation gap filler,true,"Jun 24, 2026, 3:24:15 PM","Jun 24, 2026, 3:24:15 PM"
680f840727962971e7ee00c0,Wyndale Living,pro,SMB,true,,OPERATIONS,Commitment keeper,true,"Jun 24, 2026, 3:24:02 PM","Jun 24, 2026, 3:24:02 PM"
680f840727962971e7ee00c0,Wyndale Living,pro,SMB,true,,OPERATIONS,Amenity gap detector,true,"Jun 24, 2026, 3:22:52 PM","Jun 24, 2026, 3:22:52 PM"
5d6d5ce1229c8c0020c217ae,Horseshoe Bay Living,pro,SME,true,,OPERATIONS,Reservation readiness surfacer,true,"Jun 24, 2026, 2:26:46 PM","Jun 24, 2026, 2:26:46 PM"
5d6d5ce1229c8c0020c217ae,Horseshoe Bay Living,pro,SME,true,,OPERATIONS,Review to task dispatcher,true,"Jun 24, 2026, 12:57:16 PM","Jun 24, 2026, 12:57:16 PM"
654656eac66d810b8ce078ac,"Martinek Management, Inc.",pro,Mid-Market,true,,OPERATIONS,Weekly Operation Brief,true,"Jun 24, 2026, 11:34:28 AM","Jun 24, 2026, 11:34:28 AM"
62b337033513aa00347a2410,Jeff Nisius,pro,Mid-Market,true,,OPERATIONS,Reservation readiness surfacer,true,"Jun 24, 2026, 8:57:47 AM","Jun 24, 2026, 8:57:47 AM"
693592c67e6de65e769be230,Weston Holidays,pro,SMB,true,,OPERATIONS,Review to task dispatcher,true,"Jun 23, 2026, 7:54:24 PM","Jun 23, 2026, 7:54:24 PM"
64ac4ed558fd69003fb7e3a4,GueStay Properties,pro,SMB,true,hq_child,OPERATIONS,Daily task coverage board,true,"Jun 23, 2026, 4:59:21 PM","Jun 23, 2026, 4:59:21 PM"
64ac4ed558fd69003fb7e3a4,GueStay Properties,pro,SMB,true,hq_child,OPERATIONS,Reservation handoff brief,true,"Jun 23, 2026, 3:40:56 PM","Jun 23, 2026, 3:40:56 PM"
64ac4ed558fd69003fb7e3a4,GueStay Properties,pro,SMB,true,hq_child,OPERATIONS,Translation gap filler,true,"Jun 23, 2026, 3:39:12 PM","Jun 23, 2026, 3:39:12 PM"
5f75b1fbc3e3190028c14764,Richmond Property Group Ltd,pro,SMB,true,,FINANCE,Unpaid reservation tracker,true,"Jun 23, 2026, 3:27:26 PM","Jun 23, 2026, 3:27:26 PM"
5f75b1fbc3e3190028c14764,Richmond Property Group Ltd,pro,SMB,true,,COMMUNICATIONS,Saved replies optimizer,true,"Jun 23, 2026, 3:27:08 PM","Jun 23, 2026, 3:27:08 PM"
5f75b1fbc3e3190028c14764,Richmond Property Group Ltd,pro,SMB,true,,OPERATIONS,Risky reservation detector,true,"Jun 23, 2026, 3:26:56 PM","Jun 23, 2026, 3:26:56 PM"
5f75b1fbc3e3190028c14764,Richmond Property Group Ltd,pro,SMB,true,,OPERATIONS,Review to task dispatcher,true,"Jun 23, 2026, 3:26:48 PM","Jun 23, 2026, 3:26:48 PM"
5f75b1fbc3e3190028c14764,Richmond Property Group Ltd,pro,SMB,true,,COMMUNICATIONS,Review response drafter,true,"Jun 23, 2026, 3:26:25 PM","Jun 23, 2026, 3:26:25 PM"
5f75b1fbc3e3190028c14764,Richmond Property Group Ltd,pro,SMB,true,,COMMUNICATIONS,Negative review challenger,true,"Jun 23, 2026, 3:26:12 PM","Jun 23, 2026, 3:26:12 PM"
5f75b1fbc3e3190028c14764,Richmond Property Group Ltd,pro,SMB,true,,OPERATIONS,Translation gap filler,true,"Jun 23, 2026, 3:26:04 PM","Jun 23, 2026, 3:26:04 PM"
5d6d5ce1229c8c0020c217ae,Horseshoe Bay Living,pro,SME,true,,OPERATIONS,Commitment keeper,true,"Jun 23, 2026, 11:09:16 AM","Jun 23, 2026, 11:09:16 AM"
5d6d5ce1229c8c0020c217ae,Horseshoe Bay Living,pro,SME,true,,OPERATIONS,Amenity gap detector,true,"Jun 23, 2026, 11:07:36 AM","Jun 23, 2026, 11:07:36 AM"
693592c67e6de65e769be230,Weston Holidays,pro,SMB,true,,OPERATIONS,Daily task coverage board,true,"Jun 23, 2026, 8:32:19 AM","Jun 23, 2026, 8:32:19 AM"
69f45411a36ffdd106868926,5starbalivilla,pro,Mid-Market,true,,OPERATIONS,Calendar conflict detector,true,"Jun 23, 2026, 5:56:08 AM","Jun 23, 2026, 5:56:08 AM"
69f45411a36ffdd106868926,5starbalivilla,pro,Mid-Market,true,,OPERATIONS,Reservation duplicate detector,true,"Jun 23, 2026, 5:50:53 AM","Jun 23, 2026, 5:50:53 AM"
69f45411a36ffdd106868926,5starbalivilla,pro,Mid-Market,true,,OPERATIONS,Translation gap filler,true,"Jun 23, 2026, 5:50:41 AM","Jun 23, 2026, 5:50:41 AM"
69f45411a36ffdd106868926,5starbalivilla,pro,Mid-Market,true,,OPERATIONS,Commitment keeper,true,"Jun 23, 2026, 5:49:49 AM","Jun 23, 2026, 5:49:49 AM"
693592c67e6de65e769be230,Weston Holidays,pro,SMB,true,,OPERATIONS,Reservation handoff brief,true,"Jun 22, 2026, 6:59:11 PM","Jun 22, 2026, 6:59:11 PM"
693592c67e6de65e769be230,Weston Holidays,pro,SMB,true,,OPERATIONS,Amenity gap detector,true,"Jun 22, 2026, 6:55:50 PM","Jun 22, 2026, 6:55:50 PM"
65351c644892a1c2b05f9e34,AIR MGMT,pro,SME,true,,OPERATIONS,Stay status reconciler,true,"Jun 22, 2026, 3:18:20 PM","Jun 22, 2026, 3:18:20 PM"
65351c644892a1c2b05f9e34,AIR MGMT,pro,SME,true,,OPERATIONS,Commitment keeper,true,"Jun 22, 2026, 3:17:36 PM","Jun 22, 2026, 3:17:36 PM"
65351c644892a1c2b05f9e34,AIR MGMT,pro,SME,true,,OPERATIONS,Amenity gap detector,true,"Jun 22, 2026, 3:17:29 PM","Jun 22, 2026, 3:17:29 PM"
69f45411a36ffdd106868926,5starbalivilla,pro,Mid-Market,true,,COMMUNICATIONS,Review response drafter,true,"Jun 22, 2026, 9:05:33 AM","Jun 22, 2026, 9:05:33 AM"
6862e08eb12c774daba2501a,LS Living Solutions GmbH,pro,SMB,true,,FINANCE,Unpaid reservation tracker,true,"Jun 22, 2026, 8:56:03 AM","Jun 22, 2026, 8:56:03 AM"
6862e08eb12c774daba2501a,LS Living Solutions GmbH,pro,SMB,true,,OPERATIONS,Translation gap filler,true,"Jun 22, 2026, 8:55:07 AM","Jun 22, 2026, 8:55:07 AM"
6862e08eb12c774daba2501a,LS Living Solutions GmbH,pro,SMB,true,,OPERATIONS,Commitment keeper,true,"Jun 22, 2026, 8:54:48 AM","Jun 22, 2026, 8:54:48 AM"
62b337033513aa00347a2410,Jeff Nisius,pro,Mid-Market,true,,OPERATIONS,Stay status reconciler,true,"Jun 21, 2026, 10:37:42 PM","Jun 21, 2026, 10:37:42 PM"
62b337033513aa00347a2410,Jeff Nisius,pro,Mid-Market,true,,OPERATIONS,Reservation handoff brief,true,"Jun 21, 2026, 10:37:22 PM","Jun 21, 2026, 10:37:22 PM"
62b337033513aa00347a2410,Jeff Nisius,pro,Mid-Market,true,,OPERATIONS,Reservation duplicate detector,true,"Jun 21, 2026, 10:37:07 PM","Jun 21, 2026, 10:37:07 PM"
62b337033513aa00347a2410,Jeff Nisius,pro,Mid-Market,true,,OPERATIONS,Translation gap filler,true,"Jun 21, 2026, 10:36:55 PM","Jun 21, 2026, 10:36:55 PM"
62b337033513aa00347a2410,Jeff Nisius,pro,Mid-Market,true,,OPERATIONS,Commitment keeper,true,"Jun 21, 2026, 10:36:39 PM","Jun 21, 2026, 10:36:39 PM"
62b337033513aa00347a2410,Jeff Nisius,pro,Mid-Market,true,,OPERATIONS,Amenity gap detector,true,"Jun 21, 2026, 10:36:17 PM","Jun 21, 2026, 10:36:17 PM"
5db6c592bba9f4001f7d610f,EASY BNB GmbH,pro,SME,true,,OPERATIONS,Translation gap filler,true,"Jun 21, 2026, 6:43:46 PM","Jun 21, 2026, 6:43:46 PM"
5db6c592bba9f4001f7d610f,EASY BNB GmbH,pro,SME,true,,OPERATIONS,Reservation handoff brief,true,"Jun 21, 2026, 6:43:33 PM","Jun 21, 2026, 6:43:33 PM"
693592c67e6de65e769be230,Weston Holidays,pro,SMB,true,,OPERATIONS,Commitment keeper,true,"Jun 19, 2026, 7:25:58 AM","Jun 19, 2026, 7:25:58 AM"
692739cf51ad620fe8272e74,Fripp Island Golf & Beach Resort ,pro,SME,true,,FINANCE,Tax Configuration Audit,true,"Jun 18, 2026, 2:52:41 PM","Jun 18, 2026, 2:52:41 PM"
693592c67e6de65e769be230,Weston Holidays,pro,SMB,true,,COMMUNICATIONS,Review response drafter,true,"Jun 18, 2026, 7:41:25 AM","Jun 18, 2026, 7:41:25 AM"
693592c67e6de65e769be230,Weston Holidays,pro,SMB,true,,OPERATIONS,Calendar conflict detector,true,"Jun 18, 2026, 7:41:06 AM","Jun 18, 2026, 7:41:06 AM"
64ac4ed558fd69003fb7e3a4,GueStay Properties,pro,SMB,true,hq_child,OPERATIONS,Calendar conflict detector,false,"Jun 16, 2026, 7:56:26 PM","Jun 16, 2026, 7:56:34 PM"
6601f8d2c9d2b0a68e714a68,"Navigate Stays, Inc. ",pro,SME,true,,COMMUNICATIONS,Review response drafter,true,"Jun 16, 2026, 4:16:23 PM","Jun 16, 2026, 4:16:23 PM"
68d6d384455d7fda436118ca,Scenic Stays,enterprise,Enterprise,true,,OPERATIONS,Risky reservation detector,true,"Jun 16, 2026, 2:46:37 PM","Jul 7, 2026, 4:46:15 PM"
68d6d384455d7fda436118ca,Scenic Stays,enterprise,Enterprise,true,,OPERATIONS,Inquiry expiry manager,false,"Jun 16, 2026, 2:45:59 PM","Jun 28, 2026, 8:40:19 AM"
5db6c592bba9f4001f7d610f,EASY BNB GmbH,pro,SME,true,,OPERATIONS,Risky reservation detector,true,"Jun 16, 2026, 2:11:14 PM","Jun 16, 2026, 2:11:14 PM"
5db0a5a602bcef001fed7da1,GreatStay,pro,Mid-Market,true,,OPERATIONS,Review to task dispatcher,true,"Jun 16, 2026, 8:34:50 AM","Jun 16, 2026, 8:34:50 AM"
5db0a5a602bcef001fed7da1,GreatStay,pro,Mid-Market,true,,COMMUNICATIONS,Review response drafter,true,"Jun 16, 2026, 8:34:33 AM","Jun 16, 2026, 8:34:33 AM"
5db6c592bba9f4001f7d610f,EASY BNB GmbH,pro,SME,true,,OPERATIONS,Review to task dispatcher,true,"Jun 16, 2026, 7:42:55 AM","Jun 16, 2026, 7:42:55 AM"
5db6c592bba9f4001f7d610f,EASY BNB GmbH,pro,SME,true,,COMMUNICATIONS,Review response drafter,true,"Jun 16, 2026, 7:32:33 AM","Jun 16, 2026, 7:32:33 AM"
5db6c592bba9f4001f7d610f,EASY BNB GmbH,pro,SME,true,,COMMUNICATIONS,Negative review challenger,false,"Jun 16, 2026, 7:30:44 AM","Jun 21, 2026, 6:44:15 PM"
5db6c592bba9f4001f7d610f,EASY BNB GmbH,pro,SME,true,,OPERATIONS,Calendar conflict detector,true,"Jun 16, 2026, 7:30:03 AM","Jun 16, 2026, 7:30:03 AM"
6862e08eb12c774daba2501a,LS Living Solutions GmbH,pro,SMB,true,,OPERATIONS,Inquiry expiry manager,true,"Jun 16, 2026, 7:25:25 AM","Jun 16, 2026, 7:25:25 AM"
6862e08eb12c774daba2501a,LS Living Solutions GmbH,pro,SMB,true,,OPERATIONS,Risky reservation detector,true,"Jun 16, 2026, 7:22:32 AM","Jun 16, 2026, 7:22:32 AM"
6862e08eb12c774daba2501a,LS Living Solutions GmbH,pro,SMB,true,,COMMUNICATIONS,Review response drafter,true,"Jun 16, 2026, 7:22:04 AM","Jun 16, 2026, 7:22:04 AM"
6862e08eb12c774daba2501a,LS Living Solutions GmbH,pro,SMB,true,,COMMUNICATIONS,Negative review challenger,true,"Jun 16, 2026, 7:21:32 AM","Jun 16, 2026, 7:21:32 AM"
65351c644892a1c2b05f9e34,AIR MGMT,pro,SME,true,,FINANCE,Unpaid reservation tracker,true,"Jun 15, 2026, 10:04:08 PM","Jun 15, 2026, 10:04:08 PM"
65351c644892a1c2b05f9e34,AIR MGMT,pro,SME,true,,OPERATIONS,Risky reservation detector,true,"Jun 15, 2026, 10:03:54 PM","Jun 15, 2026, 10:03:54 PM"
65351c644892a1c2b05f9e34,AIR MGMT,pro,SME,true,,OPERATIONS,Review to task dispatcher,true,"Jun 15, 2026, 10:03:42 PM","Jun 15, 2026, 10:03:42 PM"
65351c644892a1c2b05f9e34,AIR MGMT,pro,SME,true,,COMMUNICATIONS,Review response drafter,true,"Jun 15, 2026, 10:03:30 PM","Jun 15, 2026, 10:03:30 PM"
65351c644892a1c2b05f9e34,AIR MGMT,pro,SME,true,,COMMUNICATIONS,Negative review challenger,true,"Jun 15, 2026, 10:02:35 PM","Jun 15, 2026, 10:02:35 PM"
65351c644892a1c2b05f9e34,AIR MGMT,pro,SME,true,,OPERATIONS,Inquiry expiry manager,true,"Jun 15, 2026, 10:02:29 PM","Jun 15, 2026, 10:02:29 PM"
65351c644892a1c2b05f9e34,AIR MGMT,pro,SME,true,,OPERATIONS,Calendar conflict detector,true,"Jun 15, 2026, 10:02:08 PM","Jun 15, 2026, 10:02:08 PM"
5aff29ca5e0f84006a37cb5d,Stay Awhile Villas,pro,SME,true,,OPERATIONS,Review to task dispatcher,true,"Jun 15, 2026, 9:39:25 PM","Jun 15, 2026, 9:39:25 PM"
5aff29ca5e0f84006a37cb5d,Stay Awhile Villas,pro,SME,true,,OPERATIONS,Risky reservation detector,true,"Jun 15, 2026, 9:38:50 PM","Jun 15, 2026, 9:38:50 PM"
5aff29ca5e0f84006a37cb5d,Stay Awhile Villas,pro,SME,true,,OWNER_RELATIONS,Owner payment details collector,true,"Jun 15, 2026, 9:37:55 PM","Jun 15, 2026, 9:37:55 PM"
5aff29ca5e0f84006a37cb5d,Stay Awhile Villas,pro,SME,true,,COMMUNICATIONS,Negative review challenger,true,"Jun 15, 2026, 9:37:43 PM","Jun 15, 2026, 9:37:43 PM"
5aff29ca5e0f84006a37cb5d,Stay Awhile Villas,pro,SME,true,,OPERATIONS,Inquiry expiry manager,false,"Jun 15, 2026, 9:37:03 PM","Jul 2, 2026, 1:39:27 AM"
693592c67e6de65e769be230,Weston Holidays,pro,SMB,true,,OPERATIONS,Risky reservation detector,true,"Jun 15, 2026, 7:36:30 PM","Jun 15, 2026, 7:36:30 PM"
693592c67e6de65e769be230,Weston Holidays,pro,SMB,true,,COMMUNICATIONS,Negative review challenger,true,"Jun 15, 2026, 7:35:22 PM","Jun 15, 2026, 7:35:22 PM"
692087d60cb25a3efd780f59,CJR Stays,pro,SMB,true,,FINANCE,Unpaid reservation tracker,true,"Jun 15, 2026, 6:59:06 PM","Jun 15, 2026, 6:59:06 PM"
692087d60cb25a3efd780f59,CJR Stays,pro,SMB,true,,OPERATIONS,Risky reservation detector,true,"Jun 15, 2026, 6:58:39 PM","Jun 15, 2026, 6:58:39 PM"
692087d60cb25a3efd780f59,CJR Stays,pro,SMB,true,,OPERATIONS,Review to task dispatcher,true,"Jun 15, 2026, 6:58:34 PM","Jun 15, 2026, 6:58:34 PM"
692087d60cb25a3efd780f59,CJR Stays,pro,SMB,true,,COMMUNICATIONS,Review response drafter,true,"Jun 15, 2026, 6:58:24 PM","Jun 15, 2026, 6:58:24 PM"
692087d60cb25a3efd780f59,CJR Stays,pro,SMB,true,,COMMUNICATIONS,Negative review challenger,true,"Jun 15, 2026, 6:57:54 PM","Jun 15, 2026, 6:57:54 PM"
692087d60cb25a3efd780f59,CJR Stays,pro,SMB,true,,OPERATIONS,Inquiry expiry manager,true,"Jun 15, 2026, 6:57:47 PM","Jun 15, 2026, 6:57:47 PM"
692087d60cb25a3efd780f59,CJR Stays,pro,SMB,true,,OPERATIONS,Calendar conflict detector,true,"Jun 15, 2026, 6:57:39 PM","Jun 15, 2026, 6:57:39 PM"
68d6d384455d7fda436118ca,Scenic Stays,enterprise,Enterprise,true,,FINANCE,Unpaid reservation tracker,true,"Jun 15, 2026, 3:15:42 PM","Jul 7, 2026, 4:45:42 PM"
68d6d384455d7fda436118ca,Scenic Stays,enterprise,Enterprise,true,,COMMUNICATIONS,Negative review challenger,true,"Jun 15, 2026, 3:11:11 PM","Jul 7, 2026, 4:45:17 PM"
68d6d384455d7fda436118ca,Scenic Stays,enterprise,Enterprise,true,,OPERATIONS,Calendar conflict detector,true,"Jun 15, 2026, 3:10:50 PM","Jul 7, 2026, 4:44:16 PM"
5cf3120c0f6abc001ff04f2e,Hello Host,pro,Mid-Market,true,,OPERATIONS,Review to task dispatcher,true,"Jun 15, 2026, 3:31:46 AM","Jun 15, 2026, 3:31:46 AM"
5cf3120c0f6abc001ff04f2e,Hello Host,pro,Mid-Market,true,,OPERATIONS,Calendar conflict detector,true,"Jun 15, 2026, 3:31:12 AM","Jun 15, 2026, 3:31:12 AM"
5cf3120c0f6abc001ff04f2e,Hello Host,pro,Mid-Market,true,,COMMUNICATIONS,Review response drafter,true,"Jun 15, 2026, 3:30:57 AM","Jun 15, 2026, 3:30:57 AM"
5cf3120c0f6abc001ff04f2e,Hello Host,pro,Mid-Market,true,,FINANCE,Unpaid reservation tracker,true,"Jun 15, 2026, 3:30:40 AM","Jun 15, 2026, 3:30:40 AM"
5cf3120c0f6abc001ff04f2e,Hello Host,pro,Mid-Market,true,,OPERATIONS,Risky reservation detector,true,"Jun 15, 2026, 3:30:26 AM","Jun 15, 2026, 3:30:26 AM"
5cf3120c0f6abc001ff04f2e,Hello Host,pro,Mid-Market,true,,OPERATIONS,Inquiry expiry manager,true,"Jun 15, 2026, 3:30:08 AM","Jun 15, 2026, 3:30:08 AM"
5cf3120c0f6abc001ff04f2e,Hello Host,pro,Mid-Market,true,,COMMUNICATIONS,Negative review challenger,true,"Jun 15, 2026, 3:29:46 AM","Jun 15, 2026, 3:29:46 AM"
60b4ed00a32033002e44e4e2,RSB Living / Management,pro,Mid-Market,true,,OPERATIONS,Calendar conflict detector,false,"Jun 10, 2026, 7:19:16 PM","Jun 14, 2026, 8:47:57 PM"
60b4ed00a32033002e44e4e2,RSB Living / Management,pro,Mid-Market,true,,OPERATIONS,Inquiry expiry manager,true,"Jun 10, 2026, 7:16:01 PM","Jun 10, 2026, 7:16:01 PM"
60b4ed00a32033002e44e4e2,RSB Living / Management,pro,Mid-Market,true,,FINANCE,Security deposit extender,true,"Jun 10, 2026, 7:15:26 PM","Jun 10, 2026, 7:15:26 PM"
60b4ed00a32033002e44e4e2,RSB Living / Management,pro,Mid-Market,true,,COMMUNICATIONS,Negative review challenger,true,"Jun 10, 2026, 7:15:10 PM","Jun 10, 2026, 7:15:10 PM"
60b4ed00a32033002e44e4e2,RSB Living / Management,pro,Mid-Market,true,,COMMUNICATIONS,Review response drafter,true,"Jun 10, 2026, 7:14:25 PM","Jun 10, 2026, 7:14:25 PM"
60b4ed00a32033002e44e4e2,RSB Living / Management,pro,Mid-Market,true,,OPERATIONS,Review to task dispatcher,true,"Jun 10, 2026, 7:13:59 PM","Jun 10, 2026, 7:13:59 PM"
60b4ed00a32033002e44e4e2,RSB Living / Management,pro,Mid-Market,true,,OPERATIONS,Risky reservation detector,false,"Jun 10, 2026, 7:13:31 PM","Jun 14, 2026, 8:48:45 PM"
60b4ed00a32033002e44e4e2,RSB Living / Management,pro,Mid-Market,true,,FINANCE,Unpaid reservation tracker,true,"Jun 10, 2026, 7:13:16 PM","Jun 10, 2026, 7:13:16 PM"
63991db67ee89b004e196515,Soulfull Stayz,pro,SMB,true,,OPERATIONS,Risky reservation detector,true,"Jun 10, 2026, 12:00:52 PM","Jun 10, 2026, 12:00:52 PM"
63991db67ee89b004e196515,Soulfull Stayz,pro,SMB,true,,OPERATIONS,Calendar conflict detector,true,"Jun 10, 2026, 12:00:20 PM","Jun 10, 2026, 12:00:20 PM"
63991db67ee89b004e196515,Soulfull Stayz,pro,SMB,true,,OPERATIONS,Inquiry expiry manager,true,"Jun 10, 2026, 12:00:09 PM","Jun 10, 2026, 12:00:09 PM"
63991db67ee89b004e196515,Soulfull Stayz,pro,SMB,true,,OWNER_RELATIONS,Owner payment details collector,false,"Jun 10, 2026, 11:59:41 AM","Jun 20, 2026, 2:28:24 AM"
63991db67ee89b004e196515,Soulfull Stayz,pro,SMB,true,,FINANCE,Unpaid reservation tracker,true,"Jun 10, 2026, 11:58:58 AM","Jun 10, 2026, 11:58:58 AM"
62b337033513aa00347a2410,Jeff Nisius,pro,Mid-Market,true,,OPERATIONS,Calendar conflict detector,true,"Jun 10, 2026, 2:04:09 AM","Jun 10, 2026, 2:04:09 AM"
5f3a7d87949020002db896dc,Curated Property,pro,Mid-Market,true,,FINANCE,Unpaid reservation tracker,true,"Jun 5, 2026, 7:25:05 PM","Jun 5, 2026, 7:25:05 PM"
5f3a7d87949020002db896dc,Curated Property,pro,Mid-Market,true,,OPERATIONS,Risky reservation detector,true,"Jun 5, 2026, 7:24:39 PM","Jun 5, 2026, 7:24:39 PM"
5f3a7d87949020002db896dc,Curated Property,pro,Mid-Market,true,,OPERATIONS,Review to task dispatcher,true,"Jun 5, 2026, 7:24:21 PM","Jun 5, 2026, 7:24:21 PM"
5f3a7d87949020002db896dc,Curated Property,pro,Mid-Market,true,,COMMUNICATIONS,Review response drafter,true,"Jun 5, 2026, 7:24:10 PM","Jun 5, 2026, 7:24:10 PM"
5f3a7d87949020002db896dc,Curated Property,pro,Mid-Market,true,,COMMUNICATIONS,Negative review challenger,true,"Jun 5, 2026, 7:23:07 PM","Jun 5, 2026, 7:23:07 PM"
5f3a7d87949020002db896dc,Curated Property,pro,Mid-Market,true,,OPERATIONS,Inquiry expiry manager,true,"Jun 5, 2026, 7:22:56 PM","Jun 5, 2026, 7:22:56 PM"
5f3a7d87949020002db896dc,Curated Property,pro,Mid-Market,true,,OPERATIONS,Calendar conflict detector,true,"Jun 5, 2026, 7:22:21 PM","Jun 5, 2026, 7:22:21 PM"
573b8b688e31d30e0035418f,Bijou Getaways,pro,Mid-Market,true,,COMMUNICATIONS,Negative review challenger,true,"Jun 3, 2026, 8:24:40 PM","Jun 3, 2026, 8:24:40 PM"
573b8b688e31d30e0035418f,Bijou Getaways,pro,Mid-Market,true,,FINANCE,Unpaid reservation tracker,true,"Jun 3, 2026, 8:24:28 PM","Jun 3, 2026, 8:24:28 PM"
573b8b688e31d30e0035418f,Bijou Getaways,pro,Mid-Market,true,,OPERATIONS,Inquiry expiry manager,true,"Jun 3, 2026, 8:24:15 PM","Jun 3, 2026, 8:24:15 PM"
573b8b688e31d30e0035418f,Bijou Getaways,pro,Mid-Market,true,,OPERATIONS,Risky reservation detector,true,"Jun 3, 2026, 8:23:58 PM","Jun 3, 2026, 8:23:58 PM"
573b8b688e31d30e0035418f,Bijou Getaways,pro,Mid-Market,true,,COMMUNICATIONS,Review response drafter,true,"Jun 3, 2026, 8:23:36 PM","Jun 3, 2026, 8:23:36 PM"
62b337033513aa00347a2410,Jeff Nisius,pro,Mid-Market,true,,COMMUNICATIONS,Review response drafter,true,"Jun 3, 2026, 6:39:51 PM","Jun 3, 2026, 6:39:51 PM"
62b337033513aa00347a2410,Jeff Nisius,pro,Mid-Market,true,,FINANCE,Security deposit extender,true,"Jun 2, 2026, 2:38:39 AM","Jun 2, 2026, 2:38:39 AM"
62b337033513aa00347a2410,Jeff Nisius,pro,Mid-Market,true,,OPERATIONS,Review to task dispatcher,true,"Jun 2, 2026, 2:37:43 AM","Jun 2, 2026, 2:37:43 AM"
62b337033513aa00347a2410,Jeff Nisius,pro,Mid-Market,true,,FINANCE,Unpaid reservation tracker,true,"Jun 1, 2026, 9:06:27 PM","Jun 1, 2026, 9:06:27 PM"
62b337033513aa00347a2410,Jeff Nisius,pro,Mid-Market,true,,OPERATIONS,Risky reservation detector,true,"Jun 1, 2026, 9:06:12 PM","Jun 1, 2026, 9:06:12 PM"
62b337033513aa00347a2410,Jeff Nisius,pro,Mid-Market,true,,COMMUNICATIONS,Negative review challenger,true,"Jun 1, 2026, 9:05:26 PM","Jun 8, 2026, 3:14:02 PM"
62b337033513aa00347a2410,Jeff Nisius,pro,Mid-Market,true,,OPERATIONS,Inquiry expiry manager,true,"Jun 1, 2026, 9:05:04 PM","Jun 1, 2026, 9:05:04 PM"
66e0538243d84c7d87fb527f,emiliano Sofia,pro,SMB,true,,COMMUNICATIONS,Review response drafter,true,"May 27, 2026, 10:07:59 PM","May 27, 2026, 10:07:59 PM"
66f1a8e388a5fce1e7b84e47,Guesty Trial Account 4,pro,SMB,false,,OPERATIONS,Reservation readiness surfacer,true,"May 27, 2026, 5:31:38 PM","May 27, 2026, 5:31:38 PM"
692087d60cb25a3efd780f59,CJR Stays,pro,SMB,true,,FINANCE,Security deposit extender,true,"May 26, 2026, 10:16:38 PM","Jun 17, 2026, 8:20:15 PM"
669fd4375db8ecdd6b7e2916,Angelo Sturzebecher,pro,SMB,true,,FINANCE,Security deposit extender,false,"May 26, 2026, 9:10:07 PM","May 27, 2026, 2:11:53 PM"