Account ID,Account Name,Package,Segment,Active paying account,HQ type,Agent Category,Agent Name,Agent Active,Agent Created At,Agent Updated At
667045cceba67e5ba8a581db,CoolBnBs,pro,Mid-Market,true,,OPERATIONS,Weekly Operation Brief,true,"Jul 14, 2026, 12:24:35 AM","Jul 14, 2026, 12:24:35 AM"
6797aaf008ad1c127b6c4a3f,BozemanBnB,pro,Mid-Market,true,,FINANCE,Unpaid reservation tracker,true,"Jul 14, 2026, 12:18:09 AM","Jul 14, 2026, 12:18:09 AM"
6797aaf008ad1c127b6c4a3f,BozemanBnB,pro,Mid-Market,true,,COMMUNICATIONS,Negative review challenger,true,"Jul 14, 2026, 12:16:21 AM","Jul 14, 2026, 12:16:21 AM"
6797aaf008ad1c127b6c4a3f,BozemanBnB,pro,Mid-Market,true,,OPERATIONS,Calendar conflict detector,true,"Jul 14, 2026, 12:16:04 AM","Jul 14, 2026, 12:16:04 AM"
6797aaf008ad1c127b6c4a3f,BozemanBnB,pro,Mid-Market,true,,OPERATIONS,Check-in readiness,true,"Jul 14, 2026, 12:15:48 AM","Jul 14, 2026, 12:15:48 AM"
67c97d3940e1ed4a6dae295e,Tatiana Filipa Gonçalves Silva Unipessoal Lda,pro,SMB,true,,ACCOUNTING,Monthly cancelled reservations,true,"Jul 13, 2026, 11:42:26 PM","Jul 13, 2026, 11:42:26 PM"
67c97d3940e1ed4a6dae295e,Tatiana Filipa Gonçalves Silva Unipessoal Lda,pro,SMB,true,,FINANCE,Unpaid reservation tracker,true,"Jul 13, 2026, 11:41:10 PM","Jul 13, 2026, 11:41:10 PM"
67c97d3940e1ed4a6dae295e,Tatiana Filipa Gonçalves Silva Unipessoal Lda,pro,SMB,true,,OPERATIONS,Risky reservation detector,true,"Jul 13, 2026, 11:39:16 PM","Jul 13, 2026, 11:39:16 PM"
67c97d3940e1ed4a6dae295e,Tatiana Filipa Gonçalves Silva Unipessoal Lda,pro,SMB,true,,FINANCE,Fee configuration detector,true,"Jul 13, 2026, 11:38:00 PM","Jul 13, 2026, 11:38:00 PM"
67c97d3940e1ed4a6dae295e,Tatiana Filipa Gonçalves Silva Unipessoal Lda,pro,SMB,true,,OPERATIONS,Amenity gap detector,true,"Jul 13, 2026, 11:35:25 PM","Jul 13, 2026, 11:35:25 PM"
67c97d3940e1ed4a6dae295e,Tatiana Filipa Gonçalves Silva Unipessoal Lda,pro,SMB,true,,ACCOUNTING,Advance deposit checker,true,"Jul 13, 2026, 11:33:58 PM","Jul 13, 2026, 11:33:58 PM"
679c2d7ff6fab777ee05be5d,PMI Realty Management NW,pro,Mid-Market,true,hq_child,ACCOUNTING,Monthly cancelled reservations,true,"Jul 13, 2026, 11:22:40 PM","Jul 13, 2026, 11:22:40 PM"
679c2d7ff6fab777ee05be5d,PMI Realty Management NW,pro,Mid-Market,true,hq_child,ACCOUNTING,Advance deposit checker,true,"Jul 13, 2026, 11:22:31 PM","Jul 13, 2026, 11:22:31 PM"
679c2d7ff6fab777ee05be5d,PMI Realty Management NW,pro,Mid-Market,true,hq_child,COMMUNICATIONS,Saved replies optimizer,true,"Jul 13, 2026, 11:22:03 PM","Jul 13, 2026, 11:22:03 PM"
679c2d7ff6fab777ee05be5d,PMI Realty Management NW,pro,Mid-Market,true,hq_child,OPERATIONS,Stay status reconciler,true,"Jul 13, 2026, 11:21:37 PM","Jul 13, 2026, 11:21:37 PM"
679c2d7ff6fab777ee05be5d,PMI Realty Management NW,pro,Mid-Market,true,hq_child,OPERATIONS,Weekly Operation Brief,true,"Jul 13, 2026, 11:21:01 PM","Jul 13, 2026, 11:21:01 PM"
679c2d7ff6fab777ee05be5d,PMI Realty Management NW,pro,Mid-Market,true,hq_child,FINANCE,Unpaid reservation tracker,true,"Jul 13, 2026, 11:20:46 PM","Jul 13, 2026, 11:20:46 PM"
679c2d7ff6fab777ee05be5d,PMI Realty Management NW,pro,Mid-Market,true,hq_child,COMMUNICATIONS,Negative review challenger,true,"Jul 13, 2026, 11:20:15 PM","Jul 13, 2026, 11:20:15 PM"
679c2d7ff6fab777ee05be5d,PMI Realty Management NW,pro,Mid-Market,true,hq_child,OPERATIONS,Reservation duplicate detector,true,"Jul 13, 2026, 11:19:53 PM","Jul 13, 2026, 11:19:53 PM"
679c2d7ff6fab777ee05be5d,PMI Realty Management NW,pro,Mid-Market,true,hq_child,OPERATIONS,Inquiry expiry manager,true,"Jul 13, 2026, 11:19:23 PM","Jul 13, 2026, 11:19:23 PM"
679c2d7ff6fab777ee05be5d,PMI Realty Management NW,pro,Mid-Market,true,hq_child,FINANCE,Fee configuration detector,true,"Jul 13, 2026, 11:19:10 PM","Jul 13, 2026, 11:19:10 PM"
679c2d7ff6fab777ee05be5d,PMI Realty Management NW,pro,Mid-Market,true,hq_child,OPERATIONS,Risky reservation detector,true,"Jul 13, 2026, 11:10:48 PM","Jul 13, 2026, 11:10:48 PM"
679c2d7ff6fab777ee05be5d,PMI Realty Management NW,pro,Mid-Market,true,hq_child,OPERATIONS,Calendar conflict detector,true,"Jul 13, 2026, 11:10:02 PM","Jul 13, 2026, 11:10:02 PM"
6760b6a132d244f081e68774,PMI Southeast CT,pro,Mid-Market,true,hq_child,FINANCE,Unpaid reservation tracker,true,"Jul 13, 2026, 11:09:12 PM","Jul 13, 2026, 11:09:12 PM"
6760b6a132d244f081e68774,PMI Southeast CT,pro,Mid-Market,true,hq_child,OPERATIONS,Reservation handoff brief,true,"Jul 13, 2026, 11:04:37 PM","Jul 13, 2026, 11:04:37 PM"
6760b6a132d244f081e68774,PMI Southeast CT,pro,Mid-Market,true,hq_child,ACCOUNTING,Monthly cancelled reservations,true,"Jul 13, 2026, 11:03:54 PM","Jul 13, 2026, 11:03:54 PM"
6760b6a132d244f081e68774,PMI Southeast CT,pro,Mid-Market,true,hq_child,OPERATIONS,Amenity gap detector,true,"Jul 13, 2026, 11:02:52 PM","Jul 13, 2026, 11:02:52 PM"
6566138da6aaa15054eb403a,Aval Property Experience LLC,pro,SMB,true,,OPERATIONS,Weekly Operation Brief,true,"Jul 13, 2026, 10:12:38 PM","Jul 13, 2026, 10:12:38 PM"
6566138da6aaa15054eb403a,Aval Property Experience LLC,pro,SMB,true,,FINANCE,Unpaid reservation tracker,true,"Jul 13, 2026, 10:12:26 PM","Jul 13, 2026, 10:12:26 PM"
6566138da6aaa15054eb403a,Aval Property Experience LLC,pro,SMB,true,,OPERATIONS,Translation gap filler,true,"Jul 13, 2026, 10:12:18 PM","Jul 13, 2026, 10:12:18 PM"
6566138da6aaa15054eb403a,Aval Property Experience LLC,pro,SMB,true,,FINANCE,Tax Configuration Audit,true,"Jul 13, 2026, 10:12:04 PM","Jul 13, 2026, 10:12:04 PM"
6566138da6aaa15054eb403a,Aval Property Experience LLC,pro,SMB,true,,OPERATIONS,Stay status reconciler,true,"Jul 13, 2026, 10:11:57 PM","Jul 13, 2026, 10:11:57 PM"
6566138da6aaa15054eb403a,Aval Property Experience LLC,pro,SMB,true,,COMMUNICATIONS,Saved replies optimizer,true,"Jul 13, 2026, 10:11:32 PM","Jul 13, 2026, 10:11:32 PM"
6566138da6aaa15054eb403a,Aval Property Experience LLC,pro,SMB,true,,OPERATIONS,Review to task dispatcher,true,"Jul 13, 2026, 10:11:17 PM","Jul 13, 2026, 10:11:17 PM"
6566138da6aaa15054eb403a,Aval Property Experience LLC,pro,SMB,true,,COMMUNICATIONS,Review response drafter,true,"Jul 13, 2026, 10:11:09 PM","Jul 13, 2026, 10:11:09 PM"
6566138da6aaa15054eb403a,Aval Property Experience LLC,pro,SMB,true,,OWNER_RELATIONS,Owner payment details collector,false,"Jul 13, 2026, 10:10:30 PM","Jul 13, 2026, 10:10:50 PM"
6566138da6aaa15054eb403a,Aval Property Experience LLC,pro,SMB,true,,COMMUNICATIONS,Negative review challenger,true,"Jul 13, 2026, 10:10:16 PM","Jul 13, 2026, 10:10:16 PM"
6566138da6aaa15054eb403a,Aval Property Experience LLC,pro,SMB,true,,ACCOUNTING,Monthly cancelled reservations,true,"Jul 13, 2026, 10:10:02 PM","Jul 13, 2026, 10:10:02 PM"
6566138da6aaa15054eb403a,Aval Property Experience LLC,pro,SMB,true,,OPERATIONS,Inquiry expiry manager,true,"Jul 13, 2026, 10:09:52 PM","Jul 13, 2026, 10:09:52 PM"
6566138da6aaa15054eb403a,Aval Property Experience LLC,pro,SMB,true,,OPERATIONS,Daily task coverage board,true,"Jul 13, 2026, 10:09:46 PM","Jul 13, 2026, 10:09:46 PM"
6566138da6aaa15054eb403a,Aval Property Experience LLC,pro,SMB,true,,FINANCE,Fee configuration detector,true,"Jul 13, 2026, 10:09:27 PM","Jul 13, 2026, 10:09:27 PM"
6566138da6aaa15054eb403a,Aval Property Experience LLC,pro,SMB,true,,OPERATIONS,Commitment keeper,true,"Jul 13, 2026, 10:09:20 PM","Jul 13, 2026, 10:09:20 PM"
6566138da6aaa15054eb403a,Aval Property Experience LLC,pro,SMB,true,,ACCOUNTING,Advance deposit checker,true,"Jul 13, 2026, 10:09:03 PM","Jul 13, 2026, 10:09:03 PM"
6566138da6aaa15054eb403a,Aval Property Experience LLC,pro,SMB,true,,OPERATIONS,Check-in readiness,true,"Jul 13, 2026, 10:08:43 PM","Jul 13, 2026, 10:08:43 PM"
667045cceba67e5ba8a581db,CoolBnBs,pro,Mid-Market,true,,COMMUNICATIONS,Negative review challenger,true,"Jul 13, 2026, 9:02:28 PM","Jul 13, 2026, 9:02:28 PM"
667045cceba67e5ba8a581db,CoolBnBs,pro,Mid-Market,true,,FINANCE,Tax Configuration Audit,true,"Jul 13, 2026, 9:00:39 PM","Jul 13, 2026, 9:00:39 PM"
667045cceba67e5ba8a581db,CoolBnBs,pro,Mid-Market,true,,COMMUNICATIONS,Review response drafter,true,"Jul 13, 2026, 9:00:14 PM","Jul 13, 2026, 9:00:14 PM"
605dc8bcc124b6002cbc9e89,Liiiving,pro,Mid-Market,true,,COMMUNICATIONS,Negative review challenger,true,"Jul 13, 2026, 8:53:09 PM","Jul 13, 2026, 8:53:09 PM"
605dc8bcc124b6002cbc9e89,Liiiving,pro,Mid-Market,true,,OPERATIONS,Translation gap filler,true,"Jul 13, 2026, 8:52:47 PM","Jul 13, 2026, 8:52:47 PM"
605dc8bcc124b6002cbc9e89,Liiiving,pro,Mid-Market,true,,OPERATIONS,Amenity gap detector,true,"Jul 13, 2026, 8:52:02 PM","Jul 13, 2026, 8:52:02 PM"
667045cceba67e5ba8a581db,CoolBnBs,pro,Mid-Market,true,,OPERATIONS,Risky reservation detector,true,"Jul 13, 2026, 8:43:31 PM","Jul 13, 2026, 8:43:31 PM"
667045cceba67e5ba8a581db,CoolBnBs,pro,Mid-Market,true,,OPERATIONS,Inquiry expiry manager,true,"Jul 13, 2026, 8:42:52 PM","Jul 13, 2026, 8:42:52 PM"
667045cceba67e5ba8a581db,CoolBnBs,pro,Mid-Market,true,,OPERATIONS,Commitment keeper,false,"Jul 13, 2026, 8:42:39 PM","Jul 14, 2026, 12:22:53 AM"
667045cceba67e5ba8a581db,CoolBnBs,pro,Mid-Market,true,,OPERATIONS,Amenity gap detector,true,"Jul 13, 2026, 8:42:06 PM","Jul 13, 2026, 8:42:06 PM"
675c9a27fbdf9f70c0e7d1bd,PMI Blue Ridge,pro,Mid-Market,true,hq_child,OPERATIONS,Check-in readiness,true,"Jul 13, 2026, 8:14:37 PM","Jul 13, 2026, 8:14:37 PM"
675c9a27fbdf9f70c0e7d1bd,PMI Blue Ridge,pro,Mid-Market,true,hq_child,OPERATIONS,Commitment keeper,true,"Jul 13, 2026, 8:14:24 PM","Jul 13, 2026, 8:14:24 PM"
675c9a27fbdf9f70c0e7d1bd,PMI Blue Ridge,pro,Mid-Market,true,hq_child,COMMUNICATIONS,Review response drafter,true,"Jul 13, 2026, 8:12:36 PM","Jul 13, 2026, 8:12:36 PM"
693ad7571efcceb4712e31bc,Homebelike Inc,pro,Mid-Market,true,,OPERATIONS,Amenity gap detector,true,"Jul 13, 2026, 8:12:21 PM","Jul 13, 2026, 8:12:21 PM"
675c9a27fbdf9f70c0e7d1bd,PMI Blue Ridge,pro,Mid-Market,true,hq_child,COMMUNICATIONS,Negative review challenger,true,"Jul 13, 2026, 8:12:18 PM","Jul 13, 2026, 8:12:18 PM"
675c9a27fbdf9f70c0e7d1bd,PMI Blue Ridge,pro,Mid-Market,true,hq_child,FINANCE,Fee configuration detector,true,"Jul 13, 2026, 8:12:01 PM","Jul 13, 2026, 8:12:01 PM"
693ad7571efcceb4712e31bc,Homebelike Inc,pro,Mid-Market,true,,COMMUNICATIONS,Review response drafter,true,"Jul 13, 2026, 7:55:37 PM","Jul 13, 2026, 7:55:37 PM"
693ad7571efcceb4712e31bc,Homebelike Inc,pro,Mid-Market,true,,COMMUNICATIONS,Negative review challenger,true,"Jul 13, 2026, 7:55:27 PM","Jul 13, 2026, 7:55:27 PM"
693ad7571efcceb4712e31bc,Homebelike Inc,pro,Mid-Market,true,,COMMUNICATIONS,Saved replies optimizer,true,"Jul 13, 2026, 7:54:29 PM","Jul 13, 2026, 7:54:29 PM"
66437bd7edfdf84f83ebd3ef,Franklin Suites South Beach,pro,Mid-Market,true,,OPERATIONS,Reservation handoff brief,true,"Jul 13, 2026, 6:51:10 PM","Jul 13, 2026, 6:51:10 PM"
66437bd7edfdf84f83ebd3ef,Franklin Suites South Beach,pro,Mid-Market,true,,FINANCE,Fee configuration detector,true,"Jul 13, 2026, 6:50:05 PM","Jul 13, 2026, 6:50:05 PM"
66437bd7edfdf84f83ebd3ef,Franklin Suites South Beach,pro,Mid-Market,true,,OPERATIONS,Commitment keeper,true,"Jul 13, 2026, 6:49:25 PM","Jul 13, 2026, 6:49:25 PM"
64d67002752b5efdc3216c49,Beach Weekend,pro,SME,true,,FINANCE,Unpaid reservation tracker,true,"Jul 13, 2026, 5:42:08 PM","Jul 13, 2026, 5:42:08 PM"
67fd56ef56bac59fb2d49fe0,Dorsen Stay,pro,Mid-Market,true,hq_child,COMMUNICATIONS,Negative review challenger,true,"Jul 13, 2026, 5:18:36 PM","Jul 13, 2026, 5:18:36 PM"
68d6e9bc455d7fda436118d3,BUHO Property,pro,SMB,true,,OPERATIONS,Check-in readiness,false,"Jul 13, 2026, 5:01:33 PM","Jul 13, 2026, 5:01:47 PM"
67ab756274bbea4a11fa70fd,PMI Home Team,pro,SMB,true,hq_child,FINANCE,Unpaid reservation tracker,true,"Jul 13, 2026, 4:50:49 PM","Jul 13, 2026, 4:50:49 PM"
67ab756274bbea4a11fa70fd,PMI Home Team,pro,SMB,true,hq_child,FINANCE,Security deposit extender,true,"Jul 13, 2026, 4:50:46 PM","Jul 13, 2026, 4:50:46 PM"
67ab756274bbea4a11fa70fd,PMI Home Team,pro,SMB,true,hq_child,FINANCE,Fee configuration detector,true,"Jul 13, 2026, 4:50:43 PM","Jul 13, 2026, 4:50:43 PM"
67ab756274bbea4a11fa70fd,PMI Home Team,pro,SMB,true,hq_child,ACCOUNTING,Advance deposit checker,true,"Jul 13, 2026, 4:50:36 PM","Jul 13, 2026, 4:50:36 PM"
67ab756274bbea4a11fa70fd,PMI Home Team,pro,SMB,true,hq_child,ACCOUNTING,Monthly cancelled reservations,true,"Jul 13, 2026, 4:50:32 PM","Jul 13, 2026, 4:50:32 PM"
67ab756274bbea4a11fa70fd,PMI Home Team,pro,SMB,true,hq_child,FINANCE,Tax Configuration Audit,true,"Jul 13, 2026, 4:47:41 PM","Jul 13, 2026, 4:47:41 PM"
67ab756274bbea4a11fa70fd,PMI Home Team,pro,SMB,true,hq_child,COMMUNICATIONS,Negative review challenger,true,"Jul 13, 2026, 4:45:45 PM","Jul 13, 2026, 4:45:45 PM"
67ab756274bbea4a11fa70fd,PMI Home Team,pro,SMB,true,hq_child,OPERATIONS,Calendar conflict detector,true,"Jul 13, 2026, 4:45:10 PM","Jul 13, 2026, 4:45:10 PM"
671facea217e6427c3ae8e62,KRG Vacation Rentals,pro,Mid-Market,true,,OPERATIONS,Inquiry expiry manager,true,"Jul 13, 2026, 4:19:49 PM","Jul 13, 2026, 4:19:49 PM"
671facea217e6427c3ae8e62,KRG Vacation Rentals,pro,Mid-Market,true,,OPERATIONS,Check-in readiness,true,"Jul 13, 2026, 4:19:29 PM","Jul 13, 2026, 4:19:29 PM"
671facea217e6427c3ae8e62,KRG Vacation Rentals,pro,Mid-Market,true,,OPERATIONS,Calendar conflict detector,true,"Jul 13, 2026, 4:18:14 PM","Jul 13, 2026, 4:18:14 PM"
697a2cee97c71aa6720b0d44,Mountain Laurel Chalets,pro,Mid-Market,true,,OPERATIONS,Commitment keeper,true,"Jul 13, 2026, 2:54:46 PM","Jul 13, 2026, 2:54:46 PM"
6a01de4424db941f82ec00fd,Vit Vosecek,pro,Mid-Market,true,,OPERATIONS,Stay status reconciler,true,"Jul 13, 2026, 1:35:19 PM","Jul 13, 2026, 1:35:19 PM"
6a01de4424db941f82ec00fd,Vit Vosecek,pro,Mid-Market,true,,OPERATIONS,Risky reservation detector,true,"Jul 13, 2026, 1:35:11 PM","Jul 13, 2026, 1:35:11 PM"
6a01de4424db941f82ec00fd,Vit Vosecek,pro,Mid-Market,true,,COMMUNICATIONS,Saved replies optimizer,true,"Jul 13, 2026, 1:34:57 PM","Jul 13, 2026, 1:34:57 PM"
67f3e2c2c3c7926782f6fd63,Miami Vacation Rentals,pro,SME,true,,OPERATIONS,Inquiry expiry manager,true,"Jul 13, 2026, 1:34:55 PM","Jul 13, 2026, 1:34:55 PM"
6a01de4424db941f82ec00fd,Vit Vosecek,pro,Mid-Market,true,,COMMUNICATIONS,Review response drafter,true,"Jul 13, 2026, 1:34:27 PM","Jul 13, 2026, 1:34:27 PM"
6a01de4424db941f82ec00fd,Vit Vosecek,pro,Mid-Market,true,,OPERATIONS,Maintenance tracker,true,"Jul 13, 2026, 1:33:52 PM","Jul 13, 2026, 1:33:52 PM"
6a01de4424db941f82ec00fd,Vit Vosecek,pro,Mid-Market,true,,OPERATIONS,Inquiry expiry manager,true,"Jul 13, 2026, 1:33:45 PM","Jul 13, 2026, 1:33:45 PM"
6a01de4424db941f82ec00fd,Vit Vosecek,pro,Mid-Market,true,,FINANCE,Fee configuration detector,true,"Jul 13, 2026, 1:33:36 PM","Jul 13, 2026, 1:33:36 PM"
6a01de4424db941f82ec00fd,Vit Vosecek,pro,Mid-Market,true,,OPERATIONS,Commitment keeper,true,"Jul 13, 2026, 1:33:16 PM","Jul 13, 2026, 1:33:16 PM"
6a01de4424db941f82ec00fd,Vit Vosecek,pro,Mid-Market,true,,OPERATIONS,Calendar conflict detector,true,"Jul 13, 2026, 1:32:41 PM","Jul 13, 2026, 1:32:41 PM"
6a01de4424db941f82ec00fd,Vit Vosecek,pro,Mid-Market,true,,OPERATIONS,Amenity gap detector,true,"Jul 13, 2026, 1:32:33 PM","Jul 13, 2026, 1:32:33 PM"
6a01de4424db941f82ec00fd,Vit Vosecek,pro,Mid-Market,true,,COMMUNICATIONS,Negative review challenger,true,"Jul 13, 2026, 1:32:22 PM","Jul 13, 2026, 1:32:22 PM"
6a01de4424db941f82ec00fd,Vit Vosecek,pro,Mid-Market,true,,OPERATIONS,Review to task dispatcher,true,"Jul 13, 2026, 1:31:05 PM","Jul 13, 2026, 1:31:05 PM"
5e86008f3b57e50029c6f7a3,COASTAWAYS,pro,Mid-Market,true,,FINANCE,Security deposit extender,true,"Jul 13, 2026, 12:58:19 PM","Jul 13, 2026, 12:58:19 PM"
5e86008f3b57e50029c6f7a3,COASTAWAYS,pro,Mid-Market,true,,OPERATIONS,Weekly Operation Brief,true,"Jul 13, 2026, 12:56:33 PM","Jul 13, 2026, 12:56:33 PM"
5e86008f3b57e50029c6f7a3,COASTAWAYS,pro,Mid-Market,true,,FINANCE,Unpaid reservation tracker,true,"Jul 13, 2026, 12:56:01 PM","Jul 13, 2026, 12:56:01 PM"
5e86008f3b57e50029c6f7a3,COASTAWAYS,pro,Mid-Market,true,,OPERATIONS,Translation gap filler,true,"Jul 13, 2026, 12:55:26 PM","Jul 13, 2026, 12:55:26 PM"
5e86008f3b57e50029c6f7a3,COASTAWAYS,pro,Mid-Market,true,,OPERATIONS,Team access review,true,"Jul 13, 2026, 12:54:59 PM","Jul 13, 2026, 12:54:59 PM"
5e86008f3b57e50029c6f7a3,COASTAWAYS,pro,Mid-Market,true,,COMMUNICATIONS,Saved replies optimizer,true,"Jul 13, 2026, 12:53:48 PM","Jul 13, 2026, 12:53:48 PM"
5e86008f3b57e50029c6f7a3,COASTAWAYS,pro,Mid-Market,true,,OPERATIONS,Risky reservation detector,true,"Jul 13, 2026, 12:53:29 PM","Jul 13, 2026, 12:53:29 PM"
5e86008f3b57e50029c6f7a3,COASTAWAYS,pro,Mid-Market,true,,OPERATIONS,Review to task dispatcher,true,"Jul 13, 2026, 12:53:11 PM","Jul 13, 2026, 12:53:11 PM"
5e86008f3b57e50029c6f7a3,COASTAWAYS,pro,Mid-Market,true,,COMMUNICATIONS,Review response drafter,true,"Jul 13, 2026, 12:52:45 PM","Jul 13, 2026, 12:52:45 PM"
5e86008f3b57e50029c6f7a3,COASTAWAYS,pro,Mid-Market,true,,OPERATIONS,Reservation handoff brief,true,"Jul 13, 2026, 12:52:24 PM","Jul 13, 2026, 12:52:24 PM"
5e86008f3b57e50029c6f7a3,COASTAWAYS,pro,Mid-Market,true,,OPERATIONS,Reservation duplicate detector,true,"Jul 13, 2026, 12:52:03 PM","Jul 13, 2026, 12:52:03 PM"
5e86008f3b57e50029c6f7a3,COASTAWAYS,pro,Mid-Market,true,,COMMUNICATIONS,Negative review challenger,true,"Jul 13, 2026, 12:51:16 PM","Jul 13, 2026, 12:51:16 PM"
5e86008f3b57e50029c6f7a3,COASTAWAYS,pro,Mid-Market,true,,ACCOUNTING,Monthly cancelled reservations,true,"Jul 13, 2026, 12:51:02 PM","Jul 13, 2026, 12:51:02 PM"
5e86008f3b57e50029c6f7a3,COASTAWAYS,pro,Mid-Market,true,,OPERATIONS,Inquiry expiry manager,true,"Jul 13, 2026, 12:49:31 PM","Jul 13, 2026, 12:49:31 PM"
5e86008f3b57e50029c6f7a3,COASTAWAYS,pro,Mid-Market,true,,FINANCE,Fee configuration detector,true,"Jul 13, 2026, 12:49:16 PM","Jul 13, 2026, 12:49:16 PM"
5e86008f3b57e50029c6f7a3,COASTAWAYS,pro,Mid-Market,true,,OPERATIONS,Check-in readiness,true,"Jul 13, 2026, 12:47:42 PM","Jul 13, 2026, 12:47:42 PM"
5e86008f3b57e50029c6f7a3,COASTAWAYS,pro,Mid-Market,true,,OPERATIONS,Calendar conflict detector,true,"Jul 13, 2026, 12:47:28 PM","Jul 13, 2026, 12:47:28 PM"
5e86008f3b57e50029c6f7a3,COASTAWAYS,pro,Mid-Market,true,,OPERATIONS,Amenity gap detector,true,"Jul 13, 2026, 12:47:19 PM","Jul 13, 2026, 12:47:19 PM"
5e86008f3b57e50029c6f7a3,COASTAWAYS,pro,Mid-Market,true,,ACCOUNTING,Advance deposit checker,true,"Jul 13, 2026, 12:46:56 PM","Jul 13, 2026, 12:46:56 PM"
6847199ce163651ced70b388,PMI Southwest Florida,pro,Mid-Market,true,hq_child,OPERATIONS,Weekly Operation Brief,true,"Jul 13, 2026, 12:30:23 PM","Jul 13, 2026, 12:30:23 PM"
6847199ce163651ced70b388,PMI Southwest Florida,pro,Mid-Market,true,hq_child,COMMUNICATIONS,Review response drafter,true,"Jul 13, 2026, 12:30:03 PM","Jul 13, 2026, 12:30:03 PM"
6847199ce163651ced70b388,PMI Southwest Florida,pro,Mid-Market,true,hq_child,COMMUNICATIONS,Negative review challenger,true,"Jul 13, 2026, 12:29:49 PM","Jul 13, 2026, 12:29:49 PM"
6847199ce163651ced70b388,PMI Southwest Florida,pro,Mid-Market,true,hq_child,FINANCE,Fee configuration detector,true,"Jul 13, 2026, 12:29:20 PM","Jul 13, 2026, 12:29:20 PM"
6847199ce163651ced70b388,PMI Southwest Florida,pro,Mid-Market,true,hq_child,ACCOUNTING,Advance deposit checker,true,"Jul 13, 2026, 12:28:57 PM","Jul 13, 2026, 12:28:57 PM"
5dc4724781b892001fd17fdc,Cyclinn,pro,SME,true,,COMMUNICATIONS,Review response drafter,true,"Jul 13, 2026, 12:27:01 PM","Jul 13, 2026, 12:27:01 PM"
5dc4724781b892001fd17fdc,Cyclinn,pro,SME,true,,OPERATIONS,Reservation duplicate detector,true,"Jul 13, 2026, 12:26:15 PM","Jul 13, 2026, 12:26:15 PM"
5dc4724781b892001fd17fdc,Cyclinn,pro,SME,true,,OPERATIONS,Calendar conflict detector,true,"Jul 13, 2026, 12:25:40 PM","Jul 13, 2026, 12:25:40 PM"
68af6c6fc3307ffd38a1c2b6,Stay Hospitality,pro,SME,true,,OPERATIONS,Weekly Operation Brief,true,"Jul 13, 2026, 12:17:51 PM","Jul 13, 2026, 12:17:51 PM"
68af6c6fc3307ffd38a1c2b6,Stay Hospitality,pro,SME,true,,OPERATIONS,Risky reservation detector,true,"Jul 13, 2026, 12:16:59 PM","Jul 13, 2026, 12:16:59 PM"
68af6c6fc3307ffd38a1c2b6,Stay Hospitality,pro,SME,true,,FINANCE,Fee configuration detector,true,"Jul 13, 2026, 12:14:00 PM","Jul 13, 2026, 12:14:00 PM"
68af6c6fc3307ffd38a1c2b6,Stay Hospitality,pro,SME,true,,OPERATIONS,Inquiry expiry manager,true,"Jul 13, 2026, 12:13:54 PM","Jul 13, 2026, 12:13:54 PM"
68af6c6fc3307ffd38a1c2b6,Stay Hospitality,pro,SME,true,,FINANCE,Security deposit extender,true,"Jul 13, 2026, 12:13:13 PM","Jul 13, 2026, 12:13:13 PM"
68af6c6fc3307ffd38a1c2b6,Stay Hospitality,pro,SME,true,,COMMUNICATIONS,Negative review challenger,true,"Jul 13, 2026, 12:12:58 PM","Jul 13, 2026, 12:12:58 PM"
68af6c6fc3307ffd38a1c2b6,Stay Hospitality,pro,SME,true,,OPERATIONS,Commitment keeper,true,"Jul 13, 2026, 12:12:49 PM","Jul 13, 2026, 12:12:49 PM"
68af6c6fc3307ffd38a1c2b6,Stay Hospitality,pro,SME,true,,OPERATIONS,Check-in readiness,true,"Jul 13, 2026, 12:12:43 PM","Jul 13, 2026, 12:12:43 PM"
68af6c6fc3307ffd38a1c2b6,Stay Hospitality,pro,SME,true,,OPERATIONS,Calendar conflict detector,true,"Jul 13, 2026, 12:12:35 PM","Jul 13, 2026, 12:12:35 PM"
68af6c6fc3307ffd38a1c2b6,Stay Hospitality,pro,SME,true,,OPERATIONS,Amenity gap detector,true,"Jul 13, 2026, 12:12:29 PM","Jul 13, 2026, 12:12:29 PM"
68af6c6fc3307ffd38a1c2b6,Stay Hospitality,pro,SME,true,,ACCOUNTING,Advance deposit checker,true,"Jul 13, 2026, 12:12:22 PM","Jul 13, 2026, 12:12:22 PM"
665046f77fe2c5eeeb5cac66,Unik Vacation,pro,Mid-Market,true,,OPERATIONS,Commitment keeper,true,"Jul 13, 2026, 11:06:36 AM","Jul 13, 2026, 11:06:36 AM"
6894940b8fa2976c485f6a7b,ACP Property Management,pro,SMB,true,,OPERATIONS,Weekly Operation Brief,true,"Jul 13, 2026, 11:04:04 AM","Jul 13, 2026, 11:04:04 AM"
6894940b8fa2976c485f6a7b,ACP Property Management,pro,SMB,true,,OPERATIONS,Translation gap filler,true,"Jul 13, 2026, 11:03:49 AM","Jul 13, 2026, 11:03:49 AM"
6894940b8fa2976c485f6a7b,ACP Property Management,pro,SMB,true,,OPERATIONS,Risky reservation detector,true,"Jul 13, 2026, 11:03:00 AM","Jul 13, 2026, 11:03:00 AM"
6894940b8fa2976c485f6a7b,ACP Property Management,pro,SMB,true,,COMMUNICATIONS,Review response drafter,true,"Jul 13, 2026, 11:02:50 AM","Jul 13, 2026, 11:02:50 AM"
6894940b8fa2976c485f6a7b,ACP Property Management,pro,SMB,true,,OPERATIONS,Reservation handoff brief,true,"Jul 13, 2026, 11:02:39 AM","Jul 13, 2026, 11:02:39 AM"
6894940b8fa2976c485f6a7b,ACP Property Management,pro,SMB,true,,OPERATIONS,Reservation duplicate detector,true,"Jul 13, 2026, 11:01:57 AM","Jul 13, 2026, 11:01:57 AM"
6894940b8fa2976c485f6a7b,ACP Property Management,pro,SMB,true,,COMMUNICATIONS,Negative review challenger,true,"Jul 13, 2026, 11:01:32 AM","Jul 13, 2026, 11:01:32 AM"
6894940b8fa2976c485f6a7b,ACP Property Management,pro,SMB,true,,ACCOUNTING,Monthly cancelled reservations,true,"Jul 13, 2026, 11:01:16 AM","Jul 13, 2026, 11:01:16 AM"
6894940b8fa2976c485f6a7b,ACP Property Management,pro,SMB,true,,OPERATIONS,Inquiry expiry manager,true,"Jul 13, 2026, 11:00:43 AM","Jul 13, 2026, 11:00:43 AM"
6894940b8fa2976c485f6a7b,ACP Property Management,pro,SMB,true,,OPERATIONS,Commitment keeper,true,"Jul 13, 2026, 11:00:17 AM","Jul 13, 2026, 11:00:17 AM"
6894940b8fa2976c485f6a7b,ACP Property Management,pro,SMB,true,,OPERATIONS,Calendar conflict detector,true,"Jul 13, 2026, 10:59:41 AM","Jul 13, 2026, 10:59:41 AM"
597212412663471000e369d3,Wehost,pro,SME,true,,OPERATIONS,Amenity gap detector,true,"Jul 13, 2026, 9:28:42 AM","Jul 13, 2026, 9:28:42 AM"
597212412663471000e369d3,Wehost,pro,SME,true,,COMMUNICATIONS,Saved replies optimizer,true,"Jul 13, 2026, 9:25:27 AM","Jul 13, 2026, 9:25:27 AM"
597212412663471000e369d3,Wehost,pro,SME,true,,COMMUNICATIONS,Negative review challenger,true,"Jul 13, 2026, 9:25:04 AM","Jul 13, 2026, 9:25:04 AM"
66c2bf6f3115bbdac808a289,Banyan Living,pro,SME,true,hq_child,ACCOUNTING,Monthly cancelled reservations,true,"Jul 13, 2026, 8:27:32 AM","Jul 13, 2026, 8:27:32 AM"
665046f77fe2c5eeeb5cac66,Unik Vacation,pro,Mid-Market,true,,OPERATIONS,Amenity gap detector,true,"Jul 13, 2026, 8:15:19 AM","Jul 13, 2026, 8:15:19 AM"
6a0a95e47039d420d3367e71,Roombix Company Limited,pro,Mid-Market,true,,OPERATIONS,Calendar conflict detector,true,"Jul 13, 2026, 4:19:10 AM","Jul 13, 2026, 4:19:10 AM"
6911fd1e550760fa8fef6f06,PMI Orlando,pro,Mid-Market,true,hq_child,OPERATIONS,Weekly Operation Brief,true,"Jul 13, 2026, 3:27:55 AM","Jul 13, 2026, 3:27:55 AM"
614f3a3a96a3a1002ffb58df,PBD Living,pro,Mid-Market,true,,OPERATIONS,Amenity gap detector,true,"Jul 13, 2026, 2:16:06 AM","Jul 13, 2026, 2:16:06 AM"
699f438e5042ea2535f13f10,Platinum Corporate Housing LLC,pro,Mid-Market,true,,COMMUNICATIONS,Saved replies optimizer,true,"Jul 12, 2026, 9:05:31 PM","Jul 12, 2026, 9:05:31 PM"
699f438e5042ea2535f13f10,Platinum Corporate Housing LLC,pro,Mid-Market,true,,COMMUNICATIONS,Review response drafter,true,"Jul 12, 2026, 9:04:55 PM","Jul 12, 2026, 9:04:55 PM"
699f438e5042ea2535f13f10,Platinum Corporate Housing LLC,pro,Mid-Market,true,,COMMUNICATIONS,Negative review challenger,true,"Jul 12, 2026, 9:04:17 PM","Jul 12, 2026, 9:04:17 PM"
699f438e5042ea2535f13f10,Platinum Corporate Housing LLC,pro,Mid-Market,true,,OPERATIONS,Inquiry expiry manager,true,"Jul 12, 2026, 9:03:28 PM","Jul 12, 2026, 9:03:28 PM"
699f438e5042ea2535f13f10,Platinum Corporate Housing LLC,pro,Mid-Market,true,,OPERATIONS,Calendar conflict detector,true,"Jul 12, 2026, 9:01:59 PM","Jul 12, 2026, 9:01:59 PM"
667eee524bd396ee968c2e10,Paradise Coast Vacations LLC,pro,Mid-Market,true,,OPERATIONS,Check-in readiness,true,"Jul 12, 2026, 8:28:47 PM","Jul 12, 2026, 8:28:47 PM"
667eee524bd396ee968c2e10,Paradise Coast Vacations LLC,pro,Mid-Market,true,,OPERATIONS,Amenity gap detector,true,"Jul 12, 2026, 8:28:17 PM","Jul 12, 2026, 8:28:17 PM"
667eee524bd396ee968c2e10,Paradise Coast Vacations LLC,pro,Mid-Market,true,,ACCOUNTING,Advance deposit checker,true,"Jul 12, 2026, 8:27:56 PM","Jul 12, 2026, 8:27:56 PM"
69a1eaf9f879ec73b0757752,Iron Horse Property Management,pro,Mid-Market,true,,ACCOUNTING,Monthly cancelled reservations,true,"Jul 12, 2026, 7:43:17 PM","Jul 12, 2026, 7:43:17 PM"
69a1eaf9f879ec73b0757752,Iron Horse Property Management,pro,Mid-Market,true,,ACCOUNTING,Advance deposit checker,true,"Jul 12, 2026, 7:42:09 PM","Jul 12, 2026, 7:42:09 PM"
69a1eaf9f879ec73b0757752,Iron Horse Property Management,pro,Mid-Market,true,,OPERATIONS,Calendar conflict detector,true,"Jul 12, 2026, 7:40:50 PM","Jul 12, 2026, 7:40:50 PM"
630c144076877b0034570fe8,Nashville Vacation Homes,pro,SMB,true,,COMMUNICATIONS,Review response drafter,true,"Jul 12, 2026, 6:55:25 PM","Jul 12, 2026, 6:55:25 PM"
630c144076877b0034570fe8,Nashville Vacation Homes,pro,SMB,true,,COMMUNICATIONS,Negative review challenger,true,"Jul 12, 2026, 6:54:57 PM","Jul 12, 2026, 6:54:57 PM"
69fe47335345bf1c5c6bc4e5,Casiola Four Corners,pro,SMB,true,hq_child,OPERATIONS,Inquiry expiry manager,true,"Jul 12, 2026, 6:52:30 PM","Jul 12, 2026, 6:52:30 PM"
69fe47335345bf1c5c6bc4e5,Casiola Four Corners,pro,SMB,true,hq_child,OPERATIONS,Commitment keeper,true,"Jul 12, 2026, 6:52:15 PM","Jul 12, 2026, 6:52:15 PM"
69fe47335345bf1c5c6bc4e5,Casiola Four Corners,pro,SMB,true,hq_child,OPERATIONS,Check-in readiness,true,"Jul 12, 2026, 6:52:04 PM","Jul 12, 2026, 6:52:04 PM"
69fe47335345bf1c5c6bc4e5,Casiola Four Corners,pro,SMB,true,hq_child,COMMUNICATIONS,Saved replies optimizer,true,"Jul 12, 2026, 6:50:59 PM","Jul 12, 2026, 6:50:59 PM"
69fe47335345bf1c5c6bc4e5,Casiola Four Corners,pro,SMB,true,hq_child,COMMUNICATIONS,Review response drafter,true,"Jul 12, 2026, 6:50:27 PM","Jul 12, 2026, 6:50:27 PM"
69fe47335345bf1c5c6bc4e5,Casiola Four Corners,pro,SMB,true,hq_child,COMMUNICATIONS,Negative review challenger,true,"Jul 12, 2026, 6:49:39 PM","Jul 12, 2026, 6:49:39 PM"
697d08cb663b9035ac4ca73a,Mountain Air Cabins and Real Estate,pro,Mid-Market,true,,OPERATIONS,Risky reservation detector,true,"Jul 12, 2026, 6:18:47 PM","Jul 12, 2026, 6:18:47 PM"
697d08cb663b9035ac4ca73a,Mountain Air Cabins and Real Estate,pro,Mid-Market,true,,OPERATIONS,Weekly Operation Brief,true,"Jul 12, 2026, 6:18:34 PM","Jul 12, 2026, 6:18:34 PM"
697d08cb663b9035ac4ca73a,Mountain Air Cabins and Real Estate,pro,Mid-Market,true,,FINANCE,Unpaid reservation tracker,true,"Jul 12, 2026, 6:18:30 PM","Jul 12, 2026, 6:18:30 PM"
697d08cb663b9035ac4ca73a,Mountain Air Cabins and Real Estate,pro,Mid-Market,true,,OPERATIONS,Translation gap filler,true,"Jul 12, 2026, 6:18:27 PM","Jul 12, 2026, 6:18:27 PM"
697d08cb663b9035ac4ca73a,Mountain Air Cabins and Real Estate,pro,Mid-Market,true,,OPERATIONS,Team access review,true,"Jul 12, 2026, 6:18:19 PM","Jul 12, 2026, 6:18:19 PM"
697d08cb663b9035ac4ca73a,Mountain Air Cabins and Real Estate,pro,Mid-Market,true,,FINANCE,Tax Configuration Audit,true,"Jul 12, 2026, 6:18:03 PM","Jul 12, 2026, 6:18:03 PM"
697d08cb663b9035ac4ca73a,Mountain Air Cabins and Real Estate,pro,Mid-Market,true,,FINANCE,Security deposit extender,true,"Jul 12, 2026, 6:17:56 PM","Jul 12, 2026, 6:17:56 PM"
697d08cb663b9035ac4ca73a,Mountain Air Cabins and Real Estate,pro,Mid-Market,true,,OPERATIONS,Stay status reconciler,true,"Jul 12, 2026, 6:17:49 PM","Jul 12, 2026, 6:17:49 PM"
697d08cb663b9035ac4ca73a,Mountain Air Cabins and Real Estate,pro,Mid-Market,true,,COMMUNICATIONS,Saved replies optimizer,true,"Jul 12, 2026, 6:17:37 PM","Jul 12, 2026, 6:17:37 PM"
697d08cb663b9035ac4ca73a,Mountain Air Cabins and Real Estate,pro,Mid-Market,true,,COMMUNICATIONS,Review response drafter,true,"Jul 12, 2026, 6:17:33 PM","Jul 12, 2026, 6:17:33 PM"
697d08cb663b9035ac4ca73a,Mountain Air Cabins and Real Estate,pro,Mid-Market,true,,OPERATIONS,Reservation handoff brief,true,"Jul 12, 2026, 6:17:29 PM","Jul 12, 2026, 6:17:29 PM"
697d08cb663b9035ac4ca73a,Mountain Air Cabins and Real Estate,pro,Mid-Market,true,,OPERATIONS,Review to task dispatcher,true,"Jul 12, 2026, 6:17:25 PM","Jul 12, 2026, 6:17:25 PM"
697d08cb663b9035ac4ca73a,Mountain Air Cabins and Real Estate,pro,Mid-Market,true,,OPERATIONS,Reservation duplicate detector,true,"Jul 12, 2026, 6:17:21 PM","Jul 12, 2026, 6:17:21 PM"
697d08cb663b9035ac4ca73a,Mountain Air Cabins and Real Estate,pro,Mid-Market,true,,OWNER_RELATIONS,Owner payment details collector,true,"Jul 12, 2026, 6:17:15 PM","Jul 12, 2026, 6:17:15 PM"
697d08cb663b9035ac4ca73a,Mountain Air Cabins and Real Estate,pro,Mid-Market,true,,COMMUNICATIONS,Negative review challenger,true,"Jul 12, 2026, 6:17:05 PM","Jul 12, 2026, 6:17:05 PM"
697d08cb663b9035ac4ca73a,Mountain Air Cabins and Real Estate,pro,Mid-Market,true,,OPERATIONS,Maintenance tracker,true,"Jul 12, 2026, 6:16:50 PM","Jul 12, 2026, 6:16:50 PM"
697d08cb663b9035ac4ca73a,Mountain Air Cabins and Real Estate,pro,Mid-Market,true,,OPERATIONS,Inquiry expiry manager,true,"Jul 12, 2026, 6:16:46 PM","Jul 12, 2026, 6:16:46 PM"
697d08cb663b9035ac4ca73a,Mountain Air Cabins and Real Estate,pro,Mid-Market,true,,FINANCE,Fee configuration detector,true,"Jul 12, 2026, 6:16:41 PM","Jul 12, 2026, 6:16:41 PM"
697d08cb663b9035ac4ca73a,Mountain Air Cabins and Real Estate,pro,Mid-Market,true,,OPERATIONS,Daily task coverage board,true,"Jul 12, 2026, 6:16:35 PM","Jul 12, 2026, 6:16:35 PM"
697d08cb663b9035ac4ca73a,Mountain Air Cabins and Real Estate,pro,Mid-Market,true,,OPERATIONS,Commitment keeper,true,"Jul 12, 2026, 6:16:28 PM","Jul 12, 2026, 6:16:28 PM"
697d08cb663b9035ac4ca73a,Mountain Air Cabins and Real Estate,pro,Mid-Market,true,,OPERATIONS,Check-in readiness,true,"Jul 12, 2026, 6:16:22 PM","Jul 12, 2026, 6:16:22 PM"
697d08cb663b9035ac4ca73a,Mountain Air Cabins and Real Estate,pro,Mid-Market,true,,OPERATIONS,Calendar conflict detector,true,"Jul 12, 2026, 6:16:18 PM","Jul 12, 2026, 6:16:18 PM"
697d08cb663b9035ac4ca73a,Mountain Air Cabins and Real Estate,pro,Mid-Market,true,,OPERATIONS,Amenity gap detector,true,"Jul 12, 2026, 6:16:13 PM","Jul 12, 2026, 6:16:13 PM"
65a667e4b9e4d7d58c549b97,"CiCoSolutions Limited ",pro,Mid-Market,true,,ACCOUNTING,Monthly cancelled reservations,true,"Jul 12, 2026, 5:47:45 PM","Jul 12, 2026, 5:47:45 PM"
65a667e4b9e4d7d58c549b97,"CiCoSolutions Limited ",pro,Mid-Market,true,,OPERATIONS,Calendar conflict detector,true,"Jul 12, 2026, 5:46:57 PM","Jul 12, 2026, 5:46:57 PM"
679c2c88f6fab777ee05be5c,PMI Coastal GA,pro,Mid-Market,true,hq_child,FINANCE,Unpaid reservation tracker,true,"Jul 12, 2026, 1:13:27 PM","Jul 12, 2026, 1:13:27 PM"
679c2c88f6fab777ee05be5c,PMI Coastal GA,pro,Mid-Market,true,hq_child,COMMUNICATIONS,Saved replies optimizer,true,"Jul 12, 2026, 1:13:08 PM","Jul 12, 2026, 1:13:08 PM"
679c2c88f6fab777ee05be5c,PMI Coastal GA,pro,Mid-Market,true,hq_child,COMMUNICATIONS,Review response drafter,true,"Jul 12, 2026, 1:12:55 PM","Jul 12, 2026, 1:12:55 PM"
679c2c88f6fab777ee05be5c,PMI Coastal GA,pro,Mid-Market,true,hq_child,OPERATIONS,Reservation duplicate detector,true,"Jul 12, 2026, 1:12:29 PM","Jul 12, 2026, 1:12:29 PM"
679c2c88f6fab777ee05be5c,PMI Coastal GA,pro,Mid-Market,true,hq_child,COMMUNICATIONS,Negative review challenger,true,"Jul 12, 2026, 1:12:02 PM","Jul 12, 2026, 1:12:02 PM"
679c2c88f6fab777ee05be5c,PMI Coastal GA,pro,Mid-Market,true,hq_child,OPERATIONS,Inquiry expiry manager,true,"Jul 12, 2026, 1:11:31 PM","Jul 12, 2026, 1:11:31 PM"
679c2c88f6fab777ee05be5c,PMI Coastal GA,pro,Mid-Market,true,hq_child,OPERATIONS,Commitment keeper,true,"Jul 12, 2026, 1:11:06 PM","Jul 12, 2026, 1:11:06 PM"
69fe1fdc24db941f82ebffa7,"Next Level Host, LLC",pro,Mid-Market,true,,OPERATIONS,Weekly Operation Brief,true,"Jul 12, 2026, 1:10:40 PM","Jul 12, 2026, 1:10:40 PM"
69fe1fdc24db941f82ebffa7,"Next Level Host, LLC",pro,Mid-Market,true,,FINANCE,Unpaid reservation tracker,true,"Jul 12, 2026, 1:10:33 PM","Jul 12, 2026, 1:10:33 PM"
69fe1fdc24db941f82ebffa7,"Next Level Host, LLC",pro,Mid-Market,true,,OPERATIONS,Translation gap filler,true,"Jul 12, 2026, 1:10:30 PM","Jul 12, 2026, 1:10:30 PM"
69fe1fdc24db941f82ebffa7,"Next Level Host, LLC",pro,Mid-Market,true,,OPERATIONS,Team access review,true,"Jul 12, 2026, 1:10:26 PM","Jul 12, 2026, 1:10:26 PM"
69fe1fdc24db941f82ebffa7,"Next Level Host, LLC",pro,Mid-Market,true,,FINANCE,Tax Configuration Audit,true,"Jul 12, 2026, 1:10:18 PM","Jul 12, 2026, 1:10:18 PM"
69fe1fdc24db941f82ebffa7,"Next Level Host, LLC",pro,Mid-Market,true,,OPERATIONS,Stay status reconciler,true,"Jul 12, 2026, 1:10:11 PM","Jul 12, 2026, 1:10:11 PM"
69fe1fdc24db941f82ebffa7,"Next Level Host, LLC",pro,Mid-Market,true,,COMMUNICATIONS,Saved replies optimizer,true,"Jul 12, 2026, 1:10:04 PM","Jul 12, 2026, 1:10:04 PM"
69fe1fdc24db941f82ebffa7,"Next Level Host, LLC",pro,Mid-Market,true,,OPERATIONS,Risky reservation detector,true,"Jul 12, 2026, 1:09:58 PM","Jul 12, 2026, 1:09:58 PM"
69fe1fdc24db941f82ebffa7,"Next Level Host, LLC",pro,Mid-Market,true,,OPERATIONS,Review to task dispatcher,true,"Jul 12, 2026, 1:09:54 PM","Jul 12, 2026, 1:09:54 PM"
69fe1fdc24db941f82ebffa7,"Next Level Host, LLC",pro,Mid-Market,true,,COMMUNICATIONS,Review response drafter,true,"Jul 12, 2026, 1:09:48 PM","Jul 12, 2026, 1:09:48 PM"
69fe1fdc24db941f82ebffa7,"Next Level Host, LLC",pro,Mid-Market,true,,OPERATIONS,Reservation handoff brief,true,"Jul 12, 2026, 1:09:40 PM","Jul 12, 2026, 1:09:40 PM"
69fe1fdc24db941f82ebffa7,"Next Level Host, LLC",pro,Mid-Market,true,,OPERATIONS,Reservation duplicate detector,true,"Jul 12, 2026, 1:09:32 PM","Jul 12, 2026, 1:09:32 PM"
69fe1fdc24db941f82ebffa7,"Next Level Host, LLC",pro,Mid-Market,true,,OWNER_RELATIONS,Owner payment details collector,true,"Jul 12, 2026, 1:09:26 PM","Jul 12, 2026, 1:09:26 PM"
69fe1fdc24db941f82ebffa7,"Next Level Host, LLC",pro,Mid-Market,true,,COMMUNICATIONS,Negative review challenger,true,"Jul 12, 2026, 1:09:17 PM","Jul 12, 2026, 1:09:17 PM"
69fe1fdc24db941f82ebffa7,"Next Level Host, LLC",pro,Mid-Market,true,,ACCOUNTING,Monthly cancelled reservations,true,"Jul 12, 2026, 1:09:08 PM","Jul 12, 2026, 1:09:08 PM"
69fe1fdc24db941f82ebffa7,"Next Level Host, LLC",pro,Mid-Market,true,,OPERATIONS,Maintenance tracker,true,"Jul 12, 2026, 1:09:00 PM","Jul 12, 2026, 1:09:00 PM"
69fe1fdc24db941f82ebffa7,"Next Level Host, LLC",pro,Mid-Market,true,,OPERATIONS,Inquiry expiry manager,true,"Jul 12, 2026, 1:08:53 PM","Jul 12, 2026, 1:08:53 PM"
69fe1fdc24db941f82ebffa7,"Next Level Host, LLC",pro,Mid-Market,true,,FINANCE,Fee configuration detector,true,"Jul 12, 2026, 1:08:48 PM","Jul 12, 2026, 1:08:48 PM"
69fe1fdc24db941f82ebffa7,"Next Level Host, LLC",pro,Mid-Market,true,,OPERATIONS,Daily task coverage board,true,"Jul 12, 2026, 1:08:38 PM","Jul 12, 2026, 1:08:38 PM"
69fe1fdc24db941f82ebffa7,"Next Level Host, LLC",pro,Mid-Market,true,,OPERATIONS,Commitment keeper,true,"Jul 12, 2026, 1:08:29 PM","Jul 12, 2026, 1:08:29 PM"
69fe1fdc24db941f82ebffa7,"Next Level Host, LLC",pro,Mid-Market,true,,OPERATIONS,Check-in readiness,true,"Jul 12, 2026, 1:08:21 PM","Jul 12, 2026, 1:08:21 PM"
69fe1fdc24db941f82ebffa7,"Next Level Host, LLC",pro,Mid-Market,true,,OPERATIONS,Calendar conflict detector,true,"Jul 12, 2026, 1:08:09 PM","Jul 12, 2026, 1:08:09 PM"
69fe1fdc24db941f82ebffa7,"Next Level Host, LLC",pro,Mid-Market,true,,OPERATIONS,Amenity gap detector,true,"Jul 12, 2026, 1:08:02 PM","Jul 12, 2026, 1:08:02 PM"
677364cf309e10ff8a2b7823,stay albatross,pro,Mid-Market,true,,OPERATIONS,Weekly Operation Brief,true,"Jul 12, 2026, 12:25:27 AM","Jul 12, 2026, 12:25:27 AM"
677364cf309e10ff8a2b7823,stay albatross,pro,Mid-Market,true,,FINANCE,Unpaid reservation tracker,true,"Jul 12, 2026, 12:25:15 AM","Jul 12, 2026, 12:25:15 AM"
677364cf309e10ff8a2b7823,stay albatross,pro,Mid-Market,true,,OPERATIONS,Risky reservation detector,true,"Jul 12, 2026, 12:24:41 AM","Jul 12, 2026, 12:24:41 AM"
677364cf309e10ff8a2b7823,stay albatross,pro,Mid-Market,true,,COMMUNICATIONS,Negative review challenger,true,"Jul 12, 2026, 12:24:14 AM","Jul 12, 2026, 12:24:14 AM"
677364cf309e10ff8a2b7823,stay albatross,pro,Mid-Market,true,,OPERATIONS,Check-in readiness,true,"Jul 12, 2026, 12:23:37 AM","Jul 12, 2026, 12:23:37 AM"
677364cf309e10ff8a2b7823,stay albatross,pro,Mid-Market,true,,OPERATIONS,Calendar conflict detector,true,"Jul 12, 2026, 12:23:30 AM","Jul 12, 2026, 12:23:30 AM"
677364cf309e10ff8a2b7823,stay albatross,pro,Mid-Market,true,,OPERATIONS,Amenity gap detector,true,"Jul 12, 2026, 12:23:26 AM","Jul 12, 2026, 12:23:26 AM"
677364cf309e10ff8a2b7823,stay albatross,pro,Mid-Market,true,,ACCOUNTING,Advance deposit checker,true,"Jul 12, 2026, 12:23:19 AM","Jul 12, 2026, 12:23:19 AM"
6982112b53b1f96a082bd86a,STL Stays,pro,Mid-Market,true,,FINANCE,Security deposit extender,true,"Jul 11, 2026, 9:21:01 PM","Jul 11, 2026, 9:21:01 PM"
6982112b53b1f96a082bd86a,STL Stays,pro,Mid-Market,true,,OPERATIONS,Review to task dispatcher,true,"Jul 11, 2026, 9:20:46 PM","Jul 11, 2026, 9:20:46 PM"
6982112b53b1f96a082bd86a,STL Stays,pro,Mid-Market,true,,OPERATIONS,Check-in readiness,true,"Jul 11, 2026, 9:20:26 PM","Jul 11, 2026, 9:20:26 PM"
6982112b53b1f96a082bd86a,STL Stays,pro,Mid-Market,true,,ACCOUNTING,Advance deposit checker,true,"Jul 11, 2026, 9:20:18 PM","Jul 11, 2026, 9:20:18 PM"
6982112b53b1f96a082bd86a,STL Stays,pro,Mid-Market,true,,OPERATIONS,Amenity gap detector,true,"Jul 11, 2026, 9:20:13 PM","Jul 11, 2026, 9:20:13 PM"
6982112b53b1f96a082bd86a,STL Stays,pro,Mid-Market,true,,COMMUNICATIONS,Saved replies optimizer,true,"Jul 11, 2026, 9:19:15 PM","Jul 11, 2026, 9:19:15 PM"
6982112b53b1f96a082bd86a,STL Stays,pro,Mid-Market,true,,OPERATIONS,Translation gap filler,true,"Jul 11, 2026, 9:18:46 PM","Jul 11, 2026, 9:18:46 PM"
6982112b53b1f96a082bd86a,STL Stays,pro,Mid-Market,true,,FINANCE,Unpaid reservation tracker,true,"Jul 11, 2026, 9:18:35 PM","Jul 11, 2026, 9:18:35 PM"
6982112b53b1f96a082bd86a,STL Stays,pro,Mid-Market,true,,OPERATIONS,Team access review,true,"Jul 11, 2026, 9:18:19 PM","Jul 11, 2026, 9:18:19 PM"
6982112b53b1f96a082bd86a,STL Stays,pro,Mid-Market,true,,OPERATIONS,Reservation duplicate detector,true,"Jul 11, 2026, 9:18:04 PM","Jul 11, 2026, 9:18:04 PM"
6982112b53b1f96a082bd86a,STL Stays,pro,Mid-Market,true,,COMMUNICATIONS,Review response drafter,true,"Jul 11, 2026, 9:17:46 PM","Jul 11, 2026, 9:17:46 PM"
6982112b53b1f96a082bd86a,STL Stays,pro,Mid-Market,true,,OWNER_RELATIONS,Owner payment details collector,true,"Jul 11, 2026, 9:17:31 PM","Jul 11, 2026, 9:17:31 PM"
6982112b53b1f96a082bd86a,STL Stays,pro,Mid-Market,true,,COMMUNICATIONS,Negative review challenger,true,"Jul 11, 2026, 9:17:23 PM","Jul 11, 2026, 9:17:23 PM"
6982112b53b1f96a082bd86a,STL Stays,pro,Mid-Market,true,,OPERATIONS,Inquiry expiry manager,true,"Jul 11, 2026, 9:17:05 PM","Jul 11, 2026, 9:17:05 PM"
6982112b53b1f96a082bd86a,STL Stays,pro,Mid-Market,true,,OPERATIONS,Daily task coverage board,true,"Jul 11, 2026, 9:16:49 PM","Jul 11, 2026, 9:16:49 PM"
6982112b53b1f96a082bd86a,STL Stays,pro,Mid-Market,true,,OPERATIONS,Commitment keeper,true,"Jul 11, 2026, 9:16:37 PM","Jul 11, 2026, 9:16:37 PM"
6982112b53b1f96a082bd86a,STL Stays,pro,Mid-Market,true,,OPERATIONS,Calendar conflict detector,true,"Jul 11, 2026, 9:16:24 PM","Jul 11, 2026, 9:16:24 PM"
64d55cb7ce67eb04531a85a4,"Travel Luxe Vacation Rental Management, LLC",pro,Mid-Market,true,,OPERATIONS,Amenity gap detector,true,"Jul 11, 2026, 8:53:25 PM","Jul 11, 2026, 8:53:25 PM"
64d55cb7ce67eb04531a85a4,"Travel Luxe Vacation Rental Management, LLC",pro,Mid-Market,true,,FINANCE,Security deposit extender,true,"Jul 11, 2026, 8:53:09 PM","Jul 11, 2026, 8:53:09 PM"
64d55cb7ce67eb04531a85a4,"Travel Luxe Vacation Rental Management, LLC",pro,Mid-Market,true,,FINANCE,Unpaid reservation tracker,true,"Jul 11, 2026, 8:52:58 PM","Jul 11, 2026, 8:52:58 PM"
64d55cb7ce67eb04531a85a4,"Travel Luxe Vacation Rental Management, LLC",pro,Mid-Market,true,,COMMUNICATIONS,Saved replies optimizer,true,"Jul 11, 2026, 8:52:38 PM","Jul 11, 2026, 8:52:38 PM"
64d55cb7ce67eb04531a85a4,"Travel Luxe Vacation Rental Management, LLC",pro,Mid-Market,true,,OPERATIONS,Translation gap filler,true,"Jul 11, 2026, 8:51:18 PM","Jul 11, 2026, 8:51:18 PM"
64d55cb7ce67eb04531a85a4,"Travel Luxe Vacation Rental Management, LLC",pro,Mid-Market,true,,OPERATIONS,Risky reservation detector,true,"Jul 11, 2026, 8:51:09 PM","Jul 11, 2026, 8:51:09 PM"
64d55cb7ce67eb04531a85a4,"Travel Luxe Vacation Rental Management, LLC",pro,Mid-Market,true,,OPERATIONS,Commitment keeper,true,"Jul 11, 2026, 8:49:08 PM","Jul 11, 2026, 8:49:08 PM"
64d55cb7ce67eb04531a85a4,"Travel Luxe Vacation Rental Management, LLC",pro,Mid-Market,true,,OPERATIONS,Check-in readiness,false,"Jul 11, 2026, 8:48:56 PM","Jul 13, 2026, 2:21:49 PM"
69f38857e330761c405c9473,cream one s.r.o.,pro,SMB,true,,OPERATIONS,Team access review,true,"Jul 11, 2026, 7:18:49 PM","Jul 11, 2026, 7:18:49 PM"
69f38857e330761c405c9473,cream one s.r.o.,pro,SMB,true,,OPERATIONS,Weekly Operation Brief,true,"Jul 11, 2026, 7:18:38 PM","Jul 11, 2026, 7:18:38 PM"
69f38857e330761c405c9473,cream one s.r.o.,pro,SMB,true,,FINANCE,Unpaid reservation tracker,true,"Jul 11, 2026, 6:57:10 PM","Jul 11, 2026, 6:57:10 PM"
69f38857e330761c405c9473,cream one s.r.o.,pro,SMB,true,,OWNER_RELATIONS,Owner payment details collector,true,"Jul 11, 2026, 6:56:49 PM","Jul 11, 2026, 6:56:49 PM"
69f38857e330761c405c9473,cream one s.r.o.,pro,SMB,true,,OPERATIONS,Calendar conflict detector,true,"Jul 11, 2026, 6:56:28 PM","Jul 11, 2026, 6:56:28 PM"
6536e701dc41f79f2ebae0fb,"What matters, we host.",pro,Mid-Market,true,,OPERATIONS,Daily task coverage board,true,"Jul 11, 2026, 4:28:15 PM","Jul 11, 2026, 4:28:15 PM"
6536e701dc41f79f2ebae0fb,"What matters, we host.",pro,Mid-Market,true,,COMMUNICATIONS,Saved replies optimizer,true,"Jul 11, 2026, 4:28:01 PM","Jul 11, 2026, 4:28:01 PM"
68f72d1b669647d6ff17de0a,Laydo Lodges,pro,SMB,true,,OPERATIONS,Daily task coverage board,true,"Jul 11, 2026, 2:10:00 PM","Jul 11, 2026, 2:10:00 PM"
68f72d1b669647d6ff17de0a,Laydo Lodges,pro,SMB,true,,OPERATIONS,Check-in readiness,true,"Jul 11, 2026, 2:04:18 PM","Jul 11, 2026, 2:04:18 PM"
6824de7a9bf7f8c07ec23e87,The Penthouse at Grand Plaza,pro,Mid-Market,true,,OPERATIONS,Weekly Operation Brief,true,"Jul 11, 2026, 11:29:22 AM","Jul 11, 2026, 11:29:22 AM"
6824de7a9bf7f8c07ec23e87,The Penthouse at Grand Plaza,pro,Mid-Market,true,,OPERATIONS,Risky reservation detector,true,"Jul 11, 2026, 11:28:49 AM","Jul 11, 2026, 11:28:49 AM"
699699720e798385617b4d65,Whistler Breaks Vacation Rentals Ltd,pro,Mid-Market,true,,FINANCE,Unpaid reservation tracker,true,"Jul 11, 2026, 4:39:05 AM","Jul 11, 2026, 4:39:05 AM"
68dc0ec1ea1895d9005ea5b5,Jaco Homes,pro,Mid-Market,true,,COMMUNICATIONS,Saved replies optimizer,true,"Jul 11, 2026, 4:11:26 AM","Jul 11, 2026, 4:11:26 AM"
68dc0ec1ea1895d9005ea5b5,Jaco Homes,pro,Mid-Market,true,,COMMUNICATIONS,Review response drafter,true,"Jul 11, 2026, 4:10:54 AM","Jul 11, 2026, 4:10:54 AM"
68dc0ec1ea1895d9005ea5b5,Jaco Homes,pro,Mid-Market,true,,COMMUNICATIONS,Negative review challenger,true,"Jul 11, 2026, 4:10:37 AM","Jul 11, 2026, 4:10:37 AM"
68dc0ec1ea1895d9005ea5b5,Jaco Homes,pro,Mid-Market,true,,OPERATIONS,Weekly Operation Brief,true,"Jul 11, 2026, 4:09:52 AM","Jul 11, 2026, 4:09:52 AM"
68dc0ec1ea1895d9005ea5b5,Jaco Homes,pro,Mid-Market,true,,OPERATIONS,Team access review,true,"Jul 11, 2026, 4:08:56 AM","Jul 11, 2026, 4:08:56 AM"
68dc0ec1ea1895d9005ea5b5,Jaco Homes,pro,Mid-Market,true,,OPERATIONS,Reservation duplicate detector,true,"Jul 11, 2026, 4:07:44 AM","Jul 11, 2026, 4:07:44 AM"
68dc0ec1ea1895d9005ea5b5,Jaco Homes,pro,Mid-Market,true,,OPERATIONS,Inquiry expiry manager,true,"Jul 11, 2026, 4:05:36 AM","Jul 11, 2026, 4:05:36 AM"
697cf07e97c71aa6720b0e9b,Asesoria e Inversiones Riverso Andes SPA,pro,Mid-Market,true,,FINANCE,Fee configuration detector,true,"Jul 10, 2026, 11:43:15 PM","Jul 10, 2026, 11:43:15 PM"
605dc8bcc124b6002cbc9e89,Liiiving,pro,Mid-Market,true,,OPERATIONS,Weekly Operation Brief,true,"Jul 10, 2026, 11:26:34 PM","Jul 10, 2026, 11:26:34 PM"
605dc8bcc124b6002cbc9e89,Liiiving,pro,Mid-Market,true,,OPERATIONS,Reservation duplicate detector,true,"Jul 10, 2026, 11:26:06 PM","Jul 10, 2026, 11:26:06 PM"
605dc8bcc124b6002cbc9e89,Liiiving,pro,Mid-Market,true,,OPERATIONS,Inquiry expiry manager,true,"Jul 10, 2026, 10:26:21 PM","Jul 10, 2026, 10:26:21 PM"
605dc8bcc124b6002cbc9e89,Liiiving,pro,Mid-Market,true,,OPERATIONS,Calendar conflict detector,true,"Jul 10, 2026, 10:25:32 PM","Jul 10, 2026, 10:25:32 PM"
691d1c4f480d366aee7b7923,Midway Vacations,pro,SME,true,,OPERATIONS,Weekly Operation Brief,true,"Jul 10, 2026, 10:06:31 PM","Jul 10, 2026, 10:06:31 PM"
69f399e1a36ffdd1068688cc,Blue Puffin Stays LTD,pro,Mid-Market,true,,OPERATIONS,Translation gap filler,true,"Jul 10, 2026, 8:56:14 PM","Jul 10, 2026, 8:56:14 PM"
69f399e1a36ffdd1068688cc,Blue Puffin Stays LTD,pro,Mid-Market,true,,OPERATIONS,Weekly Operation Brief,true,"Jul 10, 2026, 8:56:08 PM","Jul 10, 2026, 8:56:08 PM"
69f399e1a36ffdd1068688cc,Blue Puffin Stays LTD,pro,Mid-Market,true,,OPERATIONS,Reservation duplicate detector,true,"Jul 10, 2026, 8:55:59 PM","Jul 10, 2026, 8:55:59 PM"
69f399e1a36ffdd1068688cc,Blue Puffin Stays LTD,pro,Mid-Market,true,,OPERATIONS,Commitment keeper,true,"Jul 10, 2026, 8:55:47 PM","Jul 10, 2026, 8:55:47 PM"
69f399e1a36ffdd1068688cc,Blue Puffin Stays LTD,pro,Mid-Market,true,,FINANCE,Fee configuration detector,true,"Jul 10, 2026, 8:55:31 PM","Jul 10, 2026, 8:55:31 PM"
69f399e1a36ffdd1068688cc,Blue Puffin Stays LTD,pro,Mid-Market,true,,OPERATIONS,Amenity gap detector,true,"Jul 10, 2026, 8:54:42 PM","Jul 10, 2026, 8:54:42 PM"
69f399e1a36ffdd1068688cc,Blue Puffin Stays LTD,pro,Mid-Market,true,,OPERATIONS,Risky reservation detector,true,"Jul 10, 2026, 8:54:17 PM","Jul 10, 2026, 8:54:17 PM"
69f399e1a36ffdd1068688cc,Blue Puffin Stays LTD,pro,Mid-Market,true,,COMMUNICATIONS,Negative review challenger,true,"Jul 10, 2026, 8:53:58 PM","Jul 10, 2026, 8:53:58 PM"
68f6332c669647d6ff17ddb7,DoCo Vacations,pro,SME,true,,FINANCE,Unpaid reservation tracker,true,"Jul 10, 2026, 8:37:52 PM","Jul 10, 2026, 8:37:52 PM"
64ac4ed558fd69003fb7e3a4,GueStay Properties,pro,SMB,true,hq_child,OPERATIONS,Stay status reconciler,true,"Jul 10, 2026, 7:45:48 PM","Jul 10, 2026, 7:45:48 PM"
64ac4ed558fd69003fb7e3a4,GueStay Properties,pro,SMB,true,hq_child,OPERATIONS,Maintenance tracker,true,"Jul 10, 2026, 7:40:11 PM","Jul 10, 2026, 7:40:11 PM"
65a667e4b9e4d7d58c549b97,"CiCoSolutions Limited ",pro,Mid-Market,true,,OPERATIONS,Check-in readiness,false,"Jul 10, 2026, 7:31:21 PM","Jul 12, 2026, 5:52:57 PM"
65a667e4b9e4d7d58c549b97,"CiCoSolutions Limited ",pro,Mid-Market,true,,ACCOUNTING,Advance deposit checker,true,"Jul 10, 2026, 7:30:57 PM","Jul 10, 2026, 7:30:57 PM"
65a667e4b9e4d7d58c549b97,"CiCoSolutions Limited ",pro,Mid-Market,true,,OPERATIONS,Team access review,true,"Jul 10, 2026, 7:30:18 PM","Jul 10, 2026, 7:30:18 PM"
65a667e4b9e4d7d58c549b97,"CiCoSolutions Limited ",pro,Mid-Market,true,,OPERATIONS,Weekly Operation Brief,true,"Jul 10, 2026, 7:29:57 PM","Jul 10, 2026, 7:29:57 PM"
5d0ad220923bcf001fbf0f27,goldnest,pro,SME,true,,OPERATIONS,Reservation duplicate detector,true,"Jul 10, 2026, 5:48:30 PM","Jul 10, 2026, 5:48:30 PM"
5d0ad220923bcf001fbf0f27,goldnest,pro,SME,true,,OPERATIONS,Reservation handoff brief,true,"Jul 10, 2026, 5:48:14 PM","Jul 10, 2026, 5:48:14 PM"
5d0ad220923bcf001fbf0f27,goldnest,pro,SME,true,,OPERATIONS,Amenity gap detector,true,"Jul 10, 2026, 5:47:08 PM","Jul 10, 2026, 5:47:08 PM"
5d0ad220923bcf001fbf0f27,goldnest,pro,SME,true,,FINANCE,Unpaid reservation tracker,true,"Jul 10, 2026, 5:45:16 PM","Jul 10, 2026, 5:45:16 PM"
5d0ad220923bcf001fbf0f27,goldnest,pro,SME,true,,FINANCE,Tax Configuration Audit,true,"Jul 10, 2026, 5:44:32 PM","Jul 10, 2026, 5:44:32 PM"
5d0ad220923bcf001fbf0f27,goldnest,pro,SME,true,,FINANCE,Security deposit extender,true,"Jul 10, 2026, 5:43:59 PM","Jul 10, 2026, 5:43:59 PM"
5d0ad220923bcf001fbf0f27,goldnest,pro,SME,true,,OPERATIONS,Stay status reconciler,true,"Jul 10, 2026, 5:42:36 PM","Jul 10, 2026, 5:42:36 PM"
668416f75cf364d3f1d4fc02,La Loge du Bassin,pro,SMB,true,,OPERATIONS,Risky reservation detector,true,"Jul 10, 2026, 5:42:02 PM","Jul 10, 2026, 5:42:02 PM"
5d0ad220923bcf001fbf0f27,goldnest,pro,SME,true,,OPERATIONS,Weekly Operation Brief,true,"Jul 10, 2026, 5:41:36 PM","Jul 10, 2026, 5:41:36 PM"
668416f75cf364d3f1d4fc02,La Loge du Bassin,pro,SMB,true,,ACCOUNTING,Monthly cancelled reservations,true,"Jul 10, 2026, 5:41:00 PM","Jul 10, 2026, 5:41:00 PM"
668416f75cf364d3f1d4fc02,La Loge du Bassin,pro,SMB,true,,ACCOUNTING,Advance deposit checker,true,"Jul 10, 2026, 5:40:53 PM","Jul 10, 2026, 5:40:53 PM"
5d0ad220923bcf001fbf0f27,goldnest,pro,SME,true,,OPERATIONS,Calendar conflict detector,true,"Jul 10, 2026, 5:40:35 PM","Jul 10, 2026, 5:40:35 PM"
5d0ad220923bcf001fbf0f27,goldnest,pro,SME,true,,OPERATIONS,Commitment keeper,true,"Jul 10, 2026, 5:40:24 PM","Jul 10, 2026, 5:40:24 PM"
668416f75cf364d3f1d4fc02,La Loge du Bassin,pro,SMB,true,,FINANCE,Unpaid reservation tracker,true,"Jul 10, 2026, 5:39:22 PM","Jul 10, 2026, 5:39:22 PM"
5d0ad220923bcf001fbf0f27,goldnest,pro,SME,true,,OPERATIONS,Inquiry expiry manager,true,"Jul 10, 2026, 5:39:12 PM","Jul 10, 2026, 5:39:12 PM"
5d0ad220923bcf001fbf0f27,goldnest,pro,SME,true,,OPERATIONS,Team access review,true,"Jul 10, 2026, 5:38:30 PM","Jul 10, 2026, 5:38:30 PM"
5d0ad220923bcf001fbf0f27,goldnest,pro,SME,true,,OPERATIONS,Risky reservation detector,true,"Jul 10, 2026, 5:37:59 PM","Jul 10, 2026, 5:37:59 PM"
5d0ad220923bcf001fbf0f27,goldnest,pro,SME,true,,COMMUNICATIONS,Review response drafter,true,"Jul 10, 2026, 5:26:57 PM","Jul 10, 2026, 5:26:57 PM"
5d0ad220923bcf001fbf0f27,goldnest,pro,SME,true,,COMMUNICATIONS,Negative review challenger,true,"Jul 10, 2026, 5:26:06 PM","Jul 10, 2026, 5:26:06 PM"
68f7babc669647d6ff17de31,david@alpinerp.com,pro,SMB,true,,COMMUNICATIONS,Negative review challenger,true,"Jul 10, 2026, 5:24:31 PM","Jul 10, 2026, 5:24:31 PM"
66d740a1580ac4aef92cd393,Boutique Mexico Villas,pro,SMB,true,,OPERATIONS,Risky reservation detector,true,"Jul 10, 2026, 4:16:55 PM","Jul 10, 2026, 4:16:55 PM"
66d740a1580ac4aef92cd393,Boutique Mexico Villas,pro,SMB,true,,OPERATIONS,Review to task dispatcher,true,"Jul 10, 2026, 4:16:35 PM","Jul 10, 2026, 4:16:35 PM"
66d740a1580ac4aef92cd393,Boutique Mexico Villas,pro,SMB,true,,OPERATIONS,Reservation duplicate detector,true,"Jul 10, 2026, 4:15:11 PM","Jul 10, 2026, 4:15:11 PM"
66d740a1580ac4aef92cd393,Boutique Mexico Villas,pro,SMB,true,,OPERATIONS,Commitment keeper,true,"Jul 10, 2026, 4:14:23 PM","Jul 10, 2026, 4:14:23 PM"
66d740a1580ac4aef92cd393,Boutique Mexico Villas,pro,SMB,true,,COMMUNICATIONS,Saved replies optimizer,true,"Jul 10, 2026, 4:06:39 PM","Jul 10, 2026, 4:06:39 PM"
66d740a1580ac4aef92cd393,Boutique Mexico Villas,pro,SMB,true,,COMMUNICATIONS,Review response drafter,true,"Jul 10, 2026, 4:06:12 PM","Jul 10, 2026, 4:06:12 PM"
66d740a1580ac4aef92cd393,Boutique Mexico Villas,pro,SMB,true,,OPERATIONS,Calendar conflict detector,true,"Jul 10, 2026, 3:59:30 PM","Jul 10, 2026, 3:59:30 PM"
64139ff3c65440002b13309c,openroadstays,pro,Mid-Market,true,,FINANCE,Tax Configuration Audit,true,"Jul 10, 2026, 3:58:51 PM","Jul 10, 2026, 3:58:51 PM"
5ace5614361a370024403cf2,Victor Feria,pro,Mid-Market,true,,COMMUNICATIONS,Review response drafter,true,"Jul 10, 2026, 3:58:47 PM","Jul 10, 2026, 3:58:47 PM"
64139ff3c65440002b13309c,openroadstays,pro,Mid-Market,true,,OPERATIONS,Risky reservation detector,true,"Jul 10, 2026, 3:58:41 PM","Jul 10, 2026, 3:58:41 PM"
5ace5614361a370024403cf2,Victor Feria,pro,Mid-Market,true,,COMMUNICATIONS,Saved replies optimizer,true,"Jul 10, 2026, 3:58:31 PM","Jul 10, 2026, 3:58:31 PM"
64139ff3c65440002b13309c,openroadstays,pro,Mid-Market,true,,OPERATIONS,Reservation handoff brief,true,"Jul 10, 2026, 3:58:27 PM","Jul 10, 2026, 3:58:27 PM"
68502ae069052da60a37bb35,PMI Grand Partners,pro,SMB,true,hq_child,OWNER_RELATIONS,Owner payment details collector,true,"Jul 10, 2026, 3:49:02 PM","Jul 10, 2026, 3:49:02 PM"
5ace5614361a370024403cf2,Victor Feria,pro,Mid-Market,true,,COMMUNICATIONS,Negative review challenger,true,"Jul 10, 2026, 3:23:27 PM","Jul 10, 2026, 3:23:27 PM"
64d55cb7ce67eb04531a85a4,"Travel Luxe Vacation Rental Management, LLC",pro,Mid-Market,true,,OPERATIONS,Daily task coverage board,true,"Jul 10, 2026, 3:10:49 PM","Jul 10, 2026, 3:10:49 PM"
64d55cb7ce67eb04531a85a4,"Travel Luxe Vacation Rental Management, LLC",pro,Mid-Market,true,,OPERATIONS,Inquiry expiry manager,true,"Jul 10, 2026, 3:10:41 PM","Jul 10, 2026, 3:10:41 PM"
64d55cb7ce67eb04531a85a4,"Travel Luxe Vacation Rental Management, LLC",pro,Mid-Market,true,,OPERATIONS,Maintenance tracker,true,"Jul 10, 2026, 3:07:27 PM","Jul 10, 2026, 3:07:27 PM"
64d55cb7ce67eb04531a85a4,"Travel Luxe Vacation Rental Management, LLC",pro,Mid-Market,true,,OPERATIONS,Weekly Operation Brief,true,"Jul 10, 2026, 3:07:04 PM","Jul 10, 2026, 3:07:04 PM"
697b6d7018d47177e4626409,360 Suítes,enterprise,Enterprise,true,hq_child,OPERATIONS,Calendar conflict detector,true,"Jul 10, 2026, 2:47:29 PM","Jul 10, 2026, 2:47:29 PM"
5ca75ba6e2a6e700216d3ef2,Seven Living,pro,Mid-Market,true,,OPERATIONS,Maintenance tracker,true,"Jul 10, 2026, 11:19:51 AM","Jul 10, 2026, 11:19:51 AM"
696e041db558d35d8ff05dbb,Chimento Properties,pro,SMB,true,,ACCOUNTING,Monthly cancelled reservations,true,"Jul 10, 2026, 10:25:39 AM","Jul 10, 2026, 10:25:39 AM"
696e041db558d35d8ff05dbb,Chimento Properties,pro,SMB,true,,OPERATIONS,Review to task dispatcher,true,"Jul 10, 2026, 10:25:18 AM","Jul 10, 2026, 10:25:18 AM"
696e041db558d35d8ff05dbb,Chimento Properties,pro,SMB,true,,OPERATIONS,Risky reservation detector,true,"Jul 10, 2026, 10:24:24 AM","Jul 10, 2026, 10:24:24 AM"
696e041db558d35d8ff05dbb,Chimento Properties,pro,SMB,true,,OPERATIONS,Inquiry expiry manager,true,"Jul 10, 2026, 10:22:21 AM","Jul 10, 2026, 10:22:21 AM"
696e041db558d35d8ff05dbb,Chimento Properties,pro,SMB,true,,OPERATIONS,Check-in readiness,true,"Jul 10, 2026, 10:20:00 AM","Jul 10, 2026, 10:20:00 AM"
696e041db558d35d8ff05dbb,Chimento Properties,pro,SMB,true,,OPERATIONS,Calendar conflict detector,true,"Jul 10, 2026, 10:19:35 AM","Jul 10, 2026, 10:19:35 AM"
696e041db558d35d8ff05dbb,Chimento Properties,pro,SMB,true,,OPERATIONS,Amenity gap detector,true,"Jul 10, 2026, 10:17:49 AM","Jul 10, 2026, 10:17:49 AM"
696e041db558d35d8ff05dbb,Chimento Properties,pro,SMB,true,,OPERATIONS,Translation gap filler,true,"Jul 10, 2026, 10:11:23 AM","Jul 10, 2026, 10:11:23 AM"
696e041db558d35d8ff05dbb,Chimento Properties,pro,SMB,true,,OPERATIONS,Team access review,true,"Jul 10, 2026, 10:10:56 AM","Jul 10, 2026, 10:10:56 AM"
696e041db558d35d8ff05dbb,Chimento Properties,pro,SMB,true,,OPERATIONS,Weekly Operation Brief,true,"Jul 10, 2026, 10:10:28 AM","Jul 10, 2026, 10:10:28 AM"
696e041db558d35d8ff05dbb,Chimento Properties,pro,SMB,true,,COMMUNICATIONS,Review response drafter,true,"Jul 10, 2026, 9:55:32 AM","Jul 10, 2026, 9:55:32 AM"
696e041db558d35d8ff05dbb,Chimento Properties,pro,SMB,true,,COMMUNICATIONS,Saved replies optimizer,true,"Jul 10, 2026, 9:54:53 AM","Jul 10, 2026, 9:54:53 AM"
696e041db558d35d8ff05dbb,Chimento Properties,pro,SMB,true,,COMMUNICATIONS,Negative review challenger,true,"Jul 10, 2026, 9:54:03 AM","Jul 10, 2026, 9:54:03 AM"
685c51f8b12c774daba24d86,Mi.Re Project LLC,pro,Mid-Market,true,,COMMUNICATIONS,Saved replies optimizer,true,"Jul 10, 2026, 9:17:31 AM","Jul 10, 2026, 9:17:31 AM"
685c51f8b12c774daba24d86,Mi.Re Project LLC,pro,Mid-Market,true,,COMMUNICATIONS,Review response drafter,true,"Jul 10, 2026, 9:17:23 AM","Jul 10, 2026, 9:17:23 AM"
685c51f8b12c774daba24d86,Mi.Re Project LLC,pro,Mid-Market,true,,COMMUNICATIONS,Negative review challenger,true,"Jul 10, 2026, 9:17:04 AM","Jul 10, 2026, 9:17:04 AM"
685c51f8b12c774daba24d86,Mi.Re Project LLC,pro,Mid-Market,true,,OPERATIONS,Inquiry expiry manager,true,"Jul 10, 2026, 9:16:45 AM","Jul 10, 2026, 9:16:45 AM"
685c51f8b12c774daba24d86,Mi.Re Project LLC,pro,Mid-Market,true,,OPERATIONS,Commitment keeper,true,"Jul 10, 2026, 9:16:29 AM","Jul 10, 2026, 9:16:29 AM"
6728b004be4aa729794a58b4,Homeprime,enterprise,Enterprise,true,,COMMUNICATIONS,Negative review challenger,true,"Jul 10, 2026, 7:04:13 AM","Jul 10, 2026, 7:04:13 AM"
6728b004be4aa729794a58b4,Homeprime,enterprise,Enterprise,true,,OPERATIONS,Commitment keeper,true,"Jul 10, 2026, 6:44:46 AM","Jul 10, 2026, 6:44:46 AM"
6728b004be4aa729794a58b4,Homeprime,enterprise,Enterprise,true,,OPERATIONS,Calendar conflict detector,true,"Jul 10, 2026, 6:44:32 AM","Jul 10, 2026, 6:44:32 AM"
6728b004be4aa729794a58b4,Homeprime,enterprise,Enterprise,true,,OPERATIONS,Risky reservation detector,true,"Jul 10, 2026, 6:43:53 AM","Jul 10, 2026, 6:43:53 AM"
6728b004be4aa729794a58b4,Homeprime,enterprise,Enterprise,true,,ACCOUNTING,Monthly cancelled reservations,true,"Jul 10, 2026, 6:37:45 AM","Jul 10, 2026, 6:37:45 AM"
6a0a95e47039d420d3367e71,Roombix Company Limited,pro,Mid-Market,true,,FINANCE,Unpaid reservation tracker,true,"Jul 10, 2026, 6:02:43 AM","Jul 10, 2026, 6:02:43 AM"
6a0a95e47039d420d3367e71,Roombix Company Limited,pro,Mid-Market,true,,OPERATIONS,Risky reservation detector,true,"Jul 10, 2026, 6:02:27 AM","Jul 10, 2026, 6:02:27 AM"
6a0a95e47039d420d3367e71,Roombix Company Limited,pro,Mid-Market,true,,OPERATIONS,Inquiry expiry manager,true,"Jul 10, 2026, 6:01:52 AM","Jul 10, 2026, 6:01:52 AM"
5d652541b6dd0d0022186a5a,TWO KEENS,pro,Mid-Market,true,,OPERATIONS,Stay status reconciler,true,"Jul 10, 2026, 5:27:36 AM","Jul 10, 2026, 5:27:36 AM"
686df480848cfe372d8d3444,T R P S VACATION HOMES RENTAL CO. L.L.C,pro,Mid-Market,true,,OPERATIONS,Team access review,true,"Jul 10, 2026, 5:04:28 AM","Jul 10, 2026, 5:04:28 AM"
686df480848cfe372d8d3444,T R P S VACATION HOMES RENTAL CO. L.L.C,pro,Mid-Market,true,,OPERATIONS,Risky reservation detector,true,"Jul 10, 2026, 5:03:57 AM","Jul 10, 2026, 5:03:57 AM"
686df480848cfe372d8d3444,T R P S VACATION HOMES RENTAL CO. L.L.C,pro,Mid-Market,true,,ACCOUNTING,Advance deposit checker,true,"Jul 10, 2026, 4:53:03 AM","Jul 10, 2026, 4:53:03 AM"
5d652541b6dd0d0022186a5a,TWO KEENS,pro,Mid-Market,true,,OPERATIONS,Check-in readiness,true,"Jul 10, 2026, 4:48:01 AM","Jul 10, 2026, 4:48:01 AM"
68409606f3014ca4db02ba03,Apex Experience,pro,SMB,true,,OPERATIONS,Weekly Operation Brief,true,"Jul 10, 2026, 3:15:38 AM","Jul 10, 2026, 3:15:38 AM"
68409606f3014ca4db02ba03,Apex Experience,pro,SMB,true,,OPERATIONS,Translation gap filler,true,"Jul 10, 2026, 3:15:24 AM","Jul 10, 2026, 3:15:24 AM"
68409606f3014ca4db02ba03,Apex Experience,pro,SMB,true,,OPERATIONS,Commitment keeper,true,"Jul 10, 2026, 3:13:02 AM","Jul 10, 2026, 3:13:02 AM"
68409606f3014ca4db02ba03,Apex Experience,pro,SMB,true,,OPERATIONS,Amenity gap detector,true,"Jul 10, 2026, 3:12:08 AM","Jul 10, 2026, 3:12:08 AM"
68409606f3014ca4db02ba03,Apex Experience,pro,SMB,true,,COMMUNICATIONS,Saved replies optimizer,true,"Jul 10, 2026, 3:07:18 AM","Jul 10, 2026, 3:07:18 AM"
68409606f3014ca4db02ba03,Apex Experience,pro,SMB,true,,COMMUNICATIONS,Review response drafter,true,"Jul 10, 2026, 3:06:59 AM","Jul 10, 2026, 3:06:59 AM"
68409606f3014ca4db02ba03,Apex Experience,pro,SMB,true,,COMMUNICATIONS,Negative review challenger,true,"Jul 10, 2026, 3:06:10 AM","Jul 10, 2026, 3:06:10 AM"
691d1c4f480d366aee7b7923,Midway Vacations,pro,SME,true,,OPERATIONS,Amenity gap detector,true,"Jul 10, 2026, 2:53:59 AM","Jul 10, 2026, 2:53:59 AM"
5e5943189deedf002d55fa23,Kim Herrlein,pro,Mid-Market,true,,OPERATIONS,Inquiry expiry manager,true,"Jul 10, 2026, 2:04:09 AM","Jul 10, 2026, 2:04:09 AM"
5e5943189deedf002d55fa23,Kim Herrlein,pro,Mid-Market,true,,OPERATIONS,Check-in readiness,true,"Jul 10, 2026, 2:03:36 AM","Jul 10, 2026, 2:03:36 AM"
5e5943189deedf002d55fa23,Kim Herrlein,pro,Mid-Market,true,,OPERATIONS,Review to task dispatcher,true,"Jul 10, 2026, 2:03:30 AM","Jul 10, 2026, 2:03:30 AM"
5e5943189deedf002d55fa23,Kim Herrlein,pro,Mid-Market,true,,OPERATIONS,Commitment keeper,true,"Jul 10, 2026, 2:02:54 AM","Jul 10, 2026, 2:02:54 AM"
5e5943189deedf002d55fa23,Kim Herrlein,pro,Mid-Market,true,,OPERATIONS,Daily task coverage board,true,"Jul 10, 2026, 2:00:12 AM","Jul 10, 2026, 2:00:12 AM"
5e5943189deedf002d55fa23,Kim Herrlein,pro,Mid-Market,true,,FINANCE,Security deposit extender,true,"Jul 10, 2026, 1:59:49 AM","Jul 10, 2026, 1:59:49 AM"
5e5943189deedf002d55fa23,Kim Herrlein,pro,Mid-Market,true,,OPERATIONS,Maintenance tracker,true,"Jul 10, 2026, 1:58:40 AM","Jul 10, 2026, 1:58:40 AM"
691d1c4f480d366aee7b7923,Midway Vacations,pro,SME,true,,FINANCE,Unpaid reservation tracker,true,"Jul 10, 2026, 1:08:26 AM","Jul 10, 2026, 1:08:26 AM"
691d1c4f480d366aee7b7923,Midway Vacations,pro,SME,true,,OPERATIONS,Risky reservation detector,true,"Jul 10, 2026, 1:08:12 AM","Jul 10, 2026, 1:08:12 AM"
691d1c4f480d366aee7b7923,Midway Vacations,pro,SME,true,,OPERATIONS,Review to task dispatcher,true,"Jul 10, 2026, 1:08:03 AM","Jul 10, 2026, 1:08:03 AM"
691d1c4f480d366aee7b7923,Midway Vacations,pro,SME,true,,OPERATIONS,Reservation duplicate detector,true,"Jul 10, 2026, 1:07:48 AM","Jul 10, 2026, 1:07:48 AM"
691d1c4f480d366aee7b7923,Midway Vacations,pro,SME,true,,OPERATIONS,Inquiry expiry manager,true,"Jul 10, 2026, 1:07:16 AM","Jul 10, 2026, 1:07:16 AM"
691d1c4f480d366aee7b7923,Midway Vacations,pro,SME,true,,ACCOUNTING,Monthly cancelled reservations,true,"Jul 10, 2026, 1:06:42 AM","Jul 10, 2026, 1:06:42 AM"
691d1c4f480d366aee7b7923,Midway Vacations,pro,SME,true,,COMMUNICATIONS,Saved replies optimizer,true,"Jul 10, 2026, 1:06:21 AM","Jul 10, 2026, 1:06:21 AM"
691d1c4f480d366aee7b7923,Midway Vacations,pro,SME,true,,COMMUNICATIONS,Negative review challenger,true,"Jul 10, 2026, 1:06:05 AM","Jul 10, 2026, 1:06:05 AM"
691d1c4f480d366aee7b7923,Midway Vacations,pro,SME,true,,OPERATIONS,Commitment keeper,true,"Jul 10, 2026, 1:05:16 AM","Jul 10, 2026, 1:05:16 AM"
691d1c4f480d366aee7b7923,Midway Vacations,pro,SME,true,,OPERATIONS,Check-in readiness,false,"Jul 10, 2026, 1:04:26 AM","Jul 13, 2026, 11:35:56 PM"
691d1c4f480d366aee7b7923,Midway Vacations,pro,SME,true,,OPERATIONS,Calendar conflict detector,true,"Jul 10, 2026, 1:03:54 AM","Jul 10, 2026, 1:03:54 AM"
649b55e80e74c200484af7e9,Calibrate Estates LLC,pro,Mid-Market,true,,OPERATIONS,Commitment keeper,true,"Jul 10, 2026, 1:00:00 AM","Jul 10, 2026, 1:00:00 AM"
649b55e80e74c200484af7e9,Calibrate Estates LLC,pro,Mid-Market,true,,OPERATIONS,Weekly Operation Brief,true,"Jul 10, 2026, 12:54:22 AM","Jul 10, 2026, 12:54:22 AM"
649b55e80e74c200484af7e9,Calibrate Estates LLC,pro,Mid-Market,true,,OPERATIONS,Team access review,true,"Jul 10, 2026, 12:54:19 AM","Jul 10, 2026, 12:54:19 AM"
649b55e80e74c200484af7e9,Calibrate Estates LLC,pro,Mid-Market,true,,OPERATIONS,Check-in readiness,true,"Jul 10, 2026, 12:53:58 AM","Jul 10, 2026, 12:53:58 AM"
649b55e80e74c200484af7e9,Calibrate Estates LLC,pro,Mid-Market,true,,OPERATIONS,Amenity gap detector,true,"Jul 10, 2026, 12:53:50 AM","Jul 10, 2026, 12:53:50 AM"
691d1c4f480d366aee7b7923,Midway Vacations,pro,SME,true,,COMMUNICATIONS,Review response drafter,true,"Jul 10, 2026, 12:53:40 AM","Jul 10, 2026, 1:06:13 AM"
649b55e80e74c200484af7e9,Calibrate Estates LLC,pro,Mid-Market,true,,OPERATIONS,Maintenance tracker,true,"Jul 10, 2026, 12:52:55 AM","Jul 10, 2026, 12:52:55 AM"
649b55e80e74c200484af7e9,Calibrate Estates LLC,pro,Mid-Market,true,,OPERATIONS,Inquiry expiry manager,true,"Jul 10, 2026, 12:52:47 AM","Jul 10, 2026, 12:52:47 AM"
6807edbdabdb443652813879,CaymanVacation.com Inc.,pro,SME,true,,OPERATIONS,Weekly Operation Brief,true,"Jul 9, 2026, 10:55:39 PM","Jul 9, 2026, 10:55:39 PM"
6807edbdabdb443652813879,CaymanVacation.com Inc.,pro,SME,true,,FINANCE,Unpaid reservation tracker,true,"Jul 9, 2026, 10:55:06 PM","Jul 9, 2026, 10:55:06 PM"
6807edbdabdb443652813879,CaymanVacation.com Inc.,pro,SME,true,,OPERATIONS,Review to task dispatcher,true,"Jul 9, 2026, 10:54:24 PM","Jul 9, 2026, 10:54:24 PM"
6807edbdabdb443652813879,CaymanVacation.com Inc.,pro,SME,true,,OPERATIONS,Reservation handoff brief,true,"Jul 9, 2026, 10:52:01 PM","Jul 9, 2026, 10:52:01 PM"
6807edbdabdb443652813879,CaymanVacation.com Inc.,pro,SME,true,,OPERATIONS,Maintenance tracker,true,"Jul 9, 2026, 10:51:29 PM","Jul 9, 2026, 10:51:29 PM"
6807edbdabdb443652813879,CaymanVacation.com Inc.,pro,SME,true,,OPERATIONS,Daily task coverage board,true,"Jul 9, 2026, 10:51:24 PM","Jul 9, 2026, 10:51:24 PM"
699699720e798385617b4d65,Whistler Breaks Vacation Rentals Ltd,pro,Mid-Market,true,,FINANCE,Tax Configuration Audit,true,"Jul 9, 2026, 10:19:59 PM","Jul 9, 2026, 10:19:59 PM"
68502ae069052da60a37bb35,PMI Grand Partners,pro,SMB,true,hq_child,OPERATIONS,Risky reservation detector,true,"Jul 9, 2026, 9:50:47 PM","Jul 9, 2026, 9:50:47 PM"
68502ae069052da60a37bb35,PMI Grand Partners,pro,SMB,true,hq_child,OPERATIONS,Commitment keeper,true,"Jul 9, 2026, 9:50:25 PM","Jul 9, 2026, 9:50:25 PM"
68502ae069052da60a37bb35,PMI Grand Partners,pro,SMB,true,hq_child,OPERATIONS,Check-in readiness,false,"Jul 9, 2026, 9:50:17 PM","Jul 13, 2026, 1:03:00 AM"
68502ae069052da60a37bb35,PMI Grand Partners,pro,SMB,true,hq_child,FINANCE,Tax Configuration Audit,true,"Jul 9, 2026, 9:49:43 PM","Jul 9, 2026, 9:49:43 PM"
68502ae069052da60a37bb35,PMI Grand Partners,pro,SMB,true,hq_child,FINANCE,Unpaid reservation tracker,true,"Jul 9, 2026, 9:49:32 PM","Jul 9, 2026, 9:49:32 PM"
68502ae069052da60a37bb35,PMI Grand Partners,pro,SMB,true,hq_child,FINANCE,Fee configuration detector,true,"Jul 9, 2026, 9:49:25 PM","Jul 9, 2026, 9:49:25 PM"
68502ae069052da60a37bb35,PMI Grand Partners,pro,SMB,true,hq_child,ACCOUNTING,Advance deposit checker,true,"Jul 9, 2026, 9:49:03 PM","Jul 9, 2026, 9:49:03 PM"
68502ae069052da60a37bb35,PMI Grand Partners,pro,SMB,true,hq_child,ACCOUNTING,Monthly cancelled reservations,true,"Jul 9, 2026, 9:48:42 PM","Jul 9, 2026, 9:48:42 PM"
68502ae069052da60a37bb35,PMI Grand Partners,pro,SMB,true,hq_child,COMMUNICATIONS,Negative review challenger,true,"Jul 9, 2026, 9:48:23 PM","Jul 9, 2026, 9:48:23 PM"
68502ae069052da60a37bb35,PMI Grand Partners,pro,SMB,true,hq_child,COMMUNICATIONS,Saved replies optimizer,true,"Jul 9, 2026, 9:48:13 PM","Jul 9, 2026, 9:48:13 PM"
68502ae069052da60a37bb35,PMI Grand Partners,pro,SMB,true,hq_child,COMMUNICATIONS,Review response drafter,true,"Jul 9, 2026, 9:47:56 PM","Jul 9, 2026, 9:47:56 PM"
699699720e798385617b4d65,Whistler Breaks Vacation Rentals Ltd,pro,Mid-Market,true,,OPERATIONS,Daily task coverage board,true,"Jul 9, 2026, 9:46:47 PM","Jul 9, 2026, 9:46:47 PM"
6362ae0ca530a300606728c4,Carolina Palm Vacations,pro,SME,true,,OPERATIONS,Commitment keeper,true,"Jul 9, 2026, 8:47:39 PM","Jul 9, 2026, 8:47:39 PM"
6362ae0ca530a300606728c4,Carolina Palm Vacations,pro,SME,true,,OPERATIONS,Reservation handoff brief,true,"Jul 9, 2026, 8:45:37 PM","Jul 9, 2026, 8:45:37 PM"
6362ae0ca530a300606728c4,Carolina Palm Vacations,pro,SME,true,,OPERATIONS,Calendar conflict detector,true,"Jul 9, 2026, 8:44:18 PM","Jul 9, 2026, 8:44:18 PM"
5bdb0bb50176f0003e48d8bb,Angel Host Inc,enterprise,Enterprise,true,hq_child,OPERATIONS,Inquiry expiry manager,true,"Jul 9, 2026, 8:12:18 PM","Jul 9, 2026, 8:12:18 PM"
5bdb0bb50176f0003e48d8bb,Angel Host Inc,enterprise,Enterprise,true,hq_child,OPERATIONS,Reservation handoff brief,true,"Jul 9, 2026, 8:09:46 PM","Jul 9, 2026, 8:09:46 PM"
5bdb0bb50176f0003e48d8bb,Angel Host Inc,enterprise,Enterprise,true,hq_child,FINANCE,Unpaid reservation tracker,true,"Jul 9, 2026, 8:09:20 PM","Jul 9, 2026, 8:09:20 PM"
5bdb0bb50176f0003e48d8bb,Angel Host Inc,enterprise,Enterprise,true,hq_child,OPERATIONS,Review to task dispatcher,true,"Jul 9, 2026, 8:09:01 PM","Jul 9, 2026, 8:09:01 PM"
6807edbdabdb443652813879,CaymanVacation.com Inc.,pro,SME,true,,ACCOUNTING,Advance deposit checker,true,"Jul 9, 2026, 8:02:31 PM","Jul 9, 2026, 8:02:31 PM"
68bf98615ae37cf73089f9b7,Visit Vail By Esquiar LLC,pro,Mid-Market,true,,FINANCE,Fee configuration detector,true,"Jul 9, 2026, 8:02:16 PM","Jul 9, 2026, 8:02:16 PM"
68bf98615ae37cf73089f9b7,Visit Vail By Esquiar LLC,pro,Mid-Market,true,,FINANCE,Tax Configuration Audit,true,"Jul 9, 2026, 8:02:04 PM","Jul 9, 2026, 8:02:04 PM"
68bf98615ae37cf73089f9b7,Visit Vail By Esquiar LLC,pro,Mid-Market,true,,OWNER_RELATIONS,Owner payment details collector,true,"Jul 9, 2026, 8:01:39 PM","Jul 9, 2026, 8:01:39 PM"
68bf98615ae37cf73089f9b7,Visit Vail By Esquiar LLC,pro,Mid-Market,true,,COMMUNICATIONS,Review response drafter,true,"Jul 9, 2026, 8:01:33 PM","Jul 9, 2026, 8:01:33 PM"
68bf98615ae37cf73089f9b7,Visit Vail By Esquiar LLC,pro,Mid-Market,true,,OPERATIONS,Daily task coverage board,true,"Jul 9, 2026, 8:01:18 PM","Jul 9, 2026, 8:01:18 PM"
68bf98615ae37cf73089f9b7,Visit Vail By Esquiar LLC,pro,Mid-Market,true,,OPERATIONS,Commitment keeper,true,"Jul 9, 2026, 8:01:06 PM","Jul 9, 2026, 8:01:06 PM"
68bf98615ae37cf73089f9b7,Visit Vail By Esquiar LLC,pro,Mid-Market,true,,OPERATIONS,Calendar conflict detector,true,"Jul 9, 2026, 8:00:52 PM","Jul 9, 2026, 8:00:52 PM"
68bf98615ae37cf73089f9b7,Visit Vail By Esquiar LLC,pro,Mid-Market,true,,OPERATIONS,Amenity gap detector,true,"Jul 9, 2026, 8:00:47 PM","Jul 9, 2026, 8:00:47 PM"
68bf98615ae37cf73089f9b7,Visit Vail By Esquiar LLC,pro,Mid-Market,true,,ACCOUNTING,Advance deposit checker,true,"Jul 9, 2026, 8:00:35 PM","Jul 9, 2026, 8:00:35 PM"
68da7920455d7fda43611996,Juan Martin Starobinsky,pro,SMB,true,,OPERATIONS,Amenity gap detector,true,"Jul 9, 2026, 7:54:38 PM","Jul 9, 2026, 7:54:38 PM"
5ace5614361a370024403cf2,Victor Feria,pro,Mid-Market,true,,OPERATIONS,Commitment keeper,true,"Jul 9, 2026, 7:54:30 PM","Jul 9, 2026, 7:54:30 PM"
5bdb0bb50176f0003e48d8bb,Angel Host Inc,enterprise,Enterprise,true,hq_child,OPERATIONS,Check-in readiness,false,"Jul 9, 2026, 7:53:38 PM","Jul 13, 2026, 2:26:11 PM"
5bdb0bb50176f0003e48d8bb,Angel Host Inc,enterprise,Enterprise,true,hq_child,COMMUNICATIONS,Saved replies optimizer,true,"Jul 9, 2026, 7:53:28 PM","Jul 9, 2026, 7:53:28 PM"
5ace5614361a370024403cf2,Victor Feria,pro,Mid-Market,true,,OPERATIONS,Risky reservation detector,true,"Jul 9, 2026, 7:53:23 PM","Jul 9, 2026, 7:53:23 PM"
5bdb0bb50176f0003e48d8bb,Angel Host Inc,enterprise,Enterprise,true,hq_child,COMMUNICATIONS,Review response drafter,true,"Jul 9, 2026, 7:53:20 PM","Jul 9, 2026, 7:53:20 PM"
5bdb0bb50176f0003e48d8bb,Angel Host Inc,enterprise,Enterprise,true,hq_child,COMMUNICATIONS,Negative review challenger,true,"Jul 9, 2026, 7:53:16 PM","Jul 9, 2026, 7:53:16 PM"
5bdb0bb50176f0003e48d8bb,Angel Host Inc,enterprise,Enterprise,true,hq_child,OPERATIONS,Calendar conflict detector,true,"Jul 9, 2026, 7:53:06 PM","Jul 9, 2026, 7:53:06 PM"
5bdb0bb50176f0003e48d8bb,Angel Host Inc,enterprise,Enterprise,true,hq_child,OPERATIONS,Maintenance tracker,true,"Jul 9, 2026, 7:52:51 PM","Jul 9, 2026, 7:52:51 PM"
68bf98615ae37cf73089f9b7,Visit Vail By Esquiar LLC,pro,Mid-Market,true,,FINANCE,Unpaid reservation tracker,true,"Jul 9, 2026, 7:50:56 PM","Jul 9, 2026, 7:50:56 PM"
6859df8e8e18aabad83b38e6,Newport Beach Vacation Properties,pro,SME,true,,COMMUNICATIONS,Review response drafter,true,"Jul 9, 2026, 7:44:24 PM","Jul 9, 2026, 7:44:24 PM"
6859df8e8e18aabad83b38e6,Newport Beach Vacation Properties,pro,SME,true,,COMMUNICATIONS,Negative review challenger,true,"Jul 9, 2026, 7:43:11 PM","Jul 9, 2026, 7:43:11 PM"
6859df8e8e18aabad83b38e6,Newport Beach Vacation Properties,pro,SME,true,,FINANCE,Tax Configuration Audit,true,"Jul 9, 2026, 7:40:21 PM","Jul 9, 2026, 7:40:21 PM"
6602f6870e127ba484a75426,Las Clementinas Hospitality,pro,SMB,true,,ACCOUNTING,Advance deposit checker,true,"Jul 9, 2026, 7:38:01 PM","Jul 9, 2026, 7:38:01 PM"
6681e8581d4f0cc576fdd0b6,Punto Paz Rentals,pro,SMB,true,,OPERATIONS,Maintenance tracker,true,"Jul 9, 2026, 7:37:14 PM","Jul 9, 2026, 7:37:14 PM"
679bac6985f74b5fe968cf22,Hosted by Sleepover Ltd,pro,SMB,true,,OWNER_RELATIONS,Owner payment details collector,true,"Jul 9, 2026, 7:33:20 PM","Jul 9, 2026, 7:33:20 PM"
679bac6985f74b5fe968cf22,Hosted by Sleepover Ltd,pro,SMB,true,,OPERATIONS,Weekly Operation Brief,true,"Jul 9, 2026, 7:28:42 PM","Jul 9, 2026, 7:28:42 PM"
679bac6985f74b5fe968cf22,Hosted by Sleepover Ltd,pro,SMB,true,,FINANCE,Unpaid reservation tracker,true,"Jul 9, 2026, 7:28:28 PM","Jul 9, 2026, 7:28:28 PM"
679bac6985f74b5fe968cf22,Hosted by Sleepover Ltd,pro,SMB,true,,OPERATIONS,Risky reservation detector,true,"Jul 9, 2026, 7:27:52 PM","Jul 9, 2026, 7:27:52 PM"
679bac6985f74b5fe968cf22,Hosted by Sleepover Ltd,pro,SMB,true,,COMMUNICATIONS,Review response drafter,true,"Jul 9, 2026, 7:27:44 PM","Jul 9, 2026, 7:27:44 PM"
679bac6985f74b5fe968cf22,Hosted by Sleepover Ltd,pro,SMB,true,,COMMUNICATIONS,Negative review challenger,true,"Jul 9, 2026, 7:27:27 PM","Jul 9, 2026, 7:27:27 PM"
6807edbdabdb443652813879,CaymanVacation.com Inc.,pro,SME,true,,OPERATIONS,Risky reservation detector,true,"Jul 9, 2026, 7:06:51 PM","Jul 9, 2026, 7:06:51 PM"
6807edbdabdb443652813879,CaymanVacation.com Inc.,pro,SME,true,,OPERATIONS,Reservation duplicate detector,true,"Jul 9, 2026, 7:05:27 PM","Jul 9, 2026, 7:05:27 PM"
6807edbdabdb443652813879,CaymanVacation.com Inc.,pro,SME,true,,ACCOUNTING,Monthly cancelled reservations,true,"Jul 9, 2026, 7:05:16 PM","Jul 9, 2026, 7:05:16 PM"
6807edbdabdb443652813879,CaymanVacation.com Inc.,pro,SME,true,,FINANCE,Fee configuration detector,true,"Jul 9, 2026, 7:05:05 PM","Jul 9, 2026, 7:05:05 PM"
6807edbdabdb443652813879,CaymanVacation.com Inc.,pro,SME,true,,OPERATIONS,Check-in readiness,true,"Jul 9, 2026, 7:04:53 PM","Jul 9, 2026, 7:04:53 PM"
6807edbdabdb443652813879,CaymanVacation.com Inc.,pro,SME,true,,OPERATIONS,Amenity gap detector,true,"Jul 9, 2026, 7:04:31 PM","Jul 9, 2026, 7:04:31 PM"
6807edbdabdb443652813879,CaymanVacation.com Inc.,pro,SME,true,,OPERATIONS,Commitment keeper,true,"Jul 9, 2026, 7:04:19 PM","Jul 9, 2026, 7:04:19 PM"
6807edbdabdb443652813879,CaymanVacation.com Inc.,pro,SME,true,,COMMUNICATIONS,Saved replies optimizer,true,"Jul 9, 2026, 7:02:46 PM","Jul 9, 2026, 7:02:46 PM"
6807edbdabdb443652813879,CaymanVacation.com Inc.,pro,SME,true,,OPERATIONS,Calendar conflict detector,true,"Jul 9, 2026, 7:02:08 PM","Jul 9, 2026, 7:02:08 PM"
67fd56ef56bac59fb2d49fe0,Dorsen Stay,pro,Mid-Market,true,hq_child,COMMUNICATIONS,Saved replies optimizer,true,"Jul 9, 2026, 6:37:51 PM","Jul 9, 2026, 6:37:51 PM"
67fd56ef56bac59fb2d49fe0,Dorsen Stay,pro,Mid-Market,true,hq_child,COMMUNICATIONS,Review response drafter,true,"Jul 9, 2026, 6:37:34 PM","Jul 9, 2026, 6:37:34 PM"
6737c1df54b397d19ec27003,Auszeit Apartments,pro,Mid-Market,true,,OPERATIONS,Review to task dispatcher,true,"Jul 9, 2026, 6:37:27 PM","Jul 9, 2026, 6:37:27 PM"
6737c1df54b397d19ec27003,Auszeit Apartments,pro,Mid-Market,true,,OPERATIONS,Risky reservation detector,true,"Jul 9, 2026, 6:37:11 PM","Jul 9, 2026, 6:37:11 PM"
67fd56ef56bac59fb2d49fe0,Dorsen Stay,pro,Mid-Market,true,hq_child,FINANCE,Unpaid reservation tracker,true,"Jul 9, 2026, 6:36:17 PM","Jul 9, 2026, 6:36:17 PM"
67fd56ef56bac59fb2d49fe0,Dorsen Stay,pro,Mid-Market,true,hq_child,OPERATIONS,Risky reservation detector,true,"Jul 9, 2026, 6:34:09 PM","Jul 9, 2026, 6:34:09 PM"
67fd56ef56bac59fb2d49fe0,Dorsen Stay,pro,Mid-Market,true,hq_child,OPERATIONS,Check-in readiness,true,"Jul 9, 2026, 6:32:52 PM","Jul 9, 2026, 6:32:52 PM"
67fd56ef56bac59fb2d49fe0,Dorsen Stay,pro,Mid-Market,true,hq_child,OPERATIONS,Calendar conflict detector,true,"Jul 9, 2026, 6:32:29 PM","Jul 9, 2026, 6:32:29 PM"
6859df8e8e18aabad83b38e6,Newport Beach Vacation Properties,pro,SME,true,,OPERATIONS,Risky reservation detector,true,"Jul 9, 2026, 6:24:59 PM","Jul 9, 2026, 6:24:59 PM"
64d67002752b5efdc3216c49,Beach Weekend,pro,SME,true,,FINANCE,Tax Configuration Audit,true,"Jul 9, 2026, 5:43:14 PM","Jul 9, 2026, 5:43:14 PM"
64d67002752b5efdc3216c49,Beach Weekend,pro,SME,true,,ACCOUNTING,Monthly cancelled reservations,true,"Jul 9, 2026, 5:42:46 PM","Jul 9, 2026, 5:42:46 PM"
68a4bfc198a490922e9193f4,B-Infiniti Villas & Homes,pro,Mid-Market,true,,FINANCE,Unpaid reservation tracker,true,"Jul 9, 2026, 5:39:34 PM","Jul 9, 2026, 5:39:34 PM"
68a4bfc198a490922e9193f4,B-Infiniti Villas & Homes,pro,Mid-Market,true,,FINANCE,Fee configuration detector,true,"Jul 9, 2026, 5:39:20 PM","Jul 9, 2026, 5:39:20 PM"
68a4bfc198a490922e9193f4,B-Infiniti Villas & Homes,pro,Mid-Market,true,,COMMUNICATIONS,Saved replies optimizer,true,"Jul 9, 2026, 5:38:11 PM","Jul 9, 2026, 5:38:11 PM"
68a4bfc198a490922e9193f4,B-Infiniti Villas & Homes,pro,Mid-Market,true,,COMMUNICATIONS,Review response drafter,true,"Jul 9, 2026, 5:38:02 PM","Jul 9, 2026, 5:38:02 PM"
68a4bfc198a490922e9193f4,B-Infiniti Villas & Homes,pro,Mid-Market,true,,COMMUNICATIONS,Negative review challenger,true,"Jul 9, 2026, 5:37:27 PM","Jul 9, 2026, 5:37:27 PM"
68a4bfc198a490922e9193f4,B-Infiniti Villas & Homes,pro,Mid-Market,true,,OPERATIONS,Weekly Operation Brief,true,"Jul 9, 2026, 5:36:36 PM","Jul 9, 2026, 5:36:36 PM"
68a4bfc198a490922e9193f4,B-Infiniti Villas & Homes,pro,Mid-Market,true,,OPERATIONS,Review to task dispatcher,true,"Jul 9, 2026, 5:35:27 PM","Jul 9, 2026, 5:35:27 PM"
68a4bfc198a490922e9193f4,B-Infiniti Villas & Homes,pro,Mid-Market,true,,OPERATIONS,Reservation handoff brief,true,"Jul 9, 2026, 5:35:09 PM","Jul 9, 2026, 5:35:09 PM"
6924eaa051ad620fe8272dea,TriPower Vacation Rentals,pro,SME,true,,FINANCE,Fee configuration detector,false,"Jul 9, 2026, 5:33:04 PM","Jul 9, 2026, 5:34:30 PM"
68aed999c3307ffd38a1c27c,MIT Vacation Rentals,pro,SMB,true,,FINANCE,Unpaid reservation tracker,true,"Jul 9, 2026, 5:32:16 PM","Jul 9, 2026, 5:32:16 PM"
68aed999c3307ffd38a1c27c,MIT Vacation Rentals,pro,SMB,true,,COMMUNICATIONS,Saved replies optimizer,true,"Jul 9, 2026, 5:31:51 PM","Jul 9, 2026, 5:31:51 PM"
68aed999c3307ffd38a1c27c,MIT Vacation Rentals,pro,SMB,true,,COMMUNICATIONS,Review response drafter,true,"Jul 9, 2026, 5:31:38 PM","Jul 9, 2026, 5:31:38 PM"
68aed999c3307ffd38a1c27c,MIT Vacation Rentals,pro,SMB,true,,COMMUNICATIONS,Negative review challenger,true,"Jul 9, 2026, 5:31:29 PM","Jul 9, 2026, 5:31:29 PM"
68aed999c3307ffd38a1c27c,MIT Vacation Rentals,pro,SMB,true,,OPERATIONS,Review to task dispatcher,true,"Jul 9, 2026, 5:31:05 PM","Jul 9, 2026, 5:31:05 PM"
691f524a51ad620fe8272c90,Flex Immobilier,pro,Mid-Market,true,,OPERATIONS,Translation gap filler,true,"Jul 9, 2026, 5:31:03 PM","Jul 9, 2026, 5:31:03 PM"
68aed999c3307ffd38a1c27c,MIT Vacation Rentals,pro,SMB,true,,OPERATIONS,Weekly Operation Brief,true,"Jul 9, 2026, 5:30:57 PM","Jul 9, 2026, 5:30:57 PM"
691f524a51ad620fe8272c90,Flex Immobilier,pro,Mid-Market,true,,OPERATIONS,Weekly Operation Brief,true,"Jul 9, 2026, 5:30:52 PM","Jul 9, 2026, 5:30:52 PM"
691f524a51ad620fe8272c90,Flex Immobilier,pro,Mid-Market,true,,OPERATIONS,Risky reservation detector,true,"Jul 9, 2026, 5:30:44 PM","Jul 9, 2026, 5:30:44 PM"
68aed999c3307ffd38a1c27c,MIT Vacation Rentals,pro,SMB,true,,OPERATIONS,Risky reservation detector,true,"Jul 9, 2026, 5:30:43 PM","Jul 9, 2026, 5:30:43 PM"
68aed999c3307ffd38a1c27c,MIT Vacation Rentals,pro,SMB,true,,OPERATIONS,Maintenance tracker,true,"Jul 9, 2026, 5:30:36 PM","Jul 9, 2026, 5:30:36 PM"
691f524a51ad620fe8272c90,Flex Immobilier,pro,Mid-Market,true,,OPERATIONS,Review to task dispatcher,true,"Jul 9, 2026, 5:29:41 PM","Jul 9, 2026, 5:29:41 PM"
68aed999c3307ffd38a1c27c,MIT Vacation Rentals,pro,SMB,true,,OPERATIONS,Amenity gap detector,true,"Jul 9, 2026, 5:29:41 PM","Jul 9, 2026, 5:29:41 PM"
691f524a51ad620fe8272c90,Flex Immobilier,pro,Mid-Market,true,,OPERATIONS,Stay status reconciler,true,"Jul 9, 2026, 5:29:36 PM","Jul 9, 2026, 5:29:36 PM"
691f524a51ad620fe8272c90,Flex Immobilier,pro,Mid-Market,true,,OPERATIONS,Reservation handoff brief,true,"Jul 9, 2026, 5:29:22 PM","Jul 9, 2026, 5:29:22 PM"
691f524a51ad620fe8272c90,Flex Immobilier,pro,Mid-Market,true,,OPERATIONS,Reservation duplicate detector,true,"Jul 9, 2026, 5:29:03 PM","Jul 9, 2026, 5:29:03 PM"
691f524a51ad620fe8272c90,Flex Immobilier,pro,Mid-Market,true,,OPERATIONS,Maintenance tracker,true,"Jul 9, 2026, 5:28:58 PM","Jul 9, 2026, 5:28:58 PM"
691f524a51ad620fe8272c90,Flex Immobilier,pro,Mid-Market,true,,OPERATIONS,Inquiry expiry manager,true,"Jul 9, 2026, 5:28:54 PM","Jul 9, 2026, 5:28:54 PM"
691f524a51ad620fe8272c90,Flex Immobilier,pro,Mid-Market,true,,OPERATIONS,Daily task coverage board,true,"Jul 9, 2026, 5:28:50 PM","Jul 9, 2026, 5:28:50 PM"
691f524a51ad620fe8272c90,Flex Immobilier,pro,Mid-Market,true,,OPERATIONS,Commitment keeper,true,"Jul 9, 2026, 5:28:46 PM","Jul 9, 2026, 5:28:46 PM"
691f524a51ad620fe8272c90,Flex Immobilier,pro,Mid-Market,true,,OPERATIONS,Check-in readiness,true,"Jul 9, 2026, 5:28:24 PM","Jul 9, 2026, 5:28:24 PM"
691f524a51ad620fe8272c90,Flex Immobilier,pro,Mid-Market,true,,OPERATIONS,Calendar conflict detector,true,"Jul 9, 2026, 5:27:57 PM","Jul 9, 2026, 5:27:57 PM"
691f524a51ad620fe8272c90,Flex Immobilier,pro,Mid-Market,true,,OPERATIONS,Amenity gap detector,true,"Jul 9, 2026, 5:27:51 PM","Jul 9, 2026, 5:27:51 PM"
68a2b19a05a59cdc4ff30418,"TAMON CAPITAL GROUP, LLC",pro,SMB,true,,OWNER_RELATIONS,Owner payment details collector,true,"Jul 9, 2026, 5:26:12 PM","Jul 9, 2026, 5:26:12 PM"
68a4bfc198a490922e9193f4,B-Infiniti Villas & Homes,pro,Mid-Market,true,,OPERATIONS,Maintenance tracker,true,"Jul 9, 2026, 5:26:05 PM","Jul 9, 2026, 5:26:05 PM"
68a2b19a05a59cdc4ff30418,"TAMON CAPITAL GROUP, LLC",pro,SMB,true,,FINANCE,Tax Configuration Audit,true,"Jul 9, 2026, 5:25:59 PM","Jul 9, 2026, 5:25:59 PM"
68a2b19a05a59cdc4ff30418,"TAMON CAPITAL GROUP, LLC",pro,SMB,true,,FINANCE,Security deposit extender,true,"Jul 9, 2026, 5:25:56 PM","Jul 9, 2026, 5:25:56 PM"
68a2b19a05a59cdc4ff30418,"TAMON CAPITAL GROUP, LLC",pro,SMB,true,,FINANCE,Fee configuration detector,true,"Jul 9, 2026, 5:25:52 PM","Jul 9, 2026, 5:25:52 PM"
68a2b19a05a59cdc4ff30418,"TAMON CAPITAL GROUP, LLC",pro,SMB,true,,COMMUNICATIONS,Saved replies optimizer,true,"Jul 9, 2026, 5:25:36 PM","Jul 9, 2026, 5:25:36 PM"
68a2b19a05a59cdc4ff30418,"TAMON CAPITAL GROUP, LLC",pro,SMB,true,,COMMUNICATIONS,Review response drafter,true,"Jul 9, 2026, 5:25:32 PM","Jul 9, 2026, 5:25:32 PM"
68a2b19a05a59cdc4ff30418,"TAMON CAPITAL GROUP, LLC",pro,SMB,true,,COMMUNICATIONS,Negative review challenger,true,"Jul 9, 2026, 5:25:27 PM","Jul 9, 2026, 5:25:27 PM"
68a2b19a05a59cdc4ff30418,"TAMON CAPITAL GROUP, LLC",pro,SMB,true,,OPERATIONS,Translation gap filler,true,"Jul 9, 2026, 5:25:16 PM","Jul 9, 2026, 5:25:16 PM"
691f524a51ad620fe8272c90,Flex Immobilier,pro,Mid-Market,true,,COMMUNICATIONS,Saved replies optimizer,true,"Jul 9, 2026, 5:25:14 PM","Jul 9, 2026, 5:25:14 PM"
68a2b19a05a59cdc4ff30418,"TAMON CAPITAL GROUP, LLC",pro,SMB,true,,OPERATIONS,Team access review,true,"Jul 9, 2026, 5:25:11 PM","Jul 9, 2026, 5:25:11 PM"
68a2b19a05a59cdc4ff30418,"TAMON CAPITAL GROUP, LLC",pro,SMB,true,,OPERATIONS,Stay status reconciler,true,"Jul 9, 2026, 5:25:04 PM","Jul 9, 2026, 5:25:04 PM"
691f524a51ad620fe8272c90,Flex Immobilier,pro,Mid-Market,true,,COMMUNICATIONS,Review response drafter,true,"Jul 9, 2026, 5:25:02 PM","Jul 9, 2026, 5:25:02 PM"
68a2b19a05a59cdc4ff30418,"TAMON CAPITAL GROUP, LLC",pro,SMB,true,,OPERATIONS,Risky reservation detector,true,"Jul 9, 2026, 5:25:00 PM","Jul 9, 2026, 5:25:00 PM"
68a2b19a05a59cdc4ff30418,"TAMON CAPITAL GROUP, LLC",pro,SMB,true,,OPERATIONS,Review to task dispatcher,true,"Jul 9, 2026, 5:24:56 PM","Jul 9, 2026, 5:24:56 PM"
68a2b19a05a59cdc4ff30418,"TAMON CAPITAL GROUP, LLC",pro,SMB,true,,OPERATIONS,Reservation handoff brief,true,"Jul 9, 2026, 5:24:50 PM","Jul 9, 2026, 5:24:50 PM"
691f524a51ad620fe8272c90,Flex Immobilier,pro,Mid-Market,true,,COMMUNICATIONS,Negative review challenger,true,"Jul 9, 2026, 5:24:46 PM","Jul 9, 2026, 5:24:46 PM"
68a2b19a05a59cdc4ff30418,"TAMON CAPITAL GROUP, LLC",pro,SMB,true,,OPERATIONS,Maintenance tracker,true,"Jul 9, 2026, 5:24:36 PM","Jul 9, 2026, 5:24:36 PM"
68a2b19a05a59cdc4ff30418,"TAMON CAPITAL GROUP, LLC",pro,SMB,true,,OPERATIONS,Inquiry expiry manager,true,"Jul 9, 2026, 5:24:30 PM","Jul 9, 2026, 5:24:30 PM"
68a2b19a05a59cdc4ff30418,"TAMON CAPITAL GROUP, LLC",pro,SMB,true,,OPERATIONS,Commitment keeper,true,"Jul 9, 2026, 5:24:20 PM","Jul 9, 2026, 5:24:20 PM"
68a2b19a05a59cdc4ff30418,"TAMON CAPITAL GROUP, LLC",pro,SMB,true,,OPERATIONS,Check-in readiness,true,"Jul 9, 2026, 5:24:13 PM","Jul 9, 2026, 5:24:13 PM"
68a2b19a05a59cdc4ff30418,"TAMON CAPITAL GROUP, LLC",pro,SMB,true,,OPERATIONS,Calendar conflict detector,true,"Jul 9, 2026, 5:24:08 PM","Jul 9, 2026, 5:24:08 PM"
68a2b19a05a59cdc4ff30418,"TAMON CAPITAL GROUP, LLC",pro,SMB,true,,OPERATIONS,Amenity gap detector,true,"Jul 9, 2026, 5:24:01 PM","Jul 9, 2026, 5:24:01 PM"
6760632b8273ca1f01cfdf58,PMI Metro Lakes,pro,Mid-Market,true,hq_child,FINANCE,Security deposit extender,true,"Jul 9, 2026, 5:15:44 PM","Jul 9, 2026, 5:15:44 PM"
67b60a1a5e080b23fd369971,Property Management Brickell,pro,SMB,true,,COMMUNICATIONS,Saved replies optimizer,true,"Jul 9, 2026, 5:11:12 PM","Jul 9, 2026, 5:11:12 PM"
67b60a1a5e080b23fd369971,Property Management Brickell,pro,SMB,true,,COMMUNICATIONS,Review response drafter,true,"Jul 9, 2026, 5:11:02 PM","Jul 9, 2026, 5:11:02 PM"
637e8a64b8e6e50030a658b7,trey@modernvrm.com,pro,Mid-Market,true,,OPERATIONS,Weekly Operation Brief,true,"Jul 9, 2026, 5:10:52 PM","Jul 9, 2026, 5:10:52 PM"
67b60a1a5e080b23fd369971,Property Management Brickell,pro,SMB,true,,COMMUNICATIONS,Negative review challenger,true,"Jul 9, 2026, 5:10:45 PM","Jul 9, 2026, 5:10:45 PM"
5d652541b6dd0d0022186a5a,TWO KEENS,pro,Mid-Market,true,,OPERATIONS,Amenity gap detector,true,"Jul 9, 2026, 5:10:31 PM","Jul 9, 2026, 5:10:31 PM"
637e8a64b8e6e50030a658b7,trey@modernvrm.com,pro,Mid-Market,true,,FINANCE,Unpaid reservation tracker,true,"Jul 9, 2026, 5:10:25 PM","Jul 9, 2026, 5:10:25 PM"
637e8a64b8e6e50030a658b7,trey@modernvrm.com,pro,Mid-Market,true,,FINANCE,Tax Configuration Audit,true,"Jul 9, 2026, 5:10:14 PM","Jul 9, 2026, 5:10:14 PM"
637e8a64b8e6e50030a658b7,trey@modernvrm.com,pro,Mid-Market,true,,OPERATIONS,Stay status reconciler,true,"Jul 9, 2026, 5:10:07 PM","Jul 9, 2026, 5:10:07 PM"
637e8a64b8e6e50030a658b7,trey@modernvrm.com,pro,Mid-Market,true,,OPERATIONS,Review to task dispatcher,true,"Jul 9, 2026, 5:09:36 PM","Jul 9, 2026, 5:09:36 PM"
637e8a64b8e6e50030a658b7,trey@modernvrm.com,pro,Mid-Market,true,,OPERATIONS,Risky reservation detector,true,"Jul 9, 2026, 5:09:22 PM","Jul 9, 2026, 5:09:22 PM"
637e8a64b8e6e50030a658b7,trey@modernvrm.com,pro,Mid-Market,true,,COMMUNICATIONS,Saved replies optimizer,true,"Jul 9, 2026, 5:09:19 PM","Jul 9, 2026, 5:09:19 PM"
637e8a64b8e6e50030a658b7,trey@modernvrm.com,pro,Mid-Market,true,,COMMUNICATIONS,Review response drafter,true,"Jul 9, 2026, 5:08:59 PM","Jul 9, 2026, 5:08:59 PM"
5d652541b6dd0d0022186a5a,TWO KEENS,pro,Mid-Market,true,,OPERATIONS,Translation gap filler,true,"Jul 9, 2026, 5:08:10 PM","Jul 9, 2026, 5:08:10 PM"
5d652541b6dd0d0022186a5a,TWO KEENS,pro,Mid-Market,true,,OPERATIONS,Weekly Operation Brief,true,"Jul 9, 2026, 5:07:41 PM","Jul 9, 2026, 5:07:41 PM"
5d652541b6dd0d0022186a5a,TWO KEENS,pro,Mid-Market,true,,OPERATIONS,Team access review,true,"Jul 9, 2026, 5:07:10 PM","Jul 9, 2026, 5:07:10 PM"
5d652541b6dd0d0022186a5a,TWO KEENS,pro,Mid-Market,true,,COMMUNICATIONS,Saved replies optimizer,true,"Jul 9, 2026, 5:06:43 PM","Jul 9, 2026, 5:06:43 PM"
5d652541b6dd0d0022186a5a,TWO KEENS,pro,Mid-Market,true,,OPERATIONS,Review to task dispatcher,true,"Jul 9, 2026, 5:06:32 PM","Jul 9, 2026, 5:06:32 PM"
5d652541b6dd0d0022186a5a,TWO KEENS,pro,Mid-Market,true,,COMMUNICATIONS,Review response drafter,true,"Jul 9, 2026, 5:06:23 PM","Jul 9, 2026, 5:06:23 PM"
5d652541b6dd0d0022186a5a,TWO KEENS,pro,Mid-Market,true,,COMMUNICATIONS,Negative review challenger,true,"Jul 9, 2026, 5:06:02 PM","Jul 9, 2026, 5:06:02 PM"
5d652541b6dd0d0022186a5a,TWO KEENS,pro,Mid-Market,true,,ACCOUNTING,Monthly cancelled reservations,true,"Jul 9, 2026, 5:05:46 PM","Jul 9, 2026, 5:05:46 PM"
5d652541b6dd0d0022186a5a,TWO KEENS,pro,Mid-Market,true,,OPERATIONS,Maintenance tracker,true,"Jul 9, 2026, 5:05:22 PM","Jul 9, 2026, 5:05:22 PM"
5d652541b6dd0d0022186a5a,TWO KEENS,pro,Mid-Market,true,,OPERATIONS,Inquiry expiry manager,true,"Jul 9, 2026, 5:05:05 PM","Jul 9, 2026, 5:05:05 PM"
5d652541b6dd0d0022186a5a,TWO KEENS,pro,Mid-Market,true,,FINANCE,Fee configuration detector,true,"Jul 9, 2026, 5:04:42 PM","Jul 9, 2026, 5:04:42 PM"
68ae49d7c3307ffd38a1c25c,"Penthouse 9 Corporation ",pro,Mid-Market,true,,FINANCE,Security deposit extender,true,"Jul 9, 2026, 5:04:06 PM","Jul 9, 2026, 5:04:06 PM"
68ae49d7c3307ffd38a1c25c,"Penthouse 9 Corporation ",pro,Mid-Market,true,,OPERATIONS,Reservation duplicate detector,true,"Jul 9, 2026, 5:03:50 PM","Jul 9, 2026, 5:03:50 PM"
6760632b8273ca1f01cfdf58,PMI Metro Lakes,pro,Mid-Market,true,hq_child,OPERATIONS,Calendar conflict detector,true,"Jul 9, 2026, 5:03:35 PM","Jul 9, 2026, 5:03:35 PM"
5d652541b6dd0d0022186a5a,TWO KEENS,pro,Mid-Market,true,,OPERATIONS,Daily task coverage board,true,"Jul 9, 2026, 5:03:32 PM","Jul 9, 2026, 5:03:32 PM"
6760632b8273ca1f01cfdf58,PMI Metro Lakes,pro,Mid-Market,true,hq_child,OPERATIONS,Translation gap filler,true,"Jul 9, 2026, 5:03:25 PM","Jul 9, 2026, 5:03:25 PM"
6760632b8273ca1f01cfdf58,PMI Metro Lakes,pro,Mid-Market,true,hq_child,OPERATIONS,Stay status reconciler,true,"Jul 9, 2026, 5:03:15 PM","Jul 9, 2026, 5:03:15 PM"
5d652541b6dd0d0022186a5a,TWO KEENS,pro,Mid-Market,true,,OPERATIONS,Commitment keeper,true,"Jul 9, 2026, 5:03:14 PM","Jul 9, 2026, 5:03:14 PM"
637e8a64b8e6e50030a658b7,trey@modernvrm.com,pro,Mid-Market,true,,OPERATIONS,Reservation handoff brief,true,"Jul 9, 2026, 5:03:02 PM","Jul 9, 2026, 5:03:02 PM"
637e8a64b8e6e50030a658b7,trey@modernvrm.com,pro,Mid-Market,true,,OPERATIONS,Reservation duplicate detector,true,"Jul 9, 2026, 5:02:38 PM","Jul 9, 2026, 5:02:38 PM"
68ae49d7c3307ffd38a1c25c,"Penthouse 9 Corporation ",pro,Mid-Market,true,,ACCOUNTING,Monthly cancelled reservations,true,"Jul 9, 2026, 5:01:42 PM","Jul 9, 2026, 5:01:42 PM"
68ae49d7c3307ffd38a1c25c,"Penthouse 9 Corporation ",pro,Mid-Market,true,,OPERATIONS,Daily task coverage board,true,"Jul 9, 2026, 5:01:32 PM","Jul 9, 2026, 5:01:32 PM"
68ae49d7c3307ffd38a1c25c,"Penthouse 9 Corporation ",pro,Mid-Market,true,,FINANCE,Fee configuration detector,true,"Jul 9, 2026, 5:01:26 PM","Jul 9, 2026, 5:01:26 PM"
68ae49d7c3307ffd38a1c25c,"Penthouse 9 Corporation ",pro,Mid-Market,true,,ACCOUNTING,Advance deposit checker,true,"Jul 9, 2026, 5:01:13 PM","Jul 9, 2026, 5:01:13 PM"
6760632b8273ca1f01cfdf58,PMI Metro Lakes,pro,Mid-Market,true,hq_child,ACCOUNTING,Monthly cancelled reservations,true,"Jul 9, 2026, 5:01:09 PM","Jul 9, 2026, 5:01:09 PM"
6760632b8273ca1f01cfdf58,PMI Metro Lakes,pro,Mid-Market,true,hq_child,ACCOUNTING,Advance deposit checker,true,"Jul 9, 2026, 5:01:03 PM","Jul 9, 2026, 5:01:03 PM"
6760632b8273ca1f01cfdf58,PMI Metro Lakes,pro,Mid-Market,true,hq_child,COMMUNICATIONS,Negative review challenger,true,"Jul 9, 2026, 5:00:34 PM","Jul 9, 2026, 5:00:34 PM"
6760632b8273ca1f01cfdf58,PMI Metro Lakes,pro,Mid-Market,true,hq_child,OPERATIONS,Risky reservation detector,true,"Jul 9, 2026, 4:59:19 PM","Jul 9, 2026, 4:59:19 PM"
6760632b8273ca1f01cfdf58,PMI Metro Lakes,pro,Mid-Market,true,hq_child,OPERATIONS,Review to task dispatcher,true,"Jul 9, 2026, 4:59:10 PM","Jul 9, 2026, 4:59:10 PM"
6760632b8273ca1f01cfdf58,PMI Metro Lakes,pro,Mid-Market,true,hq_child,OPERATIONS,Amenity gap detector,true,"Jul 9, 2026, 4:58:58 PM","Jul 9, 2026, 4:58:58 PM"
6760632b8273ca1f01cfdf58,PMI Metro Lakes,pro,Mid-Market,true,hq_child,OPERATIONS,Commitment keeper,true,"Jul 9, 2026, 4:58:53 PM","Jul 9, 2026, 4:58:53 PM"
6760632b8273ca1f01cfdf58,PMI Metro Lakes,pro,Mid-Market,true,hq_child,FINANCE,Fee configuration detector,true,"Jul 9, 2026, 4:58:14 PM","Jul 9, 2026, 4:58:14 PM"
6760632b8273ca1f01cfdf58,PMI Metro Lakes,pro,Mid-Market,true,hq_child,FINANCE,Unpaid reservation tracker,true,"Jul 9, 2026, 4:58:04 PM","Jul 9, 2026, 4:58:04 PM"
6760632b8273ca1f01cfdf58,PMI Metro Lakes,pro,Mid-Market,true,hq_child,FINANCE,Tax Configuration Audit,true,"Jul 9, 2026, 4:57:50 PM","Jul 9, 2026, 4:57:50 PM"
6760632b8273ca1f01cfdf58,PMI Metro Lakes,pro,Mid-Market,true,hq_child,COMMUNICATIONS,Saved replies optimizer,true,"Jul 9, 2026, 4:57:21 PM","Jul 9, 2026, 4:57:21 PM"
6760632b8273ca1f01cfdf58,PMI Metro Lakes,pro,Mid-Market,true,hq_child,COMMUNICATIONS,Review response drafter,true,"Jul 9, 2026, 4:57:12 PM","Jul 9, 2026, 4:57:12 PM"
6760632b8273ca1f01cfdf58,PMI Metro Lakes,pro,Mid-Market,true,hq_child,OPERATIONS,Daily task coverage board,true,"Jul 9, 2026, 4:56:13 PM","Jul 9, 2026, 4:56:13 PM"
667e7783b9fa45b28b1add33,Marone Management Kft.,pro,Mid-Market,true,,OPERATIONS,Calendar conflict detector,true,"Jul 9, 2026, 4:56:12 PM","Jul 9, 2026, 4:56:12 PM"
68da7920455d7fda43611996,Juan Martin Starobinsky,pro,SMB,true,,COMMUNICATIONS,Saved replies optimizer,true,"Jul 9, 2026, 4:56:01 PM","Jul 9, 2026, 4:56:01 PM"
68ae49d7c3307ffd38a1c25c,"Penthouse 9 Corporation ",pro,Mid-Market,true,,FINANCE,Tax Configuration Audit,true,"Jul 9, 2026, 4:55:56 PM","Jul 9, 2026, 4:55:56 PM"
68da7920455d7fda43611996,Juan Martin Starobinsky,pro,SMB,true,,COMMUNICATIONS,Negative review challenger,true,"Jul 9, 2026, 4:55:50 PM","Jul 9, 2026, 4:55:50 PM"
6760632b8273ca1f01cfdf58,PMI Metro Lakes,pro,Mid-Market,true,hq_child,OPERATIONS,Weekly Operation Brief,true,"Jul 9, 2026, 4:55:44 PM","Jul 9, 2026, 4:55:44 PM"
68da7920455d7fda43611996,Juan Martin Starobinsky,pro,SMB,true,,OPERATIONS,Reservation handoff brief,true,"Jul 9, 2026, 4:55:43 PM","Jul 9, 2026, 4:55:43 PM"
68ae49d7c3307ffd38a1c25c,"Penthouse 9 Corporation ",pro,Mid-Market,true,,OPERATIONS,Weekly Operation Brief,true,"Jul 9, 2026, 4:55:42 PM","Jul 9, 2026, 4:55:42 PM"
68da7920455d7fda43611996,Juan Martin Starobinsky,pro,SMB,true,,OPERATIONS,Commitment keeper,true,"Jul 9, 2026, 4:55:24 PM","Jul 9, 2026, 4:55:24 PM"
68ae49d7c3307ffd38a1c25c,"Penthouse 9 Corporation ",pro,Mid-Market,true,,OPERATIONS,Stay status reconciler,true,"Jul 9, 2026, 4:55:23 PM","Jul 9, 2026, 4:55:23 PM"
6760632b8273ca1f01cfdf58,PMI Metro Lakes,pro,Mid-Market,true,hq_child,OPERATIONS,Reservation handoff brief,true,"Jul 9, 2026, 4:55:16 PM","Jul 9, 2026, 4:55:16 PM"
68da7920455d7fda43611996,Juan Martin Starobinsky,pro,SMB,true,,OPERATIONS,Check-in readiness,false,"Jul 9, 2026, 4:55:16 PM","Jul 12, 2026, 10:47:42 PM"
6760632b8273ca1f01cfdf58,PMI Metro Lakes,pro,Mid-Market,true,hq_child,OPERATIONS,Inquiry expiry manager,true,"Jul 9, 2026, 4:55:09 PM","Jul 9, 2026, 4:55:09 PM"
6760632b8273ca1f01cfdf58,PMI Metro Lakes,pro,Mid-Market,true,hq_child,OPERATIONS,Check-in readiness,true,"Jul 9, 2026, 4:55:03 PM","Jul 9, 2026, 4:55:03 PM"
68da7920455d7fda43611996,Juan Martin Starobinsky,pro,SMB,true,,OPERATIONS,Risky reservation detector,true,"Jul 9, 2026, 4:54:30 PM","Jul 9, 2026, 4:54:30 PM"
68ae49d7c3307ffd38a1c25c,"Penthouse 9 Corporation ",pro,Mid-Market,true,,OPERATIONS,Maintenance tracker,true,"Jul 9, 2026, 4:54:25 PM","Jul 9, 2026, 4:54:25 PM"
68da7920455d7fda43611996,Juan Martin Starobinsky,pro,SMB,true,,OPERATIONS,Weekly Operation Brief,true,"Jul 9, 2026, 4:54:00 PM","Jul 9, 2026, 4:54:00 PM"
68da7920455d7fda43611996,Juan Martin Starobinsky,pro,SMB,true,,OPERATIONS,Translation gap filler,true,"Jul 9, 2026, 4:53:36 PM","Jul 9, 2026, 4:53:36 PM"
68ae49d7c3307ffd38a1c25c,"Penthouse 9 Corporation ",pro,Mid-Market,true,,OPERATIONS,Amenity gap detector,true,"Jul 9, 2026, 4:53:12 PM","Jul 9, 2026, 4:53:12 PM"
67f3e2c2c3c7926782f6fd63,Miami Vacation Rentals,pro,SME,true,,OPERATIONS,Reservation duplicate detector,true,"Jul 9, 2026, 4:53:11 PM","Jul 9, 2026, 4:53:11 PM"
67ab1db45e080b23fd369637,Maria Jose Perez,pro,SMB,true,,OPERATIONS,Reservation handoff brief,true,"Jul 9, 2026, 4:53:05 PM","Jul 9, 2026, 4:53:05 PM"
6a29bb58b474dc31355a117c,Hive Holiday Homes,pro,SME,true,,OWNER_RELATIONS,Owner payment details collector,true,"Jul 9, 2026, 4:53:01 PM","Jul 9, 2026, 4:53:01 PM"
6a29bb58b474dc31355a117c,Hive Holiday Homes,pro,SME,true,,OPERATIONS,Maintenance tracker,true,"Jul 9, 2026, 4:52:49 PM","Jul 9, 2026, 4:52:49 PM"
6a29bb58b474dc31355a117c,Hive Holiday Homes,pro,SME,true,,OPERATIONS,Inquiry expiry manager,true,"Jul 9, 2026, 4:52:38 PM","Jul 9, 2026, 4:52:38 PM"
6a29bb58b474dc31355a117c,Hive Holiday Homes,pro,SME,true,,FINANCE,Fee configuration detector,true,"Jul 9, 2026, 4:52:35 PM","Jul 9, 2026, 4:52:35 PM"
6a29bb58b474dc31355a117c,Hive Holiday Homes,pro,SME,true,,OPERATIONS,Daily task coverage board,true,"Jul 9, 2026, 4:52:30 PM","Jul 9, 2026, 4:52:30 PM"
6a29bb58b474dc31355a117c,Hive Holiday Homes,pro,SME,true,,OPERATIONS,Commitment keeper,true,"Jul 9, 2026, 4:52:26 PM","Jul 9, 2026, 4:52:26 PM"
6a29bb58b474dc31355a117c,Hive Holiday Homes,pro,SME,true,,OPERATIONS,Check-in readiness,true,"Jul 9, 2026, 4:52:24 PM","Jul 9, 2026, 4:52:24 PM"
6a29bb58b474dc31355a117c,Hive Holiday Homes,pro,SME,true,,OPERATIONS,Calendar conflict detector,true,"Jul 9, 2026, 4:52:20 PM","Jul 9, 2026, 4:52:20 PM"
6a29bb58b474dc31355a117c,Hive Holiday Homes,pro,SME,true,,OPERATIONS,Amenity gap detector,true,"Jul 9, 2026, 4:52:16 PM","Jul 9, 2026, 4:52:16 PM"
637e8a64b8e6e50030a658b7,trey@modernvrm.com,pro,Mid-Market,true,,OWNER_RELATIONS,Owner payment details collector,true,"Jul 9, 2026, 4:52:10 PM","Jul 9, 2026, 4:52:10 PM"
67f3e2c2c3c7926782f6fd63,Miami Vacation Rentals,pro,SME,true,,OPERATIONS,Calendar conflict detector,true,"Jul 9, 2026, 4:52:02 PM","Jul 9, 2026, 4:52:02 PM"
637e8a64b8e6e50030a658b7,trey@modernvrm.com,pro,Mid-Market,true,,COMMUNICATIONS,Negative review challenger,true,"Jul 9, 2026, 4:51:53 PM","Jul 9, 2026, 4:51:53 PM"
637e8a64b8e6e50030a658b7,trey@modernvrm.com,pro,Mid-Market,true,,ACCOUNTING,Monthly cancelled reservations,true,"Jul 9, 2026, 4:51:45 PM","Jul 9, 2026, 4:51:45 PM"
6760632b8273ca1f01cfdf58,PMI Metro Lakes,pro,Mid-Market,true,hq_child,OPERATIONS,Maintenance tracker,true,"Jul 9, 2026, 4:51:29 PM","Jul 9, 2026, 4:51:29 PM"
637e8a64b8e6e50030a658b7,trey@modernvrm.com,pro,Mid-Market,true,,FINANCE,Fee configuration detector,true,"Jul 9, 2026, 4:51:28 PM","Jul 9, 2026, 4:51:28 PM"
67ab1db45e080b23fd369637,Maria Jose Perez,pro,SMB,true,,OPERATIONS,Maintenance tracker,true,"Jul 9, 2026, 4:51:27 PM","Jul 9, 2026, 4:51:27 PM"
68ae49d7c3307ffd38a1c25c,"Penthouse 9 Corporation ",pro,Mid-Market,true,,OPERATIONS,Team access review,true,"Jul 9, 2026, 4:51:13 PM","Jul 9, 2026, 4:51:13 PM"
637e8a64b8e6e50030a658b7,trey@modernvrm.com,pro,Mid-Market,true,,OPERATIONS,Inquiry expiry manager,true,"Jul 9, 2026, 4:51:12 PM","Jul 9, 2026, 4:51:12 PM"
68ae49d7c3307ffd38a1c25c,"Penthouse 9 Corporation ",pro,Mid-Market,true,,OPERATIONS,Translation gap filler,true,"Jul 9, 2026, 4:50:59 PM","Jul 9, 2026, 4:50:59 PM"
67f3e2c2c3c7926782f6fd63,Miami Vacation Rentals,pro,SME,true,,COMMUNICATIONS,Negative review challenger,true,"Jul 9, 2026, 4:50:56 PM","Jul 9, 2026, 4:50:56 PM"
637e8a64b8e6e50030a658b7,trey@modernvrm.com,pro,Mid-Market,true,,OPERATIONS,Maintenance tracker,true,"Jul 9, 2026, 4:50:56 PM","Jul 9, 2026, 4:50:56 PM"
637e8a64b8e6e50030a658b7,trey@modernvrm.com,pro,Mid-Market,true,,OPERATIONS,Daily task coverage board,true,"Jul 9, 2026, 4:50:47 PM","Jul 9, 2026, 4:50:47 PM"
637e8a64b8e6e50030a658b7,trey@modernvrm.com,pro,Mid-Market,true,,OPERATIONS,Commitment keeper,true,"Jul 9, 2026, 4:50:37 PM","Jul 9, 2026, 4:50:37 PM"
637e8a64b8e6e50030a658b7,trey@modernvrm.com,pro,Mid-Market,true,,OPERATIONS,Check-in readiness,true,"Jul 9, 2026, 4:50:30 PM","Jul 9, 2026, 4:50:30 PM"
68a4bfc198a490922e9193f4,B-Infiniti Villas & Homes,pro,Mid-Market,true,,OPERATIONS,Commitment keeper,true,"Jul 9, 2026, 4:50:29 PM","Jul 9, 2026, 4:50:29 PM"
60129a280d6c74003082c75c,QF Living Ltd.,pro,Mid-Market,true,,OPERATIONS,Maintenance tracker,true,"Jul 9, 2026, 4:50:28 PM","Jul 9, 2026, 4:50:28 PM"
68ae49d7c3307ffd38a1c25c,"Penthouse 9 Corporation ",pro,Mid-Market,true,,FINANCE,Unpaid reservation tracker,true,"Jul 9, 2026, 4:50:25 PM","Jul 9, 2026, 4:50:25 PM"
60129a280d6c74003082c75c,QF Living Ltd.,pro,Mid-Market,true,,OPERATIONS,Inquiry expiry manager,true,"Jul 9, 2026, 4:50:14 PM","Jul 9, 2026, 4:50:14 PM"
6a29bb58b474dc31355a117c,Hive Holiday Homes,pro,SME,true,,COMMUNICATIONS,Saved replies optimizer,true,"Jul 9, 2026, 4:50:04 PM","Jul 9, 2026, 4:50:04 PM"
60129a280d6c74003082c75c,QF Living Ltd.,pro,Mid-Market,true,,OPERATIONS,Translation gap filler,true,"Jul 9, 2026, 4:50:03 PM","Jul 9, 2026, 4:50:03 PM"
67f3e2c2c3c7926782f6fd63,Miami Vacation Rentals,pro,SME,true,,FINANCE,Unpaid reservation tracker,true,"Jul 9, 2026, 4:50:02 PM","Jul 9, 2026, 4:50:02 PM"
6a29bb58b474dc31355a117c,Hive Holiday Homes,pro,SME,true,,COMMUNICATIONS,Review response drafter,true,"Jul 9, 2026, 4:50:01 PM","Jul 9, 2026, 4:50:01 PM"
67ab1db45e080b23fd369637,Maria Jose Perez,pro,SMB,true,,FINANCE,Unpaid reservation tracker,true,"Jul 9, 2026, 4:49:57 PM","Jul 9, 2026, 4:49:57 PM"
6a29bb58b474dc31355a117c,Hive Holiday Homes,pro,SME,true,,COMMUNICATIONS,Negative review challenger,true,"Jul 9, 2026, 4:49:56 PM","Jul 9, 2026, 4:49:56 PM"
68ae49d7c3307ffd38a1c25c,"Penthouse 9 Corporation ",pro,Mid-Market,true,,COMMUNICATIONS,Saved replies optimizer,true,"Jul 9, 2026, 4:49:51 PM","Jul 9, 2026, 4:49:51 PM"
68a4bfc198a490922e9193f4,B-Infiniti Villas & Homes,pro,Mid-Market,true,,OPERATIONS,Check-in readiness,true,"Jul 9, 2026, 4:49:50 PM","Jul 9, 2026, 4:49:50 PM"
637e8a64b8e6e50030a658b7,trey@modernvrm.com,pro,Mid-Market,true,,OPERATIONS,Calendar conflict detector,true,"Jul 9, 2026, 4:49:42 PM","Jul 9, 2026, 4:49:42 PM"
68ae49d7c3307ffd38a1c25c,"Penthouse 9 Corporation ",pro,Mid-Market,true,,OPERATIONS,Reservation handoff brief,true,"Jul 9, 2026, 4:49:40 PM","Jul 9, 2026, 4:49:40 PM"
637e8a64b8e6e50030a658b7,trey@modernvrm.com,pro,Mid-Market,true,,OPERATIONS,Amenity gap detector,true,"Jul 9, 2026, 4:49:34 PM","Jul 9, 2026, 4:49:34 PM"
67ab1db45e080b23fd369637,Maria Jose Perez,pro,SMB,true,,OPERATIONS,Risky reservation detector,true,"Jul 9, 2026, 4:49:32 PM","Jul 9, 2026, 4:49:32 PM"
637e8a64b8e6e50030a658b7,trey@modernvrm.com,pro,Mid-Market,true,,ACCOUNTING,Advance deposit checker,true,"Jul 9, 2026, 4:49:25 PM","Jul 9, 2026, 4:49:25 PM"
67ab1db45e080b23fd369637,Maria Jose Perez,pro,SMB,true,,OPERATIONS,Check-in readiness,true,"Jul 9, 2026, 4:49:13 PM","Jul 9, 2026, 4:49:13 PM"
622728f1e729f7003530a929,Equity Residences,pro,Mid-Market,true,,FINANCE,Unpaid reservation tracker,true,"Jul 9, 2026, 4:49:10 PM","Jul 9, 2026, 4:49:10 PM"
68ae49d7c3307ffd38a1c25c,"Penthouse 9 Corporation ",pro,Mid-Market,true,,OPERATIONS,Inquiry expiry manager,true,"Jul 9, 2026, 4:49:08 PM","Jul 9, 2026, 4:49:08 PM"
67f3e2c2c3c7926782f6fd63,Miami Vacation Rentals,pro,SME,true,,OPERATIONS,Risky reservation detector,true,"Jul 9, 2026, 4:48:38 PM","Jul 9, 2026, 4:48:38 PM"
60129a280d6c74003082c75c,QF Living Ltd.,pro,Mid-Market,true,,FINANCE,Unpaid reservation tracker,true,"Jul 9, 2026, 4:48:20 PM","Jul 9, 2026, 4:48:20 PM"
60129a280d6c74003082c75c,QF Living Ltd.,pro,Mid-Market,true,,OPERATIONS,Risky reservation detector,true,"Jul 9, 2026, 4:48:08 PM","Jul 9, 2026, 4:48:08 PM"
686fb07b6376a7987b6c1618,SONN'IDYLL Retreats e.G.,pro,SMB,true,,FINANCE,Unpaid reservation tracker,true,"Jul 9, 2026, 4:48:00 PM","Jul 9, 2026, 4:48:00 PM"
60129a280d6c74003082c75c,QF Living Ltd.,pro,Mid-Market,true,,COMMUNICATIONS,Review response drafter,true,"Jul 9, 2026, 4:47:52 PM","Jul 9, 2026, 4:47:52 PM"
60129a280d6c74003082c75c,QF Living Ltd.,pro,Mid-Market,true,,COMMUNICATIONS,Negative review challenger,true,"Jul 9, 2026, 4:47:43 PM","Jul 9, 2026, 4:47:43 PM"
686fb07b6376a7987b6c1618,SONN'IDYLL Retreats e.G.,pro,SMB,true,,OPERATIONS,Translation gap filler,true,"Jul 9, 2026, 4:47:39 PM","Jul 9, 2026, 4:47:39 PM"
60129a280d6c74003082c75c,QF Living Ltd.,pro,Mid-Market,true,,OPERATIONS,Commitment keeper,true,"Jul 9, 2026, 4:47:29 PM","Jul 9, 2026, 4:47:29 PM"
60129a280d6c74003082c75c,QF Living Ltd.,pro,Mid-Market,true,,OPERATIONS,Calendar conflict detector,true,"Jul 9, 2026, 4:47:06 PM","Jul 9, 2026, 4:47:06 PM"
686fb07b6376a7987b6c1618,SONN'IDYLL Retreats e.G.,pro,SMB,true,,OPERATIONS,Calendar conflict detector,true,"Jul 9, 2026, 4:46:51 PM","Jul 9, 2026, 4:46:51 PM"
667e7783b9fa45b28b1add33,Marone Management Kft.,pro,Mid-Market,true,,OPERATIONS,Amenity gap detector,true,"Jul 9, 2026, 4:46:38 PM","Jul 9, 2026, 4:46:38 PM"
686fb07b6376a7987b6c1618,SONN'IDYLL Retreats e.G.,pro,SMB,true,,OPERATIONS,Inquiry expiry manager,true,"Jul 9, 2026, 4:46:30 PM","Jul 9, 2026, 4:46:30 PM"
686fb07b6376a7987b6c1618,SONN'IDYLL Retreats e.G.,pro,SMB,true,,OPERATIONS,Check-in readiness,true,"Jul 9, 2026, 4:46:17 PM","Jul 9, 2026, 4:46:17 PM"
667e7783b9fa45b28b1add33,Marone Management Kft.,pro,Mid-Market,true,,OPERATIONS,Weekly Operation Brief,true,"Jul 9, 2026, 4:45:41 PM","Jul 9, 2026, 4:45:41 PM"
667e7783b9fa45b28b1add33,Marone Management Kft.,pro,Mid-Market,true,,COMMUNICATIONS,Saved replies optimizer,true,"Jul 9, 2026, 4:43:25 PM","Jul 9, 2026, 4:43:25 PM"
667e7783b9fa45b28b1add33,Marone Management Kft.,pro,Mid-Market,true,,OPERATIONS,Review to task dispatcher,true,"Jul 9, 2026, 4:40:38 PM","Jul 9, 2026, 4:40:38 PM"
667e7783b9fa45b28b1add33,Marone Management Kft.,pro,Mid-Market,true,,COMMUNICATIONS,Negative review challenger,true,"Jul 9, 2026, 4:38:43 PM","Jul 9, 2026, 4:38:43 PM"
68a2b19a05a59cdc4ff30418,"TAMON CAPITAL GROUP, LLC",pro,SMB,true,,FINANCE,Unpaid reservation tracker,true,"Jul 9, 2026, 4:37:32 PM","Jul 9, 2026, 4:37:32 PM"
68a2b19a05a59cdc4ff30418,"TAMON CAPITAL GROUP, LLC",pro,SMB,true,,OPERATIONS,Weekly Operation Brief,true,"Jul 9, 2026, 4:37:13 PM","Jul 9, 2026, 4:37:13 PM"
68b07ca02302dce34a4ade51,ANANA HOMES,pro,SMB,true,,FINANCE,Unpaid reservation tracker,false,"Jul 9, 2026, 4:34:10 PM","Jul 9, 2026, 4:45:11 PM"
686fb07b6376a7987b6c1618,SONN'IDYLL Retreats e.G.,pro,SMB,true,,COMMUNICATIONS,Negative review challenger,false,"Jul 9, 2026, 4:33:58 PM","Jul 10, 2026, 1:54:04 PM"
686fb07b6376a7987b6c1618,SONN'IDYLL Retreats e.G.,pro,SMB,true,,COMMUNICATIONS,Saved replies optimizer,false,"Jul 9, 2026, 4:33:49 PM","Jul 10, 2026, 1:54:18 PM"
686fb07b6376a7987b6c1618,SONN'IDYLL Retreats e.G.,pro,SMB,true,,COMMUNICATIONS,Review response drafter,false,"Jul 9, 2026, 4:33:31 PM","Jul 10, 2026, 1:54:12 PM"
68b07ca02302dce34a4ade51,ANANA HOMES,pro,SMB,true,,OPERATIONS,Risky reservation detector,true,"Jul 9, 2026, 4:33:29 PM","Jul 9, 2026, 4:33:29 PM"
63d7edf439e935004cc1d253,Stars Vacation Homes,pro,SME,true,,OWNER_RELATIONS,Owner payment details collector,true,"Jul 9, 2026, 4:33:01 PM","Jul 9, 2026, 4:33:01 PM"
63d7edf439e935004cc1d253,Stars Vacation Homes,pro,SME,true,,FINANCE,Unpaid reservation tracker,true,"Jul 9, 2026, 4:32:53 PM","Jul 9, 2026, 4:32:53 PM"
63d7edf439e935004cc1d253,Stars Vacation Homes,pro,SME,true,,FINANCE,Tax Configuration Audit,true,"Jul 9, 2026, 4:32:47 PM","Jul 9, 2026, 4:32:47 PM"
63d7edf439e935004cc1d253,Stars Vacation Homes,pro,SME,true,,FINANCE,Fee configuration detector,true,"Jul 9, 2026, 4:32:30 PM","Jul 9, 2026, 4:32:30 PM"
63d7edf439e935004cc1d253,Stars Vacation Homes,pro,SME,true,,ACCOUNTING,Advance deposit checker,true,"Jul 9, 2026, 4:32:20 PM","Jul 9, 2026, 4:32:20 PM"
63d7edf439e935004cc1d253,Stars Vacation Homes,pro,SME,true,,ACCOUNTING,Monthly cancelled reservations,true,"Jul 9, 2026, 4:32:14 PM","Jul 9, 2026, 4:32:14 PM"
63d7edf439e935004cc1d253,Stars Vacation Homes,pro,SME,true,,COMMUNICATIONS,Saved replies optimizer,true,"Jul 9, 2026, 4:32:03 PM","Jul 9, 2026, 4:32:03 PM"
63d7edf439e935004cc1d253,Stars Vacation Homes,pro,SME,true,,COMMUNICATIONS,Review response drafter,true,"Jul 9, 2026, 4:31:58 PM","Jul 9, 2026, 4:31:58 PM"
63d7edf439e935004cc1d253,Stars Vacation Homes,pro,SME,true,,OPERATIONS,Weekly Operation Brief,true,"Jul 9, 2026, 4:31:48 PM","Jul 9, 2026, 4:31:48 PM"
63d7edf439e935004cc1d253,Stars Vacation Homes,pro,SME,true,,OPERATIONS,Translation gap filler,true,"Jul 9, 2026, 4:31:44 PM","Jul 9, 2026, 4:31:44 PM"
63d7edf439e935004cc1d253,Stars Vacation Homes,pro,SME,true,,OPERATIONS,Team access review,true,"Jul 9, 2026, 4:31:40 PM","Jul 9, 2026, 4:31:40 PM"
63d7edf439e935004cc1d253,Stars Vacation Homes,pro,SME,true,,OPERATIONS,Stay status reconciler,true,"Jul 9, 2026, 4:31:34 PM","Jul 9, 2026, 4:31:34 PM"
63d7edf439e935004cc1d253,Stars Vacation Homes,pro,SME,true,,OPERATIONS,Risky reservation detector,true,"Jul 9, 2026, 4:31:17 PM","Jul 9, 2026, 4:31:17 PM"
63d7edf439e935004cc1d253,Stars Vacation Homes,pro,SME,true,,OPERATIONS,Review to task dispatcher,true,"Jul 9, 2026, 4:31:06 PM","Jul 9, 2026, 4:31:06 PM"
63d7edf439e935004cc1d253,Stars Vacation Homes,pro,SME,true,,OPERATIONS,Reservation handoff brief,true,"Jul 9, 2026, 4:30:53 PM","Jul 9, 2026, 4:30:53 PM"
63d7edf439e935004cc1d253,Stars Vacation Homes,pro,SME,true,,OPERATIONS,Reservation duplicate detector,true,"Jul 9, 2026, 4:30:45 PM","Jul 9, 2026, 4:30:45 PM"
5c239af5aff3ee0028284d7d,Neat Suites,pro,SME,true,,FINANCE,Fee configuration detector,true,"Jul 9, 2026, 4:30:24 PM","Jul 9, 2026, 4:30:24 PM"
64139ff3c65440002b13309c,openroadstays,pro,Mid-Market,true,,OPERATIONS,Commitment keeper,true,"Jul 9, 2026, 4:30:22 PM","Jul 9, 2026, 4:30:22 PM"
63d7edf439e935004cc1d253,Stars Vacation Homes,pro,SME,true,,OPERATIONS,Inquiry expiry manager,true,"Jul 9, 2026, 4:30:07 PM","Jul 9, 2026, 4:30:07 PM"
6859df8e8e18aabad83b38e6,Newport Beach Vacation Properties,pro,SME,true,,ACCOUNTING,Monthly cancelled reservations,true,"Jul 9, 2026, 4:29:51 PM","Jul 9, 2026, 4:29:51 PM"
64139ff3c65440002b13309c,openroadstays,pro,Mid-Market,true,,OPERATIONS,Weekly Operation Brief,true,"Jul 9, 2026, 4:29:50 PM","Jul 9, 2026, 4:29:50 PM"
64139ff3c65440002b13309c,openroadstays,pro,Mid-Market,true,,COMMUNICATIONS,Saved replies optimizer,true,"Jul 9, 2026, 4:29:33 PM","Jul 9, 2026, 4:29:33 PM"
64139ff3c65440002b13309c,openroadstays,pro,Mid-Market,true,,FINANCE,Fee configuration detector,true,"Jul 9, 2026, 4:29:16 PM","Jul 9, 2026, 4:29:16 PM"
63d7edf439e935004cc1d253,Stars Vacation Homes,pro,SME,true,,OPERATIONS,Daily task coverage board,true,"Jul 9, 2026, 4:28:58 PM","Jul 9, 2026, 4:28:58 PM"
63d7edf439e935004cc1d253,Stars Vacation Homes,pro,SME,true,,OPERATIONS,Commitment keeper,true,"Jul 9, 2026, 4:28:53 PM","Jul 9, 2026, 4:28:53 PM"
6859df8e8e18aabad83b38e6,Newport Beach Vacation Properties,pro,SME,true,,FINANCE,Unpaid reservation tracker,true,"Jul 9, 2026, 4:28:51 PM","Jul 9, 2026, 4:28:51 PM"
64139ff3c65440002b13309c,openroadstays,pro,Mid-Market,true,,COMMUNICATIONS,Review response drafter,true,"Jul 9, 2026, 4:28:49 PM","Jul 9, 2026, 4:28:49 PM"
64139ff3c65440002b13309c,openroadstays,pro,Mid-Market,true,,COMMUNICATIONS,Negative review challenger,true,"Jul 9, 2026, 4:28:42 PM","Jul 9, 2026, 4:28:42 PM"
6536e701dc41f79f2ebae0fb,"What matters, we host.",pro,Mid-Market,true,,OPERATIONS,Risky reservation detector,true,"Jul 9, 2026, 4:28:33 PM","Jul 9, 2026, 4:28:33 PM"
63d7edf439e935004cc1d253,Stars Vacation Homes,pro,SME,true,,OPERATIONS,Check-in readiness,true,"Jul 9, 2026, 4:28:28 PM","Jul 9, 2026, 4:28:28 PM"
63d7edf439e935004cc1d253,Stars Vacation Homes,pro,SME,true,,OPERATIONS,Amenity gap detector,true,"Jul 9, 2026, 4:28:17 PM","Jul 9, 2026, 4:28:17 PM"
68ae49d7c3307ffd38a1c25c,"Penthouse 9 Corporation ",pro,Mid-Market,true,,OPERATIONS,Review to task dispatcher,true,"Jul 9, 2026, 4:28:09 PM","Jul 9, 2026, 4:28:09 PM"
6602f6870e127ba484a75426,Las Clementinas Hospitality,pro,SMB,true,,OPERATIONS,Risky reservation detector,true,"Jul 9, 2026, 4:27:50 PM","Jul 9, 2026, 4:27:50 PM"
68ae49d7c3307ffd38a1c25c,"Penthouse 9 Corporation ",pro,Mid-Market,true,,OPERATIONS,Risky reservation detector,true,"Jul 9, 2026, 4:27:48 PM","Jul 9, 2026, 4:27:48 PM"
6536e701dc41f79f2ebae0fb,"What matters, we host.",pro,Mid-Market,true,,COMMUNICATIONS,Negative review challenger,true,"Jul 9, 2026, 4:27:41 PM","Jul 9, 2026, 4:27:41 PM"
6542c4e210675435b7246225,Bungalow Solutions LLC,pro,SME,true,,OPERATIONS,Review to task dispatcher,true,"Jul 9, 2026, 4:27:20 PM","Jul 9, 2026, 4:27:20 PM"
68ae49d7c3307ffd38a1c25c,"Penthouse 9 Corporation ",pro,Mid-Market,true,,COMMUNICATIONS,Review response drafter,true,"Jul 9, 2026, 4:27:07 PM","Jul 9, 2026, 4:27:07 PM"
6536e701dc41f79f2ebae0fb,"What matters, we host.",pro,Mid-Market,true,,FINANCE,Tax Configuration Audit,true,"Jul 9, 2026, 4:27:04 PM","Jul 9, 2026, 4:27:04 PM"
68ae49d7c3307ffd38a1c25c,"Penthouse 9 Corporation ",pro,Mid-Market,true,,COMMUNICATIONS,Negative review challenger,true,"Jul 9, 2026, 4:26:58 PM","Jul 9, 2026, 4:26:58 PM"
6542c4e210675435b7246225,Bungalow Solutions LLC,pro,SME,true,,OPERATIONS,Reservation handoff brief,false,"Jul 9, 2026, 4:26:51 PM","Jul 13, 2026, 5:20:12 PM"
68ae49d7c3307ffd38a1c25c,"Penthouse 9 Corporation ",pro,Mid-Market,true,,OPERATIONS,Commitment keeper,true,"Jul 9, 2026, 4:26:44 PM","Jul 9, 2026, 4:26:44 PM"
68ae49d7c3307ffd38a1c25c,"Penthouse 9 Corporation ",pro,Mid-Market,true,,OPERATIONS,Calendar conflict detector,true,"Jul 9, 2026, 4:26:30 PM","Jul 9, 2026, 4:26:30 PM"
68ae49d7c3307ffd38a1c25c,"Penthouse 9 Corporation ",pro,Mid-Market,true,,OPERATIONS,Check-in readiness,true,"Jul 9, 2026, 4:26:23 PM","Jul 9, 2026, 4:26:23 PM"
6602f6870e127ba484a75426,Las Clementinas Hospitality,pro,SMB,true,,OPERATIONS,Reservation handoff brief,true,"Jul 9, 2026, 4:26:18 PM","Jul 9, 2026, 4:26:18 PM"
6512ec7058d8d49adbb30b06,Going Coastal Property Management,pro,SME,true,,OPERATIONS,Check-in readiness,false,"Jul 9, 2026, 4:26:06 PM","Jul 12, 2026, 10:57:49 PM"
6536e701dc41f79f2ebae0fb,"What matters, we host.",pro,Mid-Market,true,,OPERATIONS,Reservation duplicate detector,true,"Jul 9, 2026, 4:25:59 PM","Jul 9, 2026, 4:25:59 PM"
6536e701dc41f79f2ebae0fb,"What matters, we host.",pro,Mid-Market,true,,OPERATIONS,Calendar conflict detector,true,"Jul 9, 2026, 4:24:49 PM","Jul 9, 2026, 4:24:49 PM"
697a2cee97c71aa6720b0d44,Mountain Laurel Chalets,pro,Mid-Market,true,,OPERATIONS,Reservation handoff brief,true,"Jul 9, 2026, 4:24:13 PM","Jul 9, 2026, 4:24:13 PM"
60b4ed00a32033002e44e4e2,RSB Living / Management,pro,Mid-Market,true,,OPERATIONS,Reservation handoff brief,true,"Jul 9, 2026, 4:23:58 PM","Jul 9, 2026, 4:23:58 PM"
68a2b19a05a59cdc4ff30418,"TAMON CAPITAL GROUP, LLC",pro,SMB,true,,OPERATIONS,Reservation duplicate detector,true,"Jul 9, 2026, 4:23:58 PM","Jul 9, 2026, 4:23:58 PM"
60b4ed00a32033002e44e4e2,RSB Living / Management,pro,Mid-Market,true,,OPERATIONS,Daily task coverage board,true,"Jul 9, 2026, 4:23:09 PM","Jul 9, 2026, 4:23:09 PM"
68a2b19a05a59cdc4ff30418,"TAMON CAPITAL GROUP, LLC",pro,SMB,true,,OPERATIONS,Daily task coverage board,true,"Jul 9, 2026, 4:22:57 PM","Jul 9, 2026, 4:22:57 PM"
64139ff3c65440002b13309c,openroadstays,pro,Mid-Market,true,,OPERATIONS,Daily task coverage board,true,"Jul 9, 2026, 4:22:47 PM","Jul 9, 2026, 4:22:47 PM"
697a2cee97c71aa6720b0d44,Mountain Laurel Chalets,pro,Mid-Market,true,,OPERATIONS,Daily task coverage board,true,"Jul 9, 2026, 4:22:43 PM","Jul 9, 2026, 4:22:43 PM"
5d5c49b7ef0315001f6ee607,Portoro Homes,enterprise,Enterprise,true,,OPERATIONS,Review to task dispatcher,true,"Jul 9, 2026, 4:22:38 PM","Jul 9, 2026, 4:22:38 PM"
6542c4e210675435b7246225,Bungalow Solutions LLC,pro,SME,true,,OPERATIONS,Inquiry expiry manager,false,"Jul 9, 2026, 4:22:34 PM","Jul 13, 2026, 5:20:05 PM"
5d5c49b7ef0315001f6ee607,Portoro Homes,enterprise,Enterprise,true,,OPERATIONS,Commitment keeper,true,"Jul 9, 2026, 4:22:31 PM","Jul 9, 2026, 4:22:31 PM"
652fda962c12214e3195d48a,Nook Stays,pro,Mid-Market,true,,OPERATIONS,Risky reservation detector,true,"Jul 9, 2026, 4:20:39 PM","Jul 9, 2026, 4:20:39 PM"
6512ec7058d8d49adbb30b06,Going Coastal Property Management,pro,SME,true,,COMMUNICATIONS,Negative review challenger,true,"Jul 9, 2026, 4:20:38 PM","Jul 9, 2026, 4:20:38 PM"
652fda962c12214e3195d48a,Nook Stays,pro,Mid-Market,true,,OPERATIONS,Reservation duplicate detector,true,"Jul 9, 2026, 4:20:31 PM","Jul 9, 2026, 4:20:31 PM"
6536e701dc41f79f2ebae0fb,"What matters, we host.",pro,Mid-Market,true,,OPERATIONS,Amenity gap detector,true,"Jul 9, 2026, 4:20:18 PM","Jul 9, 2026, 4:20:18 PM"
652fda962c12214e3195d48a,Nook Stays,pro,Mid-Market,true,,OPERATIONS,Maintenance tracker,true,"Jul 9, 2026, 4:20:07 PM","Jul 9, 2026, 4:20:07 PM"
5d5c49b7ef0315001f6ee607,Portoro Homes,enterprise,Enterprise,true,,FINANCE,Unpaid reservation tracker,true,"Jul 9, 2026, 4:20:06 PM","Jul 9, 2026, 4:20:06 PM"
622728f1e729f7003530a929,Equity Residences,pro,Mid-Market,true,,OPERATIONS,Check-in readiness,true,"Jul 9, 2026, 4:20:06 PM","Jul 9, 2026, 4:20:06 PM"
5d5c49b7ef0315001f6ee607,Portoro Homes,enterprise,Enterprise,true,,FINANCE,Tax Configuration Audit,true,"Jul 9, 2026, 4:20:00 PM","Jul 9, 2026, 4:20:00 PM"
6512ec7058d8d49adbb30b06,Going Coastal Property Management,pro,SME,true,,ACCOUNTING,Advance deposit checker,true,"Jul 9, 2026, 4:19:54 PM","Jul 9, 2026, 4:19:54 PM"
6512ec7058d8d49adbb30b06,Going Coastal Property Management,pro,SME,true,,ACCOUNTING,Monthly cancelled reservations,true,"Jul 9, 2026, 4:19:42 PM","Jul 9, 2026, 4:19:42 PM"
5d5c49b7ef0315001f6ee607,Portoro Homes,enterprise,Enterprise,true,,ACCOUNTING,Advance deposit checker,true,"Jul 9, 2026, 4:19:39 PM","Jul 9, 2026, 4:19:39 PM"
5d5c49b7ef0315001f6ee607,Portoro Homes,enterprise,Enterprise,true,,ACCOUNTING,Monthly cancelled reservations,true,"Jul 9, 2026, 4:19:35 PM","Jul 9, 2026, 4:19:35 PM"
5d5c49b7ef0315001f6ee607,Portoro Homes,enterprise,Enterprise,true,,COMMUNICATIONS,Review response drafter,true,"Jul 9, 2026, 4:19:21 PM","Jul 9, 2026, 4:19:21 PM"
5c239af5aff3ee0028284d7d,Neat Suites,pro,SME,true,,COMMUNICATIONS,Review response drafter,true,"Jul 9, 2026, 4:19:15 PM","Jul 9, 2026, 4:19:15 PM"
5d5c49b7ef0315001f6ee607,Portoro Homes,enterprise,Enterprise,true,,COMMUNICATIONS,Negative review challenger,true,"Jul 9, 2026, 4:19:10 PM","Jul 9, 2026, 4:19:10 PM"
5d5c49b7ef0315001f6ee607,Portoro Homes,enterprise,Enterprise,true,,OPERATIONS,Reservation handoff brief,true,"Jul 9, 2026, 4:18:34 PM","Jul 9, 2026, 4:18:34 PM"
5d5c49b7ef0315001f6ee607,Portoro Homes,enterprise,Enterprise,true,,OPERATIONS,Reservation duplicate detector,true,"Jul 9, 2026, 4:18:18 PM","Jul 9, 2026, 4:18:18 PM"
5d5c49b7ef0315001f6ee607,Portoro Homes,enterprise,Enterprise,true,,OPERATIONS,Inquiry expiry manager,true,"Jul 9, 2026, 4:18:10 PM","Jul 9, 2026, 4:18:10 PM"
5d5c49b7ef0315001f6ee607,Portoro Homes,enterprise,Enterprise,true,,OPERATIONS,Calendar conflict detector,true,"Jul 9, 2026, 4:17:59 PM","Jul 9, 2026, 4:17:59 PM"
5d5c49b7ef0315001f6ee607,Portoro Homes,enterprise,Enterprise,true,,OPERATIONS,Check-in readiness,true,"Jul 9, 2026, 4:17:56 PM","Jul 9, 2026, 4:17:56 PM"
5d5c49b7ef0315001f6ee607,Portoro Homes,enterprise,Enterprise,true,,OPERATIONS,Risky reservation detector,true,"Jul 9, 2026, 4:17:39 PM","Jul 9, 2026, 4:17:39 PM"
6602f6870e127ba484a75426,Las Clementinas Hospitality,pro,SMB,true,,FINANCE,Unpaid reservation tracker,true,"Jul 9, 2026, 4:17:21 PM","Jul 9, 2026, 4:17:21 PM"
697a2cee97c71aa6720b0d44,Mountain Laurel Chalets,pro,Mid-Market,true,,OPERATIONS,Amenity gap detector,true,"Jul 9, 2026, 4:15:52 PM","Jul 9, 2026, 4:15:52 PM"
5c239af5aff3ee0028284d7d,Neat Suites,pro,SME,true,,FINANCE,Tax Configuration Audit,true,"Jul 9, 2026, 4:14:46 PM","Jul 9, 2026, 4:14:46 PM"
5c239af5aff3ee0028284d7d,Neat Suites,pro,SME,true,,COMMUNICATIONS,Saved replies optimizer,true,"Jul 9, 2026, 4:14:32 PM","Jul 9, 2026, 4:14:32 PM"
5c239af5aff3ee0028284d7d,Neat Suites,pro,SME,true,,OPERATIONS,Risky reservation detector,true,"Jul 9, 2026, 4:14:15 PM","Jul 9, 2026, 4:14:15 PM"
5c239af5aff3ee0028284d7d,Neat Suites,pro,SME,true,,OPERATIONS,Reservation handoff brief,true,"Jul 9, 2026, 4:14:04 PM","Jul 9, 2026, 4:14:04 PM"
5c239af5aff3ee0028284d7d,Neat Suites,pro,SME,true,,COMMUNICATIONS,Negative review challenger,true,"Jul 9, 2026, 4:13:43 PM","Jul 9, 2026, 4:13:43 PM"
5c239af5aff3ee0028284d7d,Neat Suites,pro,SME,true,,OPERATIONS,Commitment keeper,true,"Jul 9, 2026, 4:13:26 PM","Jul 9, 2026, 4:13:26 PM"
6033f7b0ae5e6f002fd51303,Hallson Hospitality Co.,pro,SME,true,,FINANCE,Unpaid reservation tracker,true,"Jul 9, 2026, 2:57:57 PM","Jul 9, 2026, 2:57:57 PM"
6033f7b0ae5e6f002fd51303,Hallson Hospitality Co.,pro,SME,true,,ACCOUNTING,Monthly cancelled reservations,true,"Jul 9, 2026, 2:57:33 PM","Jul 9, 2026, 2:57:33 PM"
675577572b8de62488c9fb72,Luxstay,pro,Mid-Market,true,,OPERATIONS,Weekly Operation Brief,true,"Jul 9, 2026, 12:49:23 PM","Jul 9, 2026, 12:49:23 PM"
675577572b8de62488c9fb72,Luxstay,pro,Mid-Market,true,,FINANCE,Unpaid reservation tracker,true,"Jul 9, 2026, 12:49:00 PM","Jul 9, 2026, 12:49:00 PM"
675577572b8de62488c9fb72,Luxstay,pro,Mid-Market,true,,OPERATIONS,Translation gap filler,true,"Jul 9, 2026, 12:48:28 PM","Jul 9, 2026, 12:48:28 PM"
675577572b8de62488c9fb72,Luxstay,pro,Mid-Market,true,,OPERATIONS,Team access review,true,"Jul 9, 2026, 12:48:08 PM","Jul 9, 2026, 12:48:08 PM"
675577572b8de62488c9fb72,Luxstay,pro,Mid-Market,true,,FINANCE,Tax Configuration Audit,true,"Jul 9, 2026, 12:47:43 PM","Jul 9, 2026, 12:47:43 PM"
675577572b8de62488c9fb72,Luxstay,pro,Mid-Market,true,,OPERATIONS,Stay status reconciler,true,"Jul 9, 2026, 12:47:26 PM","Jul 9, 2026, 12:47:26 PM"
675577572b8de62488c9fb72,Luxstay,pro,Mid-Market,true,,FINANCE,Security deposit extender,true,"Jul 9, 2026, 12:46:56 PM","Jul 9, 2026, 12:46:56 PM"
675577572b8de62488c9fb72,Luxstay,pro,Mid-Market,true,,COMMUNICATIONS,Saved replies optimizer,true,"Jul 9, 2026, 12:46:26 PM","Jul 9, 2026, 12:46:26 PM"
675577572b8de62488c9fb72,Luxstay,pro,Mid-Market,true,,OPERATIONS,Risky reservation detector,true,"Jul 9, 2026, 12:46:06 PM","Jul 9, 2026, 12:46:06 PM"
675577572b8de62488c9fb72,Luxstay,pro,Mid-Market,true,,COMMUNICATIONS,Review response drafter,true,"Jul 9, 2026, 12:45:32 PM","Jul 9, 2026, 12:45:32 PM"
675577572b8de62488c9fb72,Luxstay,pro,Mid-Market,true,,OPERATIONS,Reservation handoff brief,true,"Jul 9, 2026, 12:45:06 PM","Jul 9, 2026, 12:45:06 PM"
675577572b8de62488c9fb72,Luxstay,pro,Mid-Market,true,,OPERATIONS,Reservation duplicate detector,true,"Jul 9, 2026, 12:44:46 PM","Jul 9, 2026, 12:44:46 PM"
675577572b8de62488c9fb72,Luxstay,pro,Mid-Market,true,,OWNER_RELATIONS,Owner payment details collector,true,"Jul 9, 2026, 12:44:35 PM","Jul 9, 2026, 12:44:35 PM"
675577572b8de62488c9fb72,Luxstay,pro,Mid-Market,true,,OPERATIONS,Inquiry expiry manager,true,"Jul 9, 2026, 12:43:31 PM","Jul 9, 2026, 12:43:31 PM"
675577572b8de62488c9fb72,Luxstay,pro,Mid-Market,true,,OPERATIONS,Check-in readiness,true,"Jul 9, 2026, 12:42:28 PM","Jul 9, 2026, 12:42:28 PM"
675577572b8de62488c9fb72,Luxstay,pro,Mid-Market,true,,OPERATIONS,Amenity gap detector,true,"Jul 9, 2026, 12:42:06 PM","Jul 9, 2026, 12:42:06 PM"
675577572b8de62488c9fb72,Luxstay,pro,Mid-Market,true,,COMMUNICATIONS,Negative review challenger,true,"Jul 9, 2026, 12:38:29 PM","Jul 9, 2026, 12:38:29 PM"
5f3a7d87949020002db896dc,Curated Property,pro,Mid-Market,true,,COMMUNICATIONS,Saved replies optimizer,true,"Jul 9, 2026, 10:44:30 AM","Jul 9, 2026, 10:44:30 AM"
5f3a7d87949020002db896dc,Curated Property,pro,Mid-Market,true,,OPERATIONS,Commitment keeper,true,"Jul 9, 2026, 10:43:44 AM","Jul 9, 2026, 10:43:44 AM"
5f3a7d87949020002db896dc,Curated Property,pro,Mid-Market,true,,OPERATIONS,Amenity gap detector,true,"Jul 9, 2026, 10:39:29 AM","Jul 9, 2026, 10:39:29 AM"
69e0cac684f30b81799ba699,BMG NICE CONCIERGERIE,pro,Mid-Market,true,,OPERATIONS,Translation gap filler,true,"Jul 9, 2026, 10:24:05 AM","Jul 9, 2026, 10:24:05 AM"
69e0cac684f30b81799ba699,BMG NICE CONCIERGERIE,pro,Mid-Market,true,,COMMUNICATIONS,Negative review challenger,true,"Jul 9, 2026, 10:22:52 AM","Jul 9, 2026, 10:22:52 AM"
626902eb92ca6b0031a33088,Alexey Penkrat,pro,Mid-Market,true,,COMMUNICATIONS,Negative review challenger,true,"Jul 9, 2026, 8:35:54 AM","Jul 9, 2026, 8:35:54 AM"
67af4c9c5b4426a330040187,EnjoyApartments,pro,Mid-Market,true,,OPERATIONS,Check-in readiness,true,"Jul 9, 2026, 6:47:14 AM","Jul 9, 2026, 6:47:14 AM"
67af4c9c5b4426a330040187,EnjoyApartments,pro,Mid-Market,true,,OPERATIONS,Commitment keeper,true,"Jul 9, 2026, 6:46:50 AM","Jul 9, 2026, 6:46:50 AM"
6a270d0f4b2eed6c34919d5f,Luxury Getaways,pro,Mid-Market,true,,ACCOUNTING,Monthly cancelled reservations,true,"Jul 9, 2026, 4:52:43 AM","Jul 9, 2026, 4:52:43 AM"
64ac4ed558fd69003fb7e3a4,GueStay Properties,pro,SMB,true,hq_child,OPERATIONS,Check-in readiness,true,"Jul 9, 2026, 4:50:32 AM","Jul 9, 2026, 4:50:32 AM"
60b4ed00a32033002e44e4e2,RSB Living / Management,pro,Mid-Market,true,,OPERATIONS,Weekly Operation Brief,true,"Jul 9, 2026, 1:34:25 AM","Jul 9, 2026, 1:34:25 AM"
60b4ed00a32033002e44e4e2,RSB Living / Management,pro,Mid-Market,true,,OPERATIONS,Translation gap filler,true,"Jul 9, 2026, 1:34:22 AM","Jul 9, 2026, 1:34:22 AM"
60b4ed00a32033002e44e4e2,RSB Living / Management,pro,Mid-Market,true,,OPERATIONS,Team access review,true,"Jul 9, 2026, 1:34:18 AM","Jul 9, 2026, 1:34:18 AM"
60b4ed00a32033002e44e4e2,RSB Living / Management,pro,Mid-Market,true,,OPERATIONS,Stay status reconciler,true,"Jul 9, 2026, 1:34:15 AM","Jul 9, 2026, 1:34:15 AM"
60b4ed00a32033002e44e4e2,RSB Living / Management,pro,Mid-Market,true,,OPERATIONS,Maintenance tracker,true,"Jul 9, 2026, 1:33:53 AM","Jul 9, 2026, 1:33:53 AM"
60b4ed00a32033002e44e4e2,RSB Living / Management,pro,Mid-Market,true,,OPERATIONS,Commitment keeper,true,"Jul 9, 2026, 1:33:36 AM","Jul 9, 2026, 1:33:36 AM"
60b4ed00a32033002e44e4e2,RSB Living / Management,pro,Mid-Market,true,,OPERATIONS,Check-in readiness,true,"Jul 9, 2026, 1:33:28 AM","Jul 9, 2026, 1:33:28 AM"
64ac4ed558fd69003fb7e3a4,GueStay Properties,pro,SMB,true,hq_child,OPERATIONS,Risky reservation detector,true,"Jul 9, 2026, 12:27:28 AM","Jul 9, 2026, 12:27:28 AM"
68017d44259cbcdbc6e8c5c3,Lark Mountain Properties,pro,Mid-Market,true,,OPERATIONS,Amenity gap detector,true,"Jul 8, 2026, 10:34:03 PM","Jul 8, 2026, 10:34:03 PM"
64c8ce07e81a04c3247ccaf8,KIPPAL,pro,SMB,true,,OPERATIONS,Weekly Operation Brief,true,"Jul 8, 2026, 10:23:19 PM","Jul 8, 2026, 10:23:19 PM"
69bd58ec4a4da1c92d8bc402,VOL HOSTING,pro,SME,true,,OPERATIONS,Check-in readiness,true,"Jul 8, 2026, 10:08:11 PM","Jul 8, 2026, 10:08:11 PM"
69bd58ec4a4da1c92d8bc402,VOL HOSTING,pro,SME,true,,FINANCE,Unpaid reservation tracker,true,"Jul 8, 2026, 10:07:56 PM","Jul 8, 2026, 10:07:56 PM"
68c99f2a467ac68da2e58296,Sea Coast Rentals,pro,SME,true,,FINANCE,Tax Configuration Audit,true,"Jul 8, 2026, 6:35:24 PM","Jul 8, 2026, 6:35:24 PM"
68c99f2a467ac68da2e58296,Sea Coast Rentals,pro,SME,true,,OPERATIONS,Weekly Operation Brief,true,"Jul 8, 2026, 6:35:11 PM","Jul 8, 2026, 6:35:11 PM"
68c99f2a467ac68da2e58296,Sea Coast Rentals,pro,SME,true,,FINANCE,Unpaid reservation tracker,true,"Jul 8, 2026, 6:33:44 PM","Jul 8, 2026, 6:33:44 PM"
68c99f2a467ac68da2e58296,Sea Coast Rentals,pro,SME,true,,OPERATIONS,Team access review,true,"Jul 8, 2026, 6:33:06 PM","Jul 8, 2026, 6:33:06 PM"
68c99f2a467ac68da2e58296,Sea Coast Rentals,pro,SME,true,,OPERATIONS,Stay status reconciler,true,"Jul 8, 2026, 6:32:51 PM","Jul 8, 2026, 6:32:51 PM"
68c99f2a467ac68da2e58296,Sea Coast Rentals,pro,SME,true,,COMMUNICATIONS,Saved replies optimizer,true,"Jul 8, 2026, 6:31:33 PM","Jul 8, 2026, 6:31:33 PM"
68c99f2a467ac68da2e58296,Sea Coast Rentals,pro,SME,true,,OPERATIONS,Maintenance tracker,true,"Jul 8, 2026, 6:30:42 PM","Jul 8, 2026, 6:30:42 PM"
68c99f2a467ac68da2e58296,Sea Coast Rentals,pro,SME,true,,ACCOUNTING,Monthly cancelled reservations,true,"Jul 8, 2026, 6:30:16 PM","Jul 8, 2026, 6:30:16 PM"
68c99f2a467ac68da2e58296,Sea Coast Rentals,pro,SME,true,,FINANCE,Fee configuration detector,true,"Jul 8, 2026, 6:29:57 PM","Jul 8, 2026, 6:29:57 PM"
6786c86d1e8afb8c9a78be4b,Lanui Realty,pro,Mid-Market,true,,OPERATIONS,Daily task coverage board,true,"Jul 8, 2026, 6:05:07 PM","Jul 8, 2026, 6:05:07 PM"
6786c86d1e8afb8c9a78be4b,Lanui Realty,pro,Mid-Market,true,,OPERATIONS,Weekly Operation Brief,true,"Jul 8, 2026, 6:04:46 PM","Jul 8, 2026, 6:04:46 PM"
6786c86d1e8afb8c9a78be4b,Lanui Realty,pro,Mid-Market,true,,OPERATIONS,Team access review,true,"Jul 8, 2026, 6:04:38 PM","Jul 8, 2026, 6:04:38 PM"
6786c86d1e8afb8c9a78be4b,Lanui Realty,pro,Mid-Market,true,,COMMUNICATIONS,Saved replies optimizer,true,"Jul 8, 2026, 6:04:23 PM","Jul 8, 2026, 6:04:23 PM"
6786c86d1e8afb8c9a78be4b,Lanui Realty,pro,Mid-Market,true,,OPERATIONS,Check-in readiness,true,"Jul 8, 2026, 6:03:48 PM","Jul 8, 2026, 6:03:48 PM"
6786c86d1e8afb8c9a78be4b,Lanui Realty,pro,Mid-Market,true,,OPERATIONS,Maintenance tracker,true,"Jul 8, 2026, 6:03:34 PM","Jul 8, 2026, 6:03:34 PM"
6786c86d1e8afb8c9a78be4b,Lanui Realty,pro,Mid-Market,true,,OPERATIONS,Inquiry expiry manager,true,"Jul 8, 2026, 6:03:23 PM","Jul 8, 2026, 6:03:23 PM"
6786c86d1e8afb8c9a78be4b,Lanui Realty,pro,Mid-Market,true,,OPERATIONS,Calendar conflict detector,true,"Jul 8, 2026, 6:02:32 PM","Jul 8, 2026, 6:02:32 PM"
6786c86d1e8afb8c9a78be4b,Lanui Realty,pro,Mid-Market,true,,OPERATIONS,Amenity gap detector,true,"Jul 8, 2026, 6:02:26 PM","Jul 8, 2026, 6:02:26 PM"
6786c86d1e8afb8c9a78be4b,Lanui Realty,pro,Mid-Market,true,,OPERATIONS,Commitment keeper,true,"Jul 8, 2026, 6:02:18 PM","Jul 8, 2026, 6:02:18 PM"
6786c86d1e8afb8c9a78be4b,Lanui Realty,pro,Mid-Market,true,,COMMUNICATIONS,Negative review challenger,true,"Jul 8, 2026, 6:01:41 PM","Jul 8, 2026, 6:01:41 PM"
6786c86d1e8afb8c9a78be4b,Lanui Realty,pro,Mid-Market,true,,OPERATIONS,Reservation handoff brief,true,"Jul 8, 2026, 6:01:34 PM","Jul 8, 2026, 6:01:34 PM"
6786c86d1e8afb8c9a78be4b,Lanui Realty,pro,Mid-Market,true,,OPERATIONS,Review to task dispatcher,true,"Jul 8, 2026, 6:01:04 PM","Jul 8, 2026, 6:01:04 PM"
6786c86d1e8afb8c9a78be4b,Lanui Realty,pro,Mid-Market,true,,COMMUNICATIONS,Review response drafter,true,"Jul 8, 2026, 6:00:34 PM","Jul 8, 2026, 6:00:34 PM"
6786c86d1e8afb8c9a78be4b,Lanui Realty,pro,Mid-Market,true,,OPERATIONS,Reservation duplicate detector,true,"Jul 8, 2026, 6:00:11 PM","Jul 8, 2026, 6:00:11 PM"
6786c86d1e8afb8c9a78be4b,Lanui Realty,pro,Mid-Market,true,,OPERATIONS,Risky reservation detector,true,"Jul 8, 2026, 5:59:58 PM","Jul 8, 2026, 5:59:58 PM"
6786c86d1e8afb8c9a78be4b,Lanui Realty,pro,Mid-Market,true,,OPERATIONS,Translation gap filler,true,"Jul 8, 2026, 5:59:45 PM","Jul 8, 2026, 5:59:45 PM"
6786c86d1e8afb8c9a78be4b,Lanui Realty,pro,Mid-Market,true,,OPERATIONS,Stay status reconciler,true,"Jul 8, 2026, 5:59:33 PM","Jul 8, 2026, 5:59:33 PM"
6786c86d1e8afb8c9a78be4b,Lanui Realty,pro,Mid-Market,true,,FINANCE,Tax Configuration Audit,true,"Jul 8, 2026, 5:59:12 PM","Jul 8, 2026, 5:59:12 PM"
6786c86d1e8afb8c9a78be4b,Lanui Realty,pro,Mid-Market,true,,FINANCE,Unpaid reservation tracker,true,"Jul 8, 2026, 5:58:42 PM","Jul 8, 2026, 5:58:42 PM"
6542c4e210675435b7246225,Bungalow Solutions LLC,pro,SME,true,,ACCOUNTING,Advance deposit checker,false,"Jul 8, 2026, 5:40:17 PM","Jul 13, 2026, 5:41:12 PM"
6542c4e210675435b7246225,Bungalow Solutions LLC,pro,SME,true,,OPERATIONS,Risky reservation detector,false,"Jul 8, 2026, 5:39:57 PM","Jul 13, 2026, 5:20:27 PM"
6542c4e210675435b7246225,Bungalow Solutions LLC,pro,SME,true,,COMMUNICATIONS,Saved replies optimizer,true,"Jul 8, 2026, 5:36:39 PM","Jul 8, 2026, 5:36:39 PM"
68017d44259cbcdbc6e8c5c3,Lark Mountain Properties,pro,Mid-Market,true,,FINANCE,Tax Configuration Audit,true,"Jul 8, 2026, 4:49:48 PM","Jul 8, 2026, 4:49:48 PM"
68017d44259cbcdbc6e8c5c3,Lark Mountain Properties,pro,Mid-Market,true,,OPERATIONS,Commitment keeper,true,"Jul 8, 2026, 4:49:18 PM","Jul 8, 2026, 4:49:18 PM"
68017d44259cbcdbc6e8c5c3,Lark Mountain Properties,pro,Mid-Market,true,,OPERATIONS,Calendar conflict detector,true,"Jul 8, 2026, 4:49:05 PM","Jul 8, 2026, 4:49:05 PM"
68b8480d5ae37cf73089f796,LOKA,pro,SMB,true,,OPERATIONS,Risky reservation detector,true,"Jul 8, 2026, 4:05:04 PM","Jul 8, 2026, 4:05:04 PM"
68b8480d5ae37cf73089f796,LOKA,pro,SMB,true,,OPERATIONS,Commitment keeper,true,"Jul 8, 2026, 4:02:33 PM","Jul 8, 2026, 4:02:33 PM"
674c89854205b64ae791db2d,Apex Short Term Stays,pro,SME,true,,OPERATIONS,Weekly Operation Brief,true,"Jul 8, 2026, 3:59:46 PM","Jul 8, 2026, 3:59:46 PM"
674c89854205b64ae791db2d,Apex Short Term Stays,pro,SME,true,,FINANCE,Unpaid reservation tracker,true,"Jul 8, 2026, 3:59:27 PM","Jul 8, 2026, 3:59:27 PM"
674c89854205b64ae791db2d,Apex Short Term Stays,pro,SME,true,,OPERATIONS,Review to task dispatcher,true,"Jul 8, 2026, 3:58:59 PM","Jul 8, 2026, 3:58:59 PM"
674c89854205b64ae791db2d,Apex Short Term Stays,pro,SME,true,,COMMUNICATIONS,Review response drafter,true,"Jul 8, 2026, 3:58:09 PM","Jul 8, 2026, 3:58:09 PM"
674c89854205b64ae791db2d,Apex Short Term Stays,pro,SME,true,,COMMUNICATIONS,Negative review challenger,true,"Jul 8, 2026, 3:57:46 PM","Jul 8, 2026, 3:57:46 PM"
674c89854205b64ae791db2d,Apex Short Term Stays,pro,SME,true,,OPERATIONS,Maintenance tracker,true,"Jul 8, 2026, 3:57:35 PM","Jul 8, 2026, 3:57:35 PM"
674c89854205b64ae791db2d,Apex Short Term Stays,pro,SME,true,,OPERATIONS,Daily task coverage board,true,"Jul 8, 2026, 3:57:23 PM","Jul 8, 2026, 3:57:23 PM"
674c89854205b64ae791db2d,Apex Short Term Stays,pro,SME,true,,OPERATIONS,Calendar conflict detector,true,"Jul 8, 2026, 3:57:11 PM","Jul 8, 2026, 3:57:11 PM"
678923670560667fb69d98b7,Snowbasin Vacation Rentals and Powder Mountain Vacation Rentals,pro,Mid-Market,true,,FINANCE,Unpaid reservation tracker,true,"Jul 8, 2026, 3:12:29 PM","Jul 8, 2026, 3:12:29 PM"
678923670560667fb69d98b7,Snowbasin Vacation Rentals and Powder Mountain Vacation Rentals,pro,Mid-Market,true,,OPERATIONS,Risky reservation detector,true,"Jul 8, 2026, 3:12:09 PM","Jul 8, 2026, 3:12:09 PM"
678923670560667fb69d98b7,Snowbasin Vacation Rentals and Powder Mountain Vacation Rentals,pro,Mid-Market,true,,OPERATIONS,Reservation duplicate detector,true,"Jul 8, 2026, 3:11:44 PM","Jul 8, 2026, 3:11:44 PM"
678923670560667fb69d98b7,Snowbasin Vacation Rentals and Powder Mountain Vacation Rentals,pro,Mid-Market,true,,COMMUNICATIONS,Negative review challenger,true,"Jul 8, 2026, 3:11:22 PM","Jul 8, 2026, 3:11:22 PM"
678923670560667fb69d98b7,Snowbasin Vacation Rentals and Powder Mountain Vacation Rentals,pro,Mid-Market,true,,OPERATIONS,Inquiry expiry manager,true,"Jul 8, 2026, 3:10:57 PM","Jul 8, 2026, 3:10:57 PM"
678923670560667fb69d98b7,Snowbasin Vacation Rentals and Powder Mountain Vacation Rentals,pro,Mid-Market,true,,OPERATIONS,Commitment keeper,true,"Jul 8, 2026, 3:10:43 PM","Jul 8, 2026, 3:10:43 PM"
678923670560667fb69d98b7,Snowbasin Vacation Rentals and Powder Mountain Vacation Rentals,pro,Mid-Market,true,,OPERATIONS,Amenity gap detector,true,"Jul 8, 2026, 3:10:23 PM","Jul 8, 2026, 3:10:23 PM"
66fc5dfaf36f17e56f3fe426,PMI Breck,pro,Mid-Market,true,hq_child,OPERATIONS,Weekly Operation Brief,true,"Jul 8, 2026, 3:10:17 PM","Jul 8, 2026, 3:10:17 PM"
678923670560667fb69d98b7,Snowbasin Vacation Rentals and Powder Mountain Vacation Rentals,pro,Mid-Market,true,,OPERATIONS,Check-in readiness,true,"Jul 8, 2026, 3:10:05 PM","Jul 8, 2026, 3:10:05 PM"
66fc5dfaf36f17e56f3fe426,PMI Breck,pro,Mid-Market,true,hq_child,FINANCE,Unpaid reservation tracker,true,"Jul 8, 2026, 3:09:52 PM","Jul 8, 2026, 3:09:52 PM"
66fc5dfaf36f17e56f3fe426,PMI Breck,pro,Mid-Market,true,hq_child,OPERATIONS,Translation gap filler,true,"Jul 8, 2026, 3:09:41 PM","Jul 8, 2026, 3:09:41 PM"
66fc5dfaf36f17e56f3fe426,PMI Breck,pro,Mid-Market,true,hq_child,OPERATIONS,Stay status reconciler,true,"Jul 8, 2026, 3:09:08 PM","Jul 8, 2026, 3:09:08 PM"
66fc5dfaf36f17e56f3fe426,PMI Breck,pro,Mid-Market,true,hq_child,COMMUNICATIONS,Saved replies optimizer,true,"Jul 8, 2026, 3:08:46 PM","Jul 8, 2026, 3:08:46 PM"
66fc5dfaf36f17e56f3fe426,PMI Breck,pro,Mid-Market,true,hq_child,OPERATIONS,Risky reservation detector,true,"Jul 8, 2026, 3:08:37 PM","Jul 8, 2026, 3:08:37 PM"
66fc5dfaf36f17e56f3fe426,PMI Breck,pro,Mid-Market,true,hq_child,OPERATIONS,Review to task dispatcher,true,"Jul 8, 2026, 3:08:30 PM","Jul 8, 2026, 3:08:30 PM"
66fc5dfaf36f17e56f3fe426,PMI Breck,pro,Mid-Market,true,hq_child,COMMUNICATIONS,Review response drafter,true,"Jul 8, 2026, 3:08:14 PM","Jul 8, 2026, 3:08:14 PM"
66fc5dfaf36f17e56f3fe426,PMI Breck,pro,Mid-Market,true,hq_child,OWNER_RELATIONS,Owner payment details collector,true,"Jul 8, 2026, 3:07:32 PM","Jul 8, 2026, 3:07:32 PM"
66fc5dfaf36f17e56f3fe426,PMI Breck,pro,Mid-Market,true,hq_child,COMMUNICATIONS,Negative review challenger,true,"Jul 8, 2026, 3:07:12 PM","Jul 8, 2026, 3:07:12 PM"
66fc5dfaf36f17e56f3fe426,PMI Breck,pro,Mid-Market,true,hq_child,ACCOUNTING,Monthly cancelled reservations,true,"Jul 8, 2026, 3:07:02 PM","Jul 8, 2026, 3:07:02 PM"
66fc5dfaf36f17e56f3fe426,PMI Breck,pro,Mid-Market,true,hq_child,OPERATIONS,Inquiry expiry manager,true,"Jul 8, 2026, 3:06:46 PM","Jul 8, 2026, 3:06:46 PM"
66fc5dfaf36f17e56f3fe426,PMI Breck,pro,Mid-Market,true,hq_child,FINANCE,Fee configuration detector,true,"Jul 8, 2026, 3:06:31 PM","Jul 8, 2026, 3:06:31 PM"
66fc5dfaf36f17e56f3fe426,PMI Breck,pro,Mid-Market,true,hq_child,OPERATIONS,Check-in readiness,false,"Jul 8, 2026, 3:06:04 PM","Jul 12, 2026, 8:49:36 PM"
66fc5dfaf36f17e56f3fe426,PMI Breck,pro,Mid-Market,true,hq_child,OPERATIONS,Amenity gap detector,true,"Jul 8, 2026, 3:05:48 PM","Jul 8, 2026, 3:05:48 PM"
67698db4309e10ff8a2b748a,"Easilets Limited ",pro,Mid-Market,true,,OPERATIONS,Risky reservation detector,true,"Jul 8, 2026, 1:06:10 PM","Jul 8, 2026, 1:06:10 PM"
67698db4309e10ff8a2b748a,"Easilets Limited ",pro,Mid-Market,true,,OPERATIONS,Calendar conflict detector,true,"Jul 8, 2026, 1:04:20 PM","Jul 8, 2026, 1:04:20 PM"
67698db4309e10ff8a2b748a,"Easilets Limited ",pro,Mid-Market,true,,OPERATIONS,Amenity gap detector,true,"Jul 8, 2026, 1:04:04 PM","Jul 8, 2026, 1:04:04 PM"
67743591892a35ba99f8ca84,"Fresh Start Property Management ",pro,SMB,true,,OWNER_RELATIONS,Owner payment details collector,true,"Jul 8, 2026, 12:47:08 PM","Jul 8, 2026, 12:47:08 PM"
67743591892a35ba99f8ca84,"Fresh Start Property Management ",pro,SMB,true,,OPERATIONS,Daily task coverage board,true,"Jul 8, 2026, 12:44:42 PM","Jul 8, 2026, 12:44:42 PM"
67743591892a35ba99f8ca84,"Fresh Start Property Management ",pro,SMB,true,,OPERATIONS,Check-in readiness,true,"Jul 8, 2026, 12:44:35 PM","Jul 8, 2026, 12:44:35 PM"
69f17a1b4b8dbace6132d6d9,"Mingo Canas ",pro,SMB,true,,COMMUNICATIONS,Negative review challenger,true,"Jul 8, 2026, 12:23:54 PM","Jul 8, 2026, 12:23:54 PM"
69f17a1b4b8dbace6132d6d9,"Mingo Canas ",pro,SMB,true,,OPERATIONS,Reservation duplicate detector,true,"Jul 8, 2026, 12:23:07 PM","Jul 8, 2026, 12:23:07 PM"
69f17a1b4b8dbace6132d6d9,"Mingo Canas ",pro,SMB,true,,OPERATIONS,Risky reservation detector,true,"Jul 8, 2026, 12:22:54 PM","Jul 8, 2026, 12:22:54 PM"
69f17a1b4b8dbace6132d6d9,"Mingo Canas ",pro,SMB,true,,COMMUNICATIONS,Saved replies optimizer,true,"Jul 8, 2026, 12:22:47 PM","Jul 8, 2026, 12:22:47 PM"
69f17a1b4b8dbace6132d6d9,"Mingo Canas ",pro,SMB,true,,FINANCE,Unpaid reservation tracker,true,"Jul 8, 2026, 12:21:44 PM","Jul 8, 2026, 12:21:44 PM"
69f17a1b4b8dbace6132d6d9,"Mingo Canas ",pro,SMB,true,,OPERATIONS,Translation gap filler,true,"Jul 8, 2026, 12:21:29 PM","Jul 8, 2026, 12:21:29 PM"
69f17a1b4b8dbace6132d6d9,"Mingo Canas ",pro,SMB,true,,FINANCE,Security deposit extender,true,"Jul 8, 2026, 12:20:29 PM","Jul 8, 2026, 12:20:29 PM"
69f17a1b4b8dbace6132d6d9,"Mingo Canas ",pro,SMB,true,,OWNER_RELATIONS,Owner payment details collector,true,"Jul 8, 2026, 12:19:47 PM","Jul 8, 2026, 12:19:47 PM"
69f17a1b4b8dbace6132d6d9,"Mingo Canas ",pro,SMB,true,,FINANCE,Fee configuration detector,true,"Jul 8, 2026, 12:19:29 PM","Jul 8, 2026, 12:19:29 PM"
69f17a1b4b8dbace6132d6d9,"Mingo Canas ",pro,SMB,true,,OPERATIONS,Inquiry expiry manager,true,"Jul 8, 2026, 12:19:12 PM","Jul 8, 2026, 12:19:12 PM"
69f17a1b4b8dbace6132d6d9,"Mingo Canas ",pro,SMB,true,,OPERATIONS,Check-in readiness,true,"Jul 8, 2026, 12:18:36 PM","Jul 8, 2026, 12:18:36 PM"
69f17a1b4b8dbace6132d6d9,"Mingo Canas ",pro,SMB,true,,OPERATIONS,Amenity gap detector,true,"Jul 8, 2026, 12:18:16 PM","Jul 8, 2026, 12:18:16 PM"
69f17a1b4b8dbace6132d6d9,"Mingo Canas ",pro,SMB,true,,OPERATIONS,Commitment keeper,true,"Jul 8, 2026, 12:17:34 PM","Jul 8, 2026, 12:17:34 PM"
69f17a1b4b8dbace6132d6d9,"Mingo Canas ",pro,SMB,true,,OPERATIONS,Calendar conflict detector,true,"Jul 8, 2026, 12:16:54 PM","Jul 8, 2026, 12:16:54 PM"
691ef73751ad620fe8272c78,"El Pampero Investimentos, Lda",pro,SMB,true,,OPERATIONS,Weekly Operation Brief,true,"Jul 8, 2026, 11:34:02 AM","Jul 8, 2026, 11:34:02 AM"
691ef73751ad620fe8272c78,"El Pampero Investimentos, Lda",pro,SMB,true,,FINANCE,Unpaid reservation tracker,true,"Jul 8, 2026, 11:33:33 AM","Jul 8, 2026, 11:33:33 AM"
691ef73751ad620fe8272c78,"El Pampero Investimentos, Lda",pro,SMB,true,,OPERATIONS,Risky reservation detector,true,"Jul 8, 2026, 11:33:00 AM","Jul 8, 2026, 11:33:00 AM"
67743591892a35ba99f8ca84,"Fresh Start Property Management ",pro,SMB,true,,OPERATIONS,Weekly Operation Brief,true,"Jul 8, 2026, 11:07:32 AM","Jul 8, 2026, 11:07:32 AM"
67743591892a35ba99f8ca84,"Fresh Start Property Management ",pro,SMB,true,,OPERATIONS,Maintenance tracker,true,"Jul 8, 2026, 11:07:10 AM","Jul 8, 2026, 11:07:10 AM"
67743591892a35ba99f8ca84,"Fresh Start Property Management ",pro,SMB,true,,OPERATIONS,Amenity gap detector,true,"Jul 8, 2026, 11:06:53 AM","Jul 8, 2026, 11:06:53 AM"
67743591892a35ba99f8ca84,"Fresh Start Property Management ",pro,SMB,true,,COMMUNICATIONS,Negative review challenger,true,"Jul 8, 2026, 10:59:43 AM","Jul 8, 2026, 10:59:43 AM"
696e0505b558d35d8ff05dbe,Salt & City Stays,pro,Mid-Market,true,,OPERATIONS,Amenity gap detector,true,"Jul 8, 2026, 9:48:38 AM","Jul 8, 2026, 9:48:38 AM"
6811a82943c69c248b3fcb2b,WowStay,pro,Mid-Market,true,,OPERATIONS,Inquiry expiry manager,true,"Jul 8, 2026, 9:35:49 AM","Jul 8, 2026, 9:35:49 AM"
6811a82943c69c248b3fcb2b,WowStay,pro,Mid-Market,true,,FINANCE,Unpaid reservation tracker,true,"Jul 8, 2026, 8:55:56 AM","Jul 8, 2026, 8:55:56 AM"
672a28cdbe4aa729794a5910,Stay in Iceland,pro,SMB,true,,OPERATIONS,Calendar conflict detector,true,"Jul 8, 2026, 8:50:16 AM","Jul 8, 2026, 8:50:16 AM"
67698db4309e10ff8a2b748a,"Easilets Limited ",pro,Mid-Market,true,,OPERATIONS,Team access review,true,"Jul 8, 2026, 8:25:19 AM","Jul 8, 2026, 8:25:19 AM"
67698db4309e10ff8a2b748a,"Easilets Limited ",pro,Mid-Market,true,,COMMUNICATIONS,Saved replies optimizer,true,"Jul 8, 2026, 8:24:52 AM","Jul 8, 2026, 8:24:52 AM"
67698db4309e10ff8a2b748a,"Easilets Limited ",pro,Mid-Market,true,,OPERATIONS,Reservation handoff brief,true,"Jul 8, 2026, 8:24:31 AM","Jul 8, 2026, 8:24:31 AM"
67698db4309e10ff8a2b748a,"Easilets Limited ",pro,Mid-Market,true,,COMMUNICATIONS,Negative review challenger,true,"Jul 8, 2026, 8:24:10 AM","Jul 8, 2026, 8:24:10 AM"
67698db4309e10ff8a2b748a,"Easilets Limited ",pro,Mid-Market,true,,OPERATIONS,Inquiry expiry manager,true,"Jul 8, 2026, 8:24:01 AM","Jul 8, 2026, 8:24:01 AM"
67698db4309e10ff8a2b748a,"Easilets Limited ",pro,Mid-Market,true,,OPERATIONS,Commitment keeper,true,"Jul 8, 2026, 8:16:54 AM","Jul 8, 2026, 8:16:54 AM"
5ca75ba6e2a6e700216d3ef2,Seven Living,pro,Mid-Market,true,,OPERATIONS,Amenity gap detector,true,"Jul 8, 2026, 7:42:06 AM","Jul 8, 2026, 7:42:06 AM"
5ca75ba6e2a6e700216d3ef2,Seven Living,pro,Mid-Market,true,,FINANCE,Unpaid reservation tracker,true,"Jul 8, 2026, 7:41:53 AM","Jul 8, 2026, 7:41:53 AM"
5ca75ba6e2a6e700216d3ef2,Seven Living,pro,Mid-Market,true,,OPERATIONS,Weekly Operation Brief,true,"Jul 8, 2026, 7:41:44 AM","Jul 8, 2026, 7:41:44 AM"
5ca75ba6e2a6e700216d3ef2,Seven Living,pro,Mid-Market,true,,OPERATIONS,Risky reservation detector,true,"Jul 8, 2026, 7:41:29 AM","Jul 8, 2026, 7:41:29 AM"
5ca75ba6e2a6e700216d3ef2,Seven Living,pro,Mid-Market,true,,OPERATIONS,Commitment keeper,false,"Jul 8, 2026, 7:41:14 AM","Jul 13, 2026, 10:48:37 AM"
5ca75ba6e2a6e700216d3ef2,Seven Living,pro,Mid-Market,true,,COMMUNICATIONS,Saved replies optimizer,true,"Jul 8, 2026, 7:39:03 AM","Jul 8, 2026, 7:39:03 AM"
5ca75ba6e2a6e700216d3ef2,Seven Living,pro,Mid-Market,true,,OPERATIONS,Reservation handoff brief,true,"Jul 8, 2026, 7:38:48 AM","Jul 8, 2026, 7:38:48 AM"
5ca75ba6e2a6e700216d3ef2,Seven Living,pro,Mid-Market,true,,COMMUNICATIONS,Negative review challenger,true,"Jul 8, 2026, 7:38:42 AM","Jul 8, 2026, 7:38:42 AM"
5ca75ba6e2a6e700216d3ef2,Seven Living,pro,Mid-Market,true,,OPERATIONS,Daily task coverage board,true,"Jul 8, 2026, 7:38:34 AM","Jul 8, 2026, 7:38:34 AM"
5ca75ba6e2a6e700216d3ef2,Seven Living,pro,Mid-Market,true,,OPERATIONS,Check-in readiness,false,"Jul 8, 2026, 7:38:20 AM","Jul 13, 2026, 10:48:10 AM"
68d6e9bc455d7fda436118d3,BUHO Property,pro,SMB,true,,OPERATIONS,Translation gap filler,true,"Jul 7, 2026, 9:46:06 PM","Jul 7, 2026, 9:46:06 PM"
68d6e9bc455d7fda436118d3,BUHO Property,pro,SMB,true,,OPERATIONS,Team access review,true,"Jul 7, 2026, 8:36:31 PM","Jul 7, 2026, 8:36:31 PM"
68d6e9bc455d7fda436118d3,BUHO Property,pro,SMB,true,,OPERATIONS,Weekly Operation Brief,true,"Jul 7, 2026, 8:35:47 PM","Jul 7, 2026, 8:35:47 PM"
68d6e9bc455d7fda436118d3,BUHO Property,pro,SMB,true,,OPERATIONS,Stay status reconciler,true,"Jul 7, 2026, 8:33:27 PM","Jul 7, 2026, 8:33:27 PM"
68d6e9bc455d7fda436118d3,BUHO Property,pro,SMB,true,,OPERATIONS,Risky reservation detector,true,"Jul 7, 2026, 8:31:24 PM","Jul 7, 2026, 8:31:24 PM"
68d6e9bc455d7fda436118d3,BUHO Property,pro,SMB,true,,OPERATIONS,Review to task dispatcher,true,"Jul 7, 2026, 8:30:58 PM","Jul 7, 2026, 8:30:58 PM"
68d6e9bc455d7fda436118d3,BUHO Property,pro,SMB,true,,COMMUNICATIONS,Review response drafter,true,"Jul 7, 2026, 8:29:23 PM","Jul 7, 2026, 8:29:23 PM"
68d6e9bc455d7fda436118d3,BUHO Property,pro,SMB,true,,OPERATIONS,Reservation duplicate detector,true,"Jul 7, 2026, 8:27:55 PM","Jul 7, 2026, 8:27:55 PM"
68d6e9bc455d7fda436118d3,BUHO Property,pro,SMB,true,,ACCOUNTING,Monthly cancelled reservations,true,"Jul 7, 2026, 8:24:06 PM","Jul 7, 2026, 8:24:06 PM"
68d6e9bc455d7fda436118d3,BUHO Property,pro,SMB,true,,COMMUNICATIONS,Negative review challenger,true,"Jul 7, 2026, 8:22:46 PM","Jul 7, 2026, 8:22:46 PM"
68d6e9bc455d7fda436118d3,BUHO Property,pro,SMB,true,,FINANCE,Fee configuration detector,true,"Jul 7, 2026, 8:09:59 PM","Jul 7, 2026, 8:09:59 PM"
68d6e9bc455d7fda436118d3,BUHO Property,pro,SMB,true,,OPERATIONS,Commitment keeper,true,"Jul 7, 2026, 8:04:24 PM","Jul 7, 2026, 8:04:24 PM"
68d6e9bc455d7fda436118d3,BUHO Property,pro,SMB,true,,OPERATIONS,Daily task coverage board,true,"Jul 7, 2026, 8:02:53 PM","Jul 7, 2026, 8:02:53 PM"
68d6e9bc455d7fda436118d3,BUHO Property,pro,SMB,true,,OPERATIONS,Calendar conflict detector,true,"Jul 7, 2026, 7:34:20 PM","Jul 7, 2026, 7:34:20 PM"
68d6e9bc455d7fda436118d3,BUHO Property,pro,SMB,true,,OPERATIONS,Amenity gap detector,true,"Jul 7, 2026, 7:32:56 PM","Jul 7, 2026, 7:32:56 PM"
68017d44259cbcdbc6e8c5c3,Lark Mountain Properties,pro,Mid-Market,true,,FINANCE,Unpaid reservation tracker,true,"Jul 7, 2026, 7:22:20 PM","Jul 7, 2026, 7:22:20 PM"
68017d44259cbcdbc6e8c5c3,Lark Mountain Properties,pro,Mid-Market,true,,ACCOUNTING,Monthly cancelled reservations,true,"Jul 7, 2026, 7:20:45 PM","Jul 7, 2026, 7:20:45 PM"
68017d44259cbcdbc6e8c5c3,Lark Mountain Properties,pro,Mid-Market,true,,OPERATIONS,Weekly Operation Brief,true,"Jul 7, 2026, 7:20:19 PM","Jul 7, 2026, 7:20:19 PM"
68017d44259cbcdbc6e8c5c3,Lark Mountain Properties,pro,Mid-Market,true,,OPERATIONS,Translation gap filler,true,"Jul 7, 2026, 7:20:04 PM","Jul 7, 2026, 7:20:04 PM"
68017d44259cbcdbc6e8c5c3,Lark Mountain Properties,pro,Mid-Market,true,,OPERATIONS,Risky reservation detector,true,"Jul 7, 2026, 7:19:45 PM","Jul 7, 2026, 7:19:45 PM"
68017d44259cbcdbc6e8c5c3,Lark Mountain Properties,pro,Mid-Market,true,,COMMUNICATIONS,Saved replies optimizer,true,"Jul 7, 2026, 7:19:03 PM","Jul 7, 2026, 7:19:03 PM"
68017d44259cbcdbc6e8c5c3,Lark Mountain Properties,pro,Mid-Market,true,,COMMUNICATIONS,Review response drafter,true,"Jul 7, 2026, 7:18:56 PM","Jul 7, 2026, 7:18:56 PM"
68017d44259cbcdbc6e8c5c3,Lark Mountain Properties,pro,Mid-Market,true,,COMMUNICATIONS,Negative review challenger,true,"Jul 7, 2026, 7:18:48 PM","Jul 7, 2026, 7:18:48 PM"
68d6e9bc455d7fda436118d3,BUHO Property,pro,SMB,true,,FINANCE,Unpaid reservation tracker,true,"Jul 7, 2026, 7:13:34 PM","Jul 7, 2026, 7:13:34 PM"
6542c4e210675435b7246225,Bungalow Solutions LLC,pro,SME,true,,OPERATIONS,Translation gap filler,true,"Jul 7, 2026, 4:51:09 PM","Jul 7, 2026, 4:51:09 PM"
6542c4e210675435b7246225,Bungalow Solutions LLC,pro,SME,true,,FINANCE,Unpaid reservation tracker,false,"Jul 7, 2026, 4:50:57 PM","Jul 13, 2026, 5:15:00 PM"
6542c4e210675435b7246225,Bungalow Solutions LLC,pro,SME,true,,OPERATIONS,Weekly Operation Brief,false,"Jul 7, 2026, 4:50:44 PM","Jul 13, 2026, 5:20:43 PM"
6542c4e210675435b7246225,Bungalow Solutions LLC,pro,SME,true,,COMMUNICATIONS,Review response drafter,true,"Jul 7, 2026, 4:50:24 PM","Jul 7, 2026, 4:50:24 PM"
6542c4e210675435b7246225,Bungalow Solutions LLC,pro,SME,true,,COMMUNICATIONS,Negative review challenger,true,"Jul 7, 2026, 4:50:04 PM","Jul 7, 2026, 4:50:04 PM"
6542c4e210675435b7246225,Bungalow Solutions LLC,pro,SME,true,,FINANCE,Fee configuration detector,false,"Jul 7, 2026, 4:49:43 PM","Jul 13, 2026, 5:14:52 PM"
6542c4e210675435b7246225,Bungalow Solutions LLC,pro,SME,true,,OPERATIONS,Daily task coverage board,false,"Jul 7, 2026, 4:49:30 PM","Jul 13, 2026, 5:19:55 PM"
6542c4e210675435b7246225,Bungalow Solutions LLC,pro,SME,true,,OPERATIONS,Commitment keeper,true,"Jul 7, 2026, 4:49:19 PM","Jul 7, 2026, 4:49:19 PM"
6542c4e210675435b7246225,Bungalow Solutions LLC,pro,SME,true,,OPERATIONS,Check-in readiness,false,"Jul 7, 2026, 4:48:54 PM","Jul 13, 2026, 5:19:41 PM"
6542c4e210675435b7246225,Bungalow Solutions LLC,pro,SME,true,,OPERATIONS,Calendar conflict detector,true,"Jul 7, 2026, 4:48:40 PM","Jul 7, 2026, 4:48:40 PM"
6542c4e210675435b7246225,Bungalow Solutions LLC,pro,SME,true,,OPERATIONS,Amenity gap detector,false,"Jul 7, 2026, 4:48:30 PM","Jul 13, 2026, 5:19:29 PM"
68d6d384455d7fda436118ca,Scenic Stays,enterprise,Enterprise,true,,FINANCE,Fee configuration detector,true,"Jul 7, 2026, 4:47:03 PM","Jul 7, 2026, 4:47:03 PM"
68d6d384455d7fda436118ca,Scenic Stays,enterprise,Enterprise,true,,ACCOUNTING,Monthly cancelled reservations,true,"Jul 7, 2026, 4:46:48 PM","Jul 7, 2026, 4:46:48 PM"
68d6d384455d7fda436118ca,Scenic Stays,enterprise,Enterprise,true,,OPERATIONS,Reservation duplicate detector,true,"Jul 7, 2026, 4:46:34 PM","Jul 7, 2026, 4:46:34 PM"
68d6d384455d7fda436118ca,Scenic Stays,enterprise,Enterprise,true,,OPERATIONS,Translation gap filler,true,"Jul 7, 2026, 4:45:58 PM","Jul 7, 2026, 4:45:58 PM"
68d6d384455d7fda436118ca,Scenic Stays,enterprise,Enterprise,true,,OPERATIONS,Commitment keeper,true,"Jul 7, 2026, 4:44:43 PM","Jul 7, 2026, 4:44:43 PM"
68d6d384455d7fda436118ca,Scenic Stays,enterprise,Enterprise,true,,OPERATIONS,Check-in readiness,false,"Jul 7, 2026, 4:44:27 PM","Jul 8, 2026, 3:11:01 PM"
68d6d384455d7fda436118ca,Scenic Stays,enterprise,Enterprise,true,,OPERATIONS,Amenity gap detector,true,"Jul 7, 2026, 4:44:06 PM","Jul 7, 2026, 4:44:06 PM"
68d6d384455d7fda436118ca,Scenic Stays,enterprise,Enterprise,true,,ACCOUNTING,Advance deposit checker,true,"Jul 7, 2026, 4:43:52 PM","Jul 7, 2026, 4:43:52 PM"
644296ae8062130039e4a8f9,Virtual Homes Realty,pro,Mid-Market,true,,OPERATIONS,Calendar conflict detector,true,"Jul 7, 2026, 3:38:36 PM","Jul 7, 2026, 3:38:36 PM"
644296ae8062130039e4a8f9,Virtual Homes Realty,pro,Mid-Market,true,,OPERATIONS,Daily task coverage board,true,"Jul 7, 2026, 3:38:31 PM","Jul 7, 2026, 3:38:31 PM"
644296ae8062130039e4a8f9,Virtual Homes Realty,pro,Mid-Market,true,,FINANCE,Fee configuration detector,true,"Jul 7, 2026, 3:38:23 PM","Jul 7, 2026, 3:38:23 PM"
644296ae8062130039e4a8f9,Virtual Homes Realty,pro,Mid-Market,true,,COMMUNICATIONS,Review response drafter,true,"Jul 7, 2026, 3:38:02 PM","Jul 7, 2026, 3:38:02 PM"
644296ae8062130039e4a8f9,Virtual Homes Realty,pro,Mid-Market,true,,OPERATIONS,Maintenance tracker,true,"Jul 7, 2026, 3:37:45 PM","Jul 7, 2026, 3:37:45 PM"
644296ae8062130039e4a8f9,Virtual Homes Realty,pro,Mid-Market,true,,OPERATIONS,Risky reservation detector,true,"Jul 7, 2026, 3:37:37 PM","Jul 7, 2026, 3:37:37 PM"
644296ae8062130039e4a8f9,Virtual Homes Realty,pro,Mid-Market,true,,COMMUNICATIONS,Negative review challenger,true,"Jul 7, 2026, 3:37:19 PM","Jul 7, 2026, 3:37:19 PM"
644296ae8062130039e4a8f9,Virtual Homes Realty,pro,Mid-Market,true,,OPERATIONS,Commitment keeper,true,"Jul 7, 2026, 3:37:10 PM","Jul 7, 2026, 3:37:10 PM"
644296ae8062130039e4a8f9,Virtual Homes Realty,pro,Mid-Market,true,,OPERATIONS,Amenity gap detector,true,"Jul 7, 2026, 3:37:03 PM","Jul 7, 2026, 3:37:03 PM"
644296ae8062130039e4a8f9,Virtual Homes Realty,pro,Mid-Market,true,,OPERATIONS,Reservation duplicate detector,true,"Jul 7, 2026, 3:35:04 PM","Jul 7, 2026, 3:35:04 PM"
644296ae8062130039e4a8f9,Virtual Homes Realty,pro,Mid-Market,true,,OPERATIONS,Review to task dispatcher,true,"Jul 7, 2026, 3:34:57 PM","Jul 7, 2026, 3:34:57 PM"
644296ae8062130039e4a8f9,Virtual Homes Realty,pro,Mid-Market,true,,OPERATIONS,Translation gap filler,true,"Jul 7, 2026, 3:34:40 PM","Jul 7, 2026, 3:34:40 PM"
644296ae8062130039e4a8f9,Virtual Homes Realty,pro,Mid-Market,true,,FINANCE,Unpaid reservation tracker,true,"Jul 7, 2026, 3:34:30 PM","Jul 7, 2026, 3:34:30 PM"
644296ae8062130039e4a8f9,Virtual Homes Realty,pro,Mid-Market,true,,OPERATIONS,Weekly Operation Brief,true,"Jul 7, 2026, 3:34:18 PM","Jul 7, 2026, 3:34:18 PM"
644296ae8062130039e4a8f9,Virtual Homes Realty,pro,Mid-Market,true,,COMMUNICATIONS,Saved replies optimizer,true,"Jul 7, 2026, 3:33:59 PM","Jul 7, 2026, 3:33:59 PM"
644296ae8062130039e4a8f9,Virtual Homes Realty,pro,Mid-Market,true,,ACCOUNTING,Monthly cancelled reservations,true,"Jul 7, 2026, 3:33:46 PM","Jul 7, 2026, 3:33:46 PM"
644296ae8062130039e4a8f9,Virtual Homes Realty,pro,Mid-Market,true,,OPERATIONS,Check-in readiness,true,"Jul 7, 2026, 3:33:26 PM","Jul 7, 2026, 3:33:26 PM"
644296ae8062130039e4a8f9,Virtual Homes Realty,pro,Mid-Market,true,,OPERATIONS,Inquiry expiry manager,true,"Jul 7, 2026, 3:32:47 PM","Jul 7, 2026, 3:32:47 PM"
614f3a3a96a3a1002ffb58df,PBD Living,pro,Mid-Market,true,,OPERATIONS,Maintenance tracker,true,"Jul 7, 2026, 3:09:13 PM","Jul 7, 2026, 3:09:13 PM"
614f3a3a96a3a1002ffb58df,PBD Living,pro,Mid-Market,true,,OPERATIONS,Commitment keeper,true,"Jul 7, 2026, 3:09:01 PM","Jul 7, 2026, 3:09:01 PM"
655346f4ac25e87d1056b160,Stay Homy,pro,Mid-Market,true,,OPERATIONS,Check-in readiness,false,"Jul 7, 2026, 11:37:33 AM","Jul 13, 2026, 5:02:09 PM"
698643d7c43dd1a712877d97,Wilder Waters Vacation Rental Management Inc,pro,Mid-Market,true,,OPERATIONS,Daily task coverage board,true,"Jul 7, 2026, 10:58:38 AM","Jul 7, 2026, 10:58:38 AM"
698643d7c43dd1a712877d97,Wilder Waters Vacation Rental Management Inc,pro,Mid-Market,true,,OPERATIONS,Check-in readiness,true,"Jul 7, 2026, 10:58:33 AM","Jul 7, 2026, 10:58:33 AM"
698643d7c43dd1a712877d97,Wilder Waters Vacation Rental Management Inc,pro,Mid-Market,true,,OPERATIONS,Weekly Operation Brief,true,"Jul 7, 2026, 10:58:11 AM","Jul 7, 2026, 10:58:11 AM"
698643d7c43dd1a712877d97,Wilder Waters Vacation Rental Management Inc,pro,Mid-Market,true,,COMMUNICATIONS,Review response drafter,true,"Jul 7, 2026, 10:58:00 AM","Jul 7, 2026, 10:58:00 AM"
698643d7c43dd1a712877d97,Wilder Waters Vacation Rental Management Inc,pro,Mid-Market,true,,OPERATIONS,Maintenance tracker,true,"Jul 7, 2026, 10:57:36 AM","Jul 7, 2026, 10:57:36 AM"
698643d7c43dd1a712877d97,Wilder Waters Vacation Rental Management Inc,pro,Mid-Market,true,,OPERATIONS,Calendar conflict detector,true,"Jul 7, 2026, 10:57:27 AM","Jul 7, 2026, 10:57:27 AM"
698643d7c43dd1a712877d97,Wilder Waters Vacation Rental Management Inc,pro,Mid-Market,true,,OPERATIONS,Amenity gap detector,true,"Jul 7, 2026, 10:57:18 AM","Jul 7, 2026, 10:57:18 AM"
67f01c8f48a9aa094fae1a6a,William Andrade,pro,SMB,true,,OPERATIONS,Weekly Operation Brief,true,"Jul 7, 2026, 10:50:45 AM","Jul 7, 2026, 10:50:45 AM"
67f01c8f48a9aa094fae1a6a,William Andrade,pro,SMB,true,,FINANCE,Unpaid reservation tracker,true,"Jul 7, 2026, 10:50:40 AM","Jul 7, 2026, 10:50:40 AM"
67f01c8f48a9aa094fae1a6a,William Andrade,pro,SMB,true,,OWNER_RELATIONS,Owner payment details collector,true,"Jul 7, 2026, 10:50:35 AM","Jul 7, 2026, 10:50:35 AM"
67f01c8f48a9aa094fae1a6a,William Andrade,pro,SMB,true,,ACCOUNTING,Monthly cancelled reservations,true,"Jul 7, 2026, 10:50:32 AM","Jul 7, 2026, 10:50:32 AM"
67f01c8f48a9aa094fae1a6a,William Andrade,pro,SMB,true,,COMMUNICATIONS,Negative review challenger,true,"Jul 7, 2026, 10:50:29 AM","Jul 7, 2026, 10:50:29 AM"
67f01c8f48a9aa094fae1a6a,William Andrade,pro,SMB,true,,OPERATIONS,Reservation handoff brief,true,"Jul 7, 2026, 10:50:23 AM","Jul 7, 2026, 10:50:23 AM"
67f01c8f48a9aa094fae1a6a,William Andrade,pro,SMB,true,,FINANCE,Tax Configuration Audit,true,"Jul 7, 2026, 10:50:20 AM","Jul 7, 2026, 10:50:20 AM"
67f01c8f48a9aa094fae1a6a,William Andrade,pro,SMB,true,,COMMUNICATIONS,Saved replies optimizer,true,"Jul 7, 2026, 10:50:18 AM","Jul 7, 2026, 10:50:18 AM"
67f01c8f48a9aa094fae1a6a,William Andrade,pro,SMB,true,,COMMUNICATIONS,Review response drafter,true,"Jul 7, 2026, 10:50:15 AM","Jul 7, 2026, 10:50:15 AM"
67f01c8f48a9aa094fae1a6a,William Andrade,pro,SMB,true,,OPERATIONS,Maintenance tracker,true,"Jul 7, 2026, 10:50:12 AM","Jul 7, 2026, 10:50:12 AM"
694ad57b5746ac96c0eb4e07,Residentas PT,pro,Mid-Market,true,,FINANCE,Unpaid reservation tracker,true,"Jul 7, 2026, 8:33:22 AM","Jul 7, 2026, 8:33:22 AM"
5d6d5ce1229c8c0020c217ae,Horseshoe Bay Living,pro,SME,true,,OPERATIONS,Weekly Operation Brief,true,"Jul 7, 2026, 7:58:49 AM","Jul 7, 2026, 7:58:49 AM"
5d6d5ce1229c8c0020c217ae,Horseshoe Bay Living,pro,SME,true,,FINANCE,Tax Configuration Audit,true,"Jul 7, 2026, 7:58:39 AM","Jul 7, 2026, 7:58:39 AM"
5d6d5ce1229c8c0020c217ae,Horseshoe Bay Living,pro,SME,true,,OPERATIONS,Risky reservation detector,true,"Jul 7, 2026, 7:57:24 AM","Jul 7, 2026, 7:57:24 AM"
5d6d5ce1229c8c0020c217ae,Horseshoe Bay Living,pro,SME,true,,COMMUNICATIONS,Negative review challenger,true,"Jul 7, 2026, 7:57:09 AM","Jul 7, 2026, 7:57:09 AM"
65e11cec79b43b53e1af5c81,Synergy Rental Group,pro,Mid-Market,true,,OPERATIONS,Stay status reconciler,true,"Jul 7, 2026, 6:19:28 AM","Jul 7, 2026, 6:19:28 AM"
65e11cec79b43b53e1af5c81,Synergy Rental Group,pro,Mid-Market,true,,FINANCE,Fee configuration detector,true,"Jul 7, 2026, 6:18:53 AM","Jul 7, 2026, 6:18:53 AM"
699699720e798385617b4d65,Whistler Breaks Vacation Rentals Ltd,pro,Mid-Market,true,,ACCOUNTING,Monthly cancelled reservations,true,"Jul 7, 2026, 3:51:54 AM","Jul 7, 2026, 3:51:54 AM"
699699720e798385617b4d65,Whistler Breaks Vacation Rentals Ltd,pro,Mid-Market,true,,ACCOUNTING,Advance deposit checker,true,"Jul 7, 2026, 3:51:40 AM","Jul 7, 2026, 3:51:40 AM"
6994ba6006158b9341e7e0a2,Marisol & Co. Hospitality Group,pro,Mid-Market,true,,FINANCE,Tax Configuration Audit,true,"Jul 7, 2026, 3:03:25 AM","Jul 7, 2026, 3:03:25 AM"
6994ba6006158b9341e7e0a2,Marisol & Co. Hospitality Group,pro,Mid-Market,true,,COMMUNICATIONS,Review response drafter,true,"Jul 7, 2026, 3:03:07 AM","Jul 7, 2026, 3:03:07 AM"
6994ba6006158b9341e7e0a2,Marisol & Co. Hospitality Group,pro,Mid-Market,true,,COMMUNICATIONS,Negative review challenger,true,"Jul 7, 2026, 3:02:51 AM","Jul 7, 2026, 3:02:51 AM"
6994ba6006158b9341e7e0a2,Marisol & Co. Hospitality Group,pro,Mid-Market,true,,OPERATIONS,Maintenance tracker,true,"Jul 7, 2026, 3:02:44 AM","Jul 7, 2026, 3:02:44 AM"
664cd7b17ece3a46c68c5b09,Bee Cave Mgmt LLC,pro,Mid-Market,true,,OPERATIONS,Reservation duplicate detector,true,"Jul 6, 2026, 9:14:30 PM","Jul 6, 2026, 9:14:30 PM"
664cd7b17ece3a46c68c5b09,Bee Cave Mgmt LLC,pro,Mid-Market,true,,FINANCE,Security deposit extender,true,"Jul 6, 2026, 9:14:22 PM","Jul 6, 2026, 9:14:22 PM"
664cd7b17ece3a46c68c5b09,Bee Cave Mgmt LLC,pro,Mid-Market,true,,COMMUNICATIONS,Saved replies optimizer,true,"Jul 6, 2026, 9:14:19 PM","Jul 6, 2026, 9:14:19 PM"
664cd7b17ece3a46c68c5b09,Bee Cave Mgmt LLC,pro,Mid-Market,true,,OPERATIONS,Weekly Operation Brief,true,"Jul 6, 2026, 9:14:06 PM","Jul 6, 2026, 9:14:06 PM"
664cd7b17ece3a46c68c5b09,Bee Cave Mgmt LLC,pro,Mid-Market,true,,OPERATIONS,Team access review,true,"Jul 6, 2026, 9:14:01 PM","Jul 6, 2026, 9:14:01 PM"
664cd7b17ece3a46c68c5b09,Bee Cave Mgmt LLC,pro,Mid-Market,true,,OPERATIONS,Stay status reconciler,true,"Jul 6, 2026, 9:13:57 PM","Jul 6, 2026, 9:13:57 PM"
664cd7b17ece3a46c68c5b09,Bee Cave Mgmt LLC,pro,Mid-Market,true,,OPERATIONS,Risky reservation detector,true,"Jul 6, 2026, 9:13:54 PM","Jul 6, 2026, 9:13:54 PM"
664cd7b17ece3a46c68c5b09,Bee Cave Mgmt LLC,pro,Mid-Market,true,,OPERATIONS,Review to task dispatcher,true,"Jul 6, 2026, 9:13:51 PM","Jul 6, 2026, 9:13:51 PM"
664cd7b17ece3a46c68c5b09,Bee Cave Mgmt LLC,pro,Mid-Market,true,,COMMUNICATIONS,Review response drafter,true,"Jul 6, 2026, 9:13:47 PM","Jul 6, 2026, 9:13:47 PM"
664cd7b17ece3a46c68c5b09,Bee Cave Mgmt LLC,pro,Mid-Market,true,,OPERATIONS,Reservation handoff brief,true,"Jul 6, 2026, 9:13:43 PM","Jul 6, 2026, 9:13:43 PM"
664cd7b17ece3a46c68c5b09,Bee Cave Mgmt LLC,pro,Mid-Market,true,,COMMUNICATIONS,Negative review challenger,true,"Jul 6, 2026, 9:13:39 PM","Jul 6, 2026, 9:13:39 PM"
664cd7b17ece3a46c68c5b09,Bee Cave Mgmt LLC,pro,Mid-Market,true,,ACCOUNTING,Monthly cancelled reservations,true,"Jul 6, 2026, 9:13:35 PM","Jul 6, 2026, 9:13:35 PM"
664cd7b17ece3a46c68c5b09,Bee Cave Mgmt LLC,pro,Mid-Market,true,,OPERATIONS,Maintenance tracker,true,"Jul 6, 2026, 9:13:32 PM","Jul 6, 2026, 9:13:32 PM"
664cd7b17ece3a46c68c5b09,Bee Cave Mgmt LLC,pro,Mid-Market,true,,OPERATIONS,Inquiry expiry manager,true,"Jul 6, 2026, 9:13:28 PM","Jul 6, 2026, 9:13:28 PM"
664cd7b17ece3a46c68c5b09,Bee Cave Mgmt LLC,pro,Mid-Market,true,,OPERATIONS,Commitment keeper,true,"Jul 6, 2026, 9:13:19 PM","Jul 6, 2026, 9:13:19 PM"
664cd7b17ece3a46c68c5b09,Bee Cave Mgmt LLC,pro,Mid-Market,true,,OPERATIONS,Daily task coverage board,true,"Jul 6, 2026, 9:13:13 PM","Jul 6, 2026, 9:13:13 PM"
664cd7b17ece3a46c68c5b09,Bee Cave Mgmt LLC,pro,Mid-Market,true,,OPERATIONS,Check-in readiness,true,"Jul 6, 2026, 9:13:09 PM","Jul 6, 2026, 9:13:09 PM"
664cd7b17ece3a46c68c5b09,Bee Cave Mgmt LLC,pro,Mid-Market,true,,OPERATIONS,Calendar conflict detector,true,"Jul 6, 2026, 9:13:00 PM","Jul 6, 2026, 9:13:00 PM"
664cd7b17ece3a46c68c5b09,Bee Cave Mgmt LLC,pro,Mid-Market,true,,OPERATIONS,Amenity gap detector,true,"Jul 6, 2026, 9:12:56 PM","Jul 6, 2026, 9:12:56 PM"
664cd7b17ece3a46c68c5b09,Bee Cave Mgmt LLC,pro,Mid-Market,true,,ACCOUNTING,Advance deposit checker,true,"Jul 6, 2026, 9:12:53 PM","Jul 6, 2026, 9:12:53 PM"
664cd7b17ece3a46c68c5b09,Bee Cave Mgmt LLC,pro,Mid-Market,true,,FINANCE,Unpaid reservation tracker,true,"Jul 6, 2026, 9:12:27 PM","Jul 6, 2026, 9:12:27 PM"
664cd7b17ece3a46c68c5b09,Bee Cave Mgmt LLC,pro,Mid-Market,true,,FINANCE,Tax Configuration Audit,true,"Jul 6, 2026, 9:12:23 PM","Jul 6, 2026, 9:12:23 PM"
664cd7b17ece3a46c68c5b09,Bee Cave Mgmt LLC,pro,Mid-Market,true,,FINANCE,Fee configuration detector,true,"Jul 6, 2026, 9:12:11 PM","Jul 6, 2026, 9:12:11 PM"
664cd7b17ece3a46c68c5b09,Bee Cave Mgmt LLC,pro,Mid-Market,true,,OWNER_RELATIONS,Owner payment details collector,true,"Jul 6, 2026, 9:12:00 PM","Jul 6, 2026, 9:12:00 PM"
69cc4d66a9f6b32e370fe8f5,GEKO S.A.C.,pro,Mid-Market,true,,COMMUNICATIONS,Saved replies optimizer,true,"Jul 6, 2026, 8:20:16 PM","Jul 6, 2026, 8:20:16 PM"
69cc4d66a9f6b32e370fe8f5,GEKO S.A.C.,pro,Mid-Market,true,,OPERATIONS,Amenity gap detector,true,"Jul 6, 2026, 8:20:08 PM","Jul 6, 2026, 8:20:08 PM"
662c7b0c713d3ca356f497cb,Freedom Vacation Rentals,pro,Mid-Market,true,,FINANCE,Unpaid reservation tracker,true,"Jul 6, 2026, 6:50:10 PM","Jul 6, 2026, 6:50:10 PM"
662c7b0c713d3ca356f497cb,Freedom Vacation Rentals,pro,Mid-Market,true,,OPERATIONS,Team access review,true,"Jul 6, 2026, 6:40:11 PM","Jul 6, 2026, 6:40:11 PM"
662c7b0c713d3ca356f497cb,Freedom Vacation Rentals,pro,Mid-Market,true,,OPERATIONS,Weekly Operation Brief,true,"Jul 6, 2026, 6:40:02 PM","Jul 6, 2026, 6:40:02 PM"
662c7b0c713d3ca356f497cb,Freedom Vacation Rentals,pro,Mid-Market,true,,OPERATIONS,Translation gap filler,true,"Jul 6, 2026, 6:39:46 PM","Jul 6, 2026, 6:39:46 PM"
662c7b0c713d3ca356f497cb,Freedom Vacation Rentals,pro,Mid-Market,true,,COMMUNICATIONS,Saved replies optimizer,true,"Jul 6, 2026, 6:39:30 PM","Jul 6, 2026, 6:39:30 PM"
662c7b0c713d3ca356f497cb,Freedom Vacation Rentals,pro,Mid-Market,true,,COMMUNICATIONS,Review response drafter,true,"Jul 6, 2026, 6:39:18 PM","Jul 6, 2026, 6:39:18 PM"
662c7b0c713d3ca356f497cb,Freedom Vacation Rentals,pro,Mid-Market,true,,OPERATIONS,Reservation duplicate detector,true,"Jul 6, 2026, 6:39:02 PM","Jul 6, 2026, 6:39:02 PM"
662c7b0c713d3ca356f497cb,Freedom Vacation Rentals,pro,Mid-Market,true,,OPERATIONS,Reservation handoff brief,true,"Jul 6, 2026, 6:38:51 PM","Jul 6, 2026, 6:38:51 PM"
662c7b0c713d3ca356f497cb,Freedom Vacation Rentals,pro,Mid-Market,true,,COMMUNICATIONS,Negative review challenger,true,"Jul 6, 2026, 6:38:35 PM","Jul 6, 2026, 6:38:35 PM"
662c7b0c713d3ca356f497cb,Freedom Vacation Rentals,pro,Mid-Market,true,,OPERATIONS,Maintenance tracker,true,"Jul 6, 2026, 6:38:16 PM","Jul 6, 2026, 6:38:16 PM"
662c7b0c713d3ca356f497cb,Freedom Vacation Rentals,pro,Mid-Market,true,,OPERATIONS,Daily task coverage board,true,"Jul 6, 2026, 6:38:06 PM","Jul 6, 2026, 6:38:06 PM"
662c7b0c713d3ca356f497cb,Freedom Vacation Rentals,pro,Mid-Market,true,,OPERATIONS,Commitment keeper,true,"Jul 6, 2026, 6:37:47 PM","Jul 6, 2026, 6:37:47 PM"
662c7b0c713d3ca356f497cb,Freedom Vacation Rentals,pro,Mid-Market,true,,OPERATIONS,Check-in readiness,false,"Jul 6, 2026, 6:35:11 PM","Jul 6, 2026, 8:49:20 PM"
662c7b0c713d3ca356f497cb,Freedom Vacation Rentals,pro,Mid-Market,true,,OPERATIONS,Calendar conflict detector,true,"Jul 6, 2026, 6:34:56 PM","Jul 6, 2026, 6:34:56 PM"
662c7b0c713d3ca356f497cb,Freedom Vacation Rentals,pro,Mid-Market,true,,ACCOUNTING,Advance deposit checker,true,"Jul 6, 2026, 6:34:18 PM","Jul 6, 2026, 6:34:18 PM"
63d7edf439e935004cc1d253,Stars Vacation Homes,pro,SME,true,,COMMUNICATIONS,Negative review challenger,true,"Jul 6, 2026, 6:31:26 PM","Jul 6, 2026, 6:31:26 PM"
63d7edf439e935004cc1d253,Stars Vacation Homes,pro,SME,true,,OPERATIONS,Maintenance tracker,true,"Jul 6, 2026, 6:31:20 PM","Jul 6, 2026, 6:31:20 PM"
63d7edf439e935004cc1d253,Stars Vacation Homes,pro,SME,true,,OPERATIONS,Calendar conflict detector,true,"Jul 6, 2026, 6:31:11 PM","Jul 6, 2026, 6:31:11 PM"
6691731ff6abdb39ff57bbc6,DreamStay Vacation Rentals,pro,Mid-Market,true,,OPERATIONS,Risky reservation detector,true,"Jul 6, 2026, 6:11:05 PM","Jul 6, 2026, 6:11:05 PM"
6691731ff6abdb39ff57bbc6,DreamStay Vacation Rentals,pro,Mid-Market,true,,COMMUNICATIONS,Negative review challenger,true,"Jul 6, 2026, 6:10:55 PM","Jul 6, 2026, 6:10:55 PM"
6691731ff6abdb39ff57bbc6,DreamStay Vacation Rentals,pro,Mid-Market,true,,ACCOUNTING,Monthly cancelled reservations,true,"Jul 6, 2026, 6:10:44 PM","Jul 6, 2026, 6:10:44 PM"
6691731ff6abdb39ff57bbc6,DreamStay Vacation Rentals,pro,Mid-Market,true,,OPERATIONS,Daily task coverage board,true,"Jul 6, 2026, 6:10:14 PM","Jul 6, 2026, 6:10:14 PM"
6691731ff6abdb39ff57bbc6,DreamStay Vacation Rentals,pro,Mid-Market,true,,OPERATIONS,Commitment keeper,true,"Jul 6, 2026, 6:09:52 PM","Jul 6, 2026, 6:09:52 PM"
6691731ff6abdb39ff57bbc6,DreamStay Vacation Rentals,pro,Mid-Market,true,,OPERATIONS,Maintenance tracker,true,"Jul 6, 2026, 6:09:31 PM","Jul 6, 2026, 6:09:31 PM"
6691731ff6abdb39ff57bbc6,DreamStay Vacation Rentals,pro,Mid-Market,true,,OPERATIONS,Calendar conflict detector,true,"Jul 6, 2026, 6:09:07 PM","Jul 6, 2026, 6:09:07 PM"
6691731ff6abdb39ff57bbc6,DreamStay Vacation Rentals,pro,Mid-Market,true,,OPERATIONS,Amenity gap detector,true,"Jul 6, 2026, 6:09:00 PM","Jul 6, 2026, 6:09:00 PM"
6691731ff6abdb39ff57bbc6,DreamStay Vacation Rentals,pro,Mid-Market,true,,OPERATIONS,Inquiry expiry manager,true,"Jul 6, 2026, 6:08:39 PM","Jul 6, 2026, 6:08:39 PM"
6691731ff6abdb39ff57bbc6,DreamStay Vacation Rentals,pro,Mid-Market,true,,OPERATIONS,Reservation duplicate detector,true,"Jul 6, 2026, 6:07:47 PM","Jul 6, 2026, 6:07:47 PM"
6691731ff6abdb39ff57bbc6,DreamStay Vacation Rentals,pro,Mid-Market,true,,COMMUNICATIONS,Review response drafter,true,"Jul 6, 2026, 6:07:25 PM","Jul 6, 2026, 6:07:25 PM"
6691731ff6abdb39ff57bbc6,DreamStay Vacation Rentals,pro,Mid-Market,true,,OPERATIONS,Team access review,true,"Jul 6, 2026, 6:06:18 PM","Jul 6, 2026, 6:06:18 PM"
655346f4ac25e87d1056b160,Stay Homy,pro,Mid-Market,true,,OPERATIONS,Team access review,true,"Jul 6, 2026, 5:17:22 PM","Jul 6, 2026, 5:17:22 PM"
655346f4ac25e87d1056b160,Stay Homy,pro,Mid-Market,true,,OPERATIONS,Translation gap filler,true,"Jul 6, 2026, 5:16:06 PM","Jul 6, 2026, 5:16:06 PM"
6542c4e210675435b7246225,Bungalow Solutions LLC,pro,SME,true,,ACCOUNTING,Monthly cancelled reservations,false,"Jul 6, 2026, 5:12:00 PM","Jul 13, 2026, 5:42:31 PM"
655346f4ac25e87d1056b160,Stay Homy,pro,Mid-Market,true,,OPERATIONS,Weekly Operation Brief,true,"Jul 6, 2026, 5:03:53 PM","Jul 6, 2026, 5:03:53 PM"
655346f4ac25e87d1056b160,Stay Homy,pro,Mid-Market,true,,OPERATIONS,Risky reservation detector,true,"Jul 6, 2026, 5:02:41 PM","Jul 6, 2026, 5:02:41 PM"
655346f4ac25e87d1056b160,Stay Homy,pro,Mid-Market,true,,COMMUNICATIONS,Negative review challenger,true,"Jul 6, 2026, 5:00:18 PM","Jul 6, 2026, 5:00:18 PM"
6361401a09cd6a004c376443,APEK Rentals,pro,Enterprise,true,hq_child,OPERATIONS,Weekly Operation Brief,true,"Jul 6, 2026, 3:32:35 PM","Jul 6, 2026, 3:32:35 PM"
6361401a09cd6a004c376443,APEK Rentals,pro,Enterprise,true,hq_child,FINANCE,Unpaid reservation tracker,true,"Jul 6, 2026, 3:32:24 PM","Jul 6, 2026, 3:32:24 PM"
6361401a09cd6a004c376443,APEK Rentals,pro,Enterprise,true,hq_child,OPERATIONS,Translation gap filler,true,"Jul 6, 2026, 3:32:15 PM","Jul 6, 2026, 3:32:15 PM"
6361401a09cd6a004c376443,APEK Rentals,pro,Enterprise,true,hq_child,OPERATIONS,Team access review,true,"Jul 6, 2026, 3:32:07 PM","Jul 6, 2026, 3:32:07 PM"
6361401a09cd6a004c376443,APEK Rentals,pro,Enterprise,true,hq_child,FINANCE,Tax Configuration Audit,true,"Jul 6, 2026, 3:32:00 PM","Jul 6, 2026, 3:32:00 PM"
6361401a09cd6a004c376443,APEK Rentals,pro,Enterprise,true,hq_child,OPERATIONS,Stay status reconciler,true,"Jul 6, 2026, 3:31:52 PM","Jul 6, 2026, 3:31:52 PM"
6361401a09cd6a004c376443,APEK Rentals,pro,Enterprise,true,hq_child,FINANCE,Security deposit extender,true,"Jul 6, 2026, 3:31:37 PM","Jul 6, 2026, 3:31:37 PM"
6361401a09cd6a004c376443,APEK Rentals,pro,Enterprise,true,hq_child,COMMUNICATIONS,Saved replies optimizer,true,"Jul 6, 2026, 3:31:27 PM","Jul 6, 2026, 3:31:27 PM"
6361401a09cd6a004c376443,APEK Rentals,pro,Enterprise,true,hq_child,OPERATIONS,Risky reservation detector,true,"Jul 6, 2026, 3:31:20 PM","Jul 6, 2026, 3:31:20 PM"
6361401a09cd6a004c376443,APEK Rentals,pro,Enterprise,true,hq_child,OPERATIONS,Review to task dispatcher,true,"Jul 6, 2026, 3:31:13 PM","Jul 6, 2026, 3:31:13 PM"
6361401a09cd6a004c376443,APEK Rentals,pro,Enterprise,true,hq_child,COMMUNICATIONS,Review response drafter,true,"Jul 6, 2026, 3:31:07 PM","Jul 6, 2026, 3:31:07 PM"
6361401a09cd6a004c376443,APEK Rentals,pro,Enterprise,true,hq_child,OPERATIONS,Reservation handoff brief,true,"Jul 6, 2026, 3:30:59 PM","Jul 6, 2026, 3:30:59 PM"
6361401a09cd6a004c376443,APEK Rentals,pro,Enterprise,true,hq_child,OPERATIONS,Reservation duplicate detector,true,"Jul 6, 2026, 3:30:51 PM","Jul 6, 2026, 3:30:51 PM"
6361401a09cd6a004c376443,APEK Rentals,pro,Enterprise,true,hq_child,OWNER_RELATIONS,Owner payment details collector,true,"Jul 6, 2026, 3:30:43 PM","Jul 6, 2026, 3:30:43 PM"
6361401a09cd6a004c376443,APEK Rentals,pro,Enterprise,true,hq_child,COMMUNICATIONS,Negative review challenger,true,"Jul 6, 2026, 3:30:30 PM","Jul 6, 2026, 3:30:30 PM"
6361401a09cd6a004c376443,APEK Rentals,pro,Enterprise,true,hq_child,ACCOUNTING,Monthly cancelled reservations,true,"Jul 6, 2026, 3:30:20 PM","Jul 6, 2026, 3:30:20 PM"
6361401a09cd6a004c376443,APEK Rentals,pro,Enterprise,true,hq_child,OPERATIONS,Maintenance tracker,true,"Jul 6, 2026, 3:30:06 PM","Jul 6, 2026, 3:30:06 PM"
6361401a09cd6a004c376443,APEK Rentals,pro,Enterprise,true,hq_child,OPERATIONS,Inquiry expiry manager,true,"Jul 6, 2026, 3:29:58 PM","Jul 6, 2026, 3:29:58 PM"
6361401a09cd6a004c376443,APEK Rentals,pro,Enterprise,true,hq_child,FINANCE,Fee configuration detector,true,"Jul 6, 2026, 3:29:48 PM","Jul 6, 2026, 3:29:48 PM"
6361401a09cd6a004c376443,APEK Rentals,pro,Enterprise,true,hq_child,OPERATIONS,Daily task coverage board,true,"Jul 6, 2026, 3:29:35 PM","Jul 6, 2026, 3:29:35 PM"
6361401a09cd6a004c376443,APEK Rentals,pro,Enterprise,true,hq_child,OPERATIONS,Commitment keeper,true,"Jul 6, 2026, 3:29:25 PM","Jul 6, 2026, 3:29:25 PM"
6361401a09cd6a004c376443,APEK Rentals,pro,Enterprise,true,hq_child,OPERATIONS,Check-in readiness,true,"Jul 6, 2026, 3:29:05 PM","Jul 6, 2026, 3:29:05 PM"
6361401a09cd6a004c376443,APEK Rentals,pro,Enterprise,true,hq_child,OPERATIONS,Calendar conflict detector,true,"Jul 6, 2026, 3:28:51 PM","Jul 6, 2026, 3:28:51 PM"
6361401a09cd6a004c376443,APEK Rentals,pro,Enterprise,true,hq_child,OPERATIONS,Amenity gap detector,true,"Jul 6, 2026, 3:28:44 PM","Jul 6, 2026, 3:28:44 PM"
6361401a09cd6a004c376443,APEK Rentals,pro,Enterprise,true,hq_child,ACCOUNTING,Advance deposit checker,true,"Jul 6, 2026, 3:28:34 PM","Jul 6, 2026, 3:28:34 PM"
633ce6133627590032806db7,Premier Vacation Stays,pro,Mid-Market,true,,COMMUNICATIONS,Review response drafter,true,"Jul 6, 2026, 3:12:41 PM","Jul 6, 2026, 3:12:41 PM"
633ce6133627590032806db7,Premier Vacation Stays,pro,Mid-Market,true,,OPERATIONS,Weekly Operation Brief,true,"Jul 6, 2026, 3:12:02 PM","Jul 6, 2026, 3:12:02 PM"
633ce6133627590032806db7,Premier Vacation Stays,pro,Mid-Market,true,,FINANCE,Tax Configuration Audit,true,"Jul 6, 2026, 3:11:47 PM","Jul 6, 2026, 3:11:47 PM"
633ce6133627590032806db7,Premier Vacation Stays,pro,Mid-Market,true,,OPERATIONS,Stay status reconciler,true,"Jul 6, 2026, 3:11:30 PM","Jul 6, 2026, 3:11:30 PM"
633ce6133627590032806db7,Premier Vacation Stays,pro,Mid-Market,true,,OPERATIONS,Risky reservation detector,true,"Jul 6, 2026, 3:11:00 PM","Jul 6, 2026, 3:11:00 PM"
633ce6133627590032806db7,Premier Vacation Stays,pro,Mid-Market,true,,OPERATIONS,Reservation duplicate detector,true,"Jul 6, 2026, 3:10:29 PM","Jul 6, 2026, 3:10:29 PM"
633ce6133627590032806db7,Premier Vacation Stays,pro,Mid-Market,true,,COMMUNICATIONS,Negative review challenger,true,"Jul 6, 2026, 3:10:21 PM","Jul 6, 2026, 3:10:21 PM"
633ce6133627590032806db7,Premier Vacation Stays,pro,Mid-Market,true,,OPERATIONS,Inquiry expiry manager,true,"Jul 6, 2026, 3:09:49 PM","Jul 6, 2026, 3:09:49 PM"
6994ba6006158b9341e7e0a2,Marisol & Co. Hospitality Group,pro,Mid-Market,true,,OWNER_RELATIONS,Owner payment details collector,true,"Jul 6, 2026, 3:08:28 PM","Jul 6, 2026, 3:08:28 PM"
67b793cf40e1ed4a6dae237e,South Padre Island Trips,pro,Mid-Market,true,,OPERATIONS,Weekly Operation Brief,true,"Jul 6, 2026, 1:54:32 PM","Jul 6, 2026, 1:54:32 PM"
67b793cf40e1ed4a6dae237e,South Padre Island Trips,pro,Mid-Market,true,,OPERATIONS,Team access review,true,"Jul 6, 2026, 1:54:04 PM","Jul 6, 2026, 1:54:04 PM"
67b793cf40e1ed4a6dae237e,South Padre Island Trips,pro,Mid-Market,true,,OPERATIONS,Commitment keeper,true,"Jul 6, 2026, 1:52:29 PM","Jul 6, 2026, 1:52:29 PM"
67b793cf40e1ed4a6dae237e,South Padre Island Trips,pro,Mid-Market,true,,ACCOUNTING,Advance deposit checker,true,"Jul 6, 2026, 1:52:12 PM","Jul 6, 2026, 1:52:12 PM"
67b793cf40e1ed4a6dae237e,South Padre Island Trips,pro,Mid-Market,true,,OPERATIONS,Check-in readiness,true,"Jul 6, 2026, 1:51:54 PM","Jul 6, 2026, 1:51:54 PM"
697cf07e97c71aa6720b0e9b,Asesoria e Inversiones Riverso Andes SPA,pro,Mid-Market,true,,OPERATIONS,Amenity gap detector,true,"Jul 6, 2026, 1:49:00 PM","Jul 6, 2026, 1:49:00 PM"
675088ce3780f3a8abe636d7,SMART HOST VACATION HOME RENTAL L.L.C.,pro,Mid-Market,true,,FINANCE,Unpaid reservation tracker,true,"Jul 6, 2026, 12:49:45 PM","Jul 6, 2026, 12:49:45 PM"
675088ce3780f3a8abe636d7,SMART HOST VACATION HOME RENTAL L.L.C.,pro,Mid-Market,true,,ACCOUNTING,Advance deposit checker,true,"Jul 6, 2026, 12:49:15 PM","Jul 6, 2026, 12:49:15 PM"
675088ce3780f3a8abe636d7,SMART HOST VACATION HOME RENTAL L.L.C.,pro,Mid-Market,true,,FINANCE,Tax Configuration Audit,true,"Jul 6, 2026, 12:48:52 PM","Jul 6, 2026, 12:48:52 PM"
6639b053af65b5a61d2cec4c,Clifton Partners Property,pro,Mid-Market,true,,DISTRIBUTION,Airbnb quality detector,true,"Jul 6, 2026, 12:21:36 PM","Jul 6, 2026, 12:21:36 PM"
6639b053af65b5a61d2cec4c,Clifton Partners Property,pro,Mid-Market,true,,OPERATIONS,Amenity gap detector,true,"Jul 6, 2026, 12:21:32 PM","Jul 6, 2026, 12:21:32 PM"
6639b053af65b5a61d2cec4c,Clifton Partners Property,pro,Mid-Market,true,,FINANCE,Checkout balance collection,true,"Jul 6, 2026, 12:21:27 PM","Jul 6, 2026, 12:21:27 PM"
6639b053af65b5a61d2cec4c,Clifton Partners Property,pro,Mid-Market,true,,OPERATIONS,Daily task coverage board,true,"Jul 6, 2026, 12:21:17 PM","Jul 6, 2026, 12:21:17 PM"
6639b053af65b5a61d2cec4c,Clifton Partners Property,pro,Mid-Market,true,,OPERATIONS,Commitment keeper,true,"Jul 6, 2026, 12:21:12 PM","Jul 6, 2026, 12:21:12 PM"
6639b053af65b5a61d2cec4c,Clifton Partners Property,pro,Mid-Market,true,,OPERATIONS,Inquiry expiry manager,true,"Jul 6, 2026, 12:21:07 PM","Jul 6, 2026, 12:21:07 PM"
6639b053af65b5a61d2cec4c,Clifton Partners Property,pro,Mid-Market,true,,COMMUNICATIONS,Negative review challenger,true,"Jul 6, 2026, 12:21:02 PM","Jul 6, 2026, 12:21:02 PM"
6639b053af65b5a61d2cec4c,Clifton Partners Property,pro,Mid-Market,true,,OPERATIONS,Reservation duplicate detector,true,"Jul 6, 2026, 12:20:55 PM","Jul 6, 2026, 12:20:55 PM"
6639b053af65b5a61d2cec4c,Clifton Partners Property,pro,Mid-Market,true,,COMMUNICATIONS,Saved replies optimizer,true,"Jul 6, 2026, 12:20:50 PM","Jul 6, 2026, 12:20:50 PM"
6639b053af65b5a61d2cec4c,Clifton Partners Property,pro,Mid-Market,true,,FINANCE,Security deposit extender,true,"Jul 6, 2026, 12:20:44 PM","Jul 6, 2026, 12:20:44 PM"
6639b053af65b5a61d2cec4c,Clifton Partners Property,pro,Mid-Market,true,,OPERATIONS,Risky reservation detector,true,"Jul 6, 2026, 12:20:39 PM","Jul 6, 2026, 12:20:39 PM"
6639b053af65b5a61d2cec4c,Clifton Partners Property,pro,Mid-Market,true,,FINANCE,Tax Configuration Audit,true,"Jul 6, 2026, 12:20:32 PM","Jul 6, 2026, 12:20:32 PM"
6639b053af65b5a61d2cec4c,Clifton Partners Property,pro,Mid-Market,true,,OPERATIONS,Weekly Operation Brief,true,"Jul 6, 2026, 12:20:28 PM","Jul 6, 2026, 12:20:28 PM"
6639b053af65b5a61d2cec4c,Clifton Partners Property,pro,Mid-Market,true,,FINANCE,Unpaid reservation tracker,true,"Jul 6, 2026, 12:20:19 PM","Jul 6, 2026, 12:20:19 PM"
6639b053af65b5a61d2cec4c,Clifton Partners Property,pro,Mid-Market,true,,OPERATIONS,Translation gap filler,true,"Jul 6, 2026, 12:20:13 PM","Jul 6, 2026, 12:20:13 PM"
6639b053af65b5a61d2cec4c,Clifton Partners Property,pro,Mid-Market,true,,OPERATIONS,Team access review,true,"Jul 6, 2026, 12:20:06 PM","Jul 6, 2026, 12:20:06 PM"
6639b053af65b5a61d2cec4c,Clifton Partners Property,pro,Mid-Market,true,,OPERATIONS,Review to task dispatcher,true,"Jul 6, 2026, 12:20:00 PM","Jul 6, 2026, 12:20:00 PM"
6639b053af65b5a61d2cec4c,Clifton Partners Property,pro,Mid-Market,true,,OPERATIONS,Reservation handoff brief,true,"Jul 6, 2026, 12:19:52 PM","Jul 6, 2026, 12:19:52 PM"
6639b053af65b5a61d2cec4c,Clifton Partners Property,pro,Mid-Market,true,,COMMUNICATIONS,Review response drafter,true,"Jul 6, 2026, 12:19:42 PM","Jul 6, 2026, 12:19:42 PM"
6639b053af65b5a61d2cec4c,Clifton Partners Property,pro,Mid-Market,true,,OWNER_RELATIONS,Owner payment details collector,true,"Jul 6, 2026, 12:19:32 PM","Jul 6, 2026, 12:19:32 PM"
6639b053af65b5a61d2cec4c,Clifton Partners Property,pro,Mid-Market,true,,OPERATIONS,Check-in readiness,false,"Jul 6, 2026, 12:19:08 PM","Jul 7, 2026, 8:19:09 PM"
697a2cee97c71aa6720b0d44,Mountain Laurel Chalets,pro,Mid-Market,true,,DISTRIBUTION,Airbnb quality detector,true,"Jul 6, 2026, 11:44:52 AM","Jul 6, 2026, 11:44:52 AM"
694ad57b5746ac96c0eb4e07,Residentas PT,pro,Mid-Market,true,,COMMUNICATIONS,Negative review challenger,true,"Jul 6, 2026, 10:53:45 AM","Jul 6, 2026, 10:53:45 AM"
694ad57b5746ac96c0eb4e07,Residentas PT,pro,Mid-Market,true,,COMMUNICATIONS,Review response drafter,true,"Jul 6, 2026, 10:53:38 AM","Jul 6, 2026, 10:53:38 AM"
694ad57b5746ac96c0eb4e07,Residentas PT,pro,Mid-Market,true,,COMMUNICATIONS,Saved replies optimizer,true,"Jul 6, 2026, 10:53:25 AM","Jul 6, 2026, 10:53:25 AM"
694ad57b5746ac96c0eb4e07,Residentas PT,pro,Mid-Market,true,,OPERATIONS,Translation gap filler,true,"Jul 6, 2026, 10:52:07 AM","Jul 6, 2026, 10:52:07 AM"
66d07cd5f48715e4ecea2688,Vivendos Homes SL,pro,SMB,true,,OPERATIONS,Team access review,true,"Jul 6, 2026, 8:50:31 AM","Jul 6, 2026, 8:50:31 AM"
66d07cd5f48715e4ecea2688,Vivendos Homes SL,pro,SMB,true,,COMMUNICATIONS,Saved replies optimizer,true,"Jul 6, 2026, 8:49:55 AM","Jul 6, 2026, 8:49:55 AM"
66d07cd5f48715e4ecea2688,Vivendos Homes SL,pro,SMB,true,,OPERATIONS,Risky reservation detector,true,"Jul 6, 2026, 8:49:43 AM","Jul 6, 2026, 8:49:43 AM"
66d07cd5f48715e4ecea2688,Vivendos Homes SL,pro,SMB,true,,OPERATIONS,Review to task dispatcher,true,"Jul 6, 2026, 8:49:22 AM","Jul 6, 2026, 8:49:22 AM"
66d07cd5f48715e4ecea2688,Vivendos Homes SL,pro,SMB,true,,COMMUNICATIONS,Review response drafter,true,"Jul 6, 2026, 8:49:08 AM","Jul 6, 2026, 8:49:08 AM"
66d07cd5f48715e4ecea2688,Vivendos Homes SL,pro,SMB,true,,OPERATIONS,Calendar conflict detector,true,"Jul 6, 2026, 8:48:42 AM","Jul 6, 2026, 8:48:42 AM"
66d07cd5f48715e4ecea2688,Vivendos Homes SL,pro,SMB,true,,OPERATIONS,Reservation duplicate detector,true,"Jul 6, 2026, 8:48:23 AM","Jul 6, 2026, 8:48:23 AM"
66d07cd5f48715e4ecea2688,Vivendos Homes SL,pro,SMB,true,,COMMUNICATIONS,Negative review challenger,true,"Jul 6, 2026, 8:47:53 AM","Jul 6, 2026, 8:47:53 AM"
66d07cd5f48715e4ecea2688,Vivendos Homes SL,pro,SMB,true,,OPERATIONS,Amenity gap detector,true,"Jul 6, 2026, 8:44:45 AM","Jul 6, 2026, 8:44:45 AM"
66d07cd5f48715e4ecea2688,Vivendos Homes SL,pro,SMB,true,,DISTRIBUTION,Airbnb quality detector,true,"Jul 6, 2026, 8:43:04 AM","Jul 6, 2026, 8:43:04 AM"
693fe0317e1715aa98c354f6,Ilic Corporation,pro,SMB,true,,OPERATIONS,Amenity gap detector,true,"Jul 6, 2026, 8:05:18 AM","Jul 6, 2026, 8:05:18 AM"
693fe0317e1715aa98c354f6,Ilic Corporation,pro,SMB,true,,OPERATIONS,Risky reservation detector,true,"Jul 6, 2026, 8:04:54 AM","Jul 6, 2026, 8:04:54 AM"
693fe0317e1715aa98c354f6,Ilic Corporation,pro,SMB,true,,COMMUNICATIONS,Negative review challenger,true,"Jul 6, 2026, 8:04:41 AM","Jul 6, 2026, 8:04:41 AM"
693fe0317e1715aa98c354f6,Ilic Corporation,pro,SMB,true,,DISTRIBUTION,Airbnb quality detector,true,"Jul 6, 2026, 8:04:16 AM","Jul 6, 2026, 8:04:16 AM"
693fe0317e1715aa98c354f6,Ilic Corporation,pro,SMB,true,,OPERATIONS,Calendar conflict detector,true,"Jul 6, 2026, 8:04:07 AM","Jul 6, 2026, 8:04:07 AM"
696e0505b558d35d8ff05dbe,Salt & City Stays,pro,Mid-Market,true,,OPERATIONS,Reservation handoff brief,true,"Jul 6, 2026, 7:58:00 AM","Jul 6, 2026, 7:58:00 AM"
696e0505b558d35d8ff05dbe,Salt & City Stays,pro,Mid-Market,true,,COMMUNICATIONS,Negative review challenger,true,"Jul 6, 2026, 7:57:51 AM","Jul 6, 2026, 7:57:51 AM"
696e0505b558d35d8ff05dbe,Salt & City Stays,pro,Mid-Market,true,,OPERATIONS,Commitment keeper,true,"Jul 6, 2026, 7:42:18 AM","Jul 6, 2026, 7:42:18 AM"
696e0505b558d35d8ff05dbe,Salt & City Stays,pro,Mid-Market,true,,DISTRIBUTION,Airbnb quality detector,true,"Jul 6, 2026, 7:42:05 AM","Jul 6, 2026, 7:42:05 AM"
68cbee25467ac68da2e582a7,Nordic Guest AB,pro,SMB,true,,FINANCE,Unpaid reservation tracker,true,"Jul 6, 2026, 7:41:08 AM","Jul 6, 2026, 7:41:08 AM"
69e250520f8cce78dc112886,Vacant Nests,pro,Mid-Market,true,hq_child,FINANCE,Unpaid reservation tracker,true,"Jul 6, 2026, 5:54:18 AM","Jul 6, 2026, 5:54:18 AM"
69e250520f8cce78dc112886,Vacant Nests,pro,Mid-Market,true,hq_child,DISTRIBUTION,Airbnb quality detector,true,"Jul 6, 2026, 5:47:42 AM","Jul 6, 2026, 5:47:42 AM"
69e250520f8cce78dc112886,Vacant Nests,pro,Mid-Market,true,hq_child,COMMUNICATIONS,Negative review challenger,true,"Jul 6, 2026, 5:45:40 AM","Jul 6, 2026, 5:45:40 AM"
69e250520f8cce78dc112886,Vacant Nests,pro,Mid-Market,true,hq_child,OPERATIONS,Weekly Operation Brief,true,"Jul 6, 2026, 5:44:50 AM","Jul 6, 2026, 5:44:50 AM"
67b793cf40e1ed4a6dae237e,South Padre Island Trips,pro,Mid-Market,true,,FINANCE,Unpaid reservation tracker,true,"Jul 6, 2026, 4:37:20 AM","Jul 6, 2026, 4:37:20 AM"
67b793cf40e1ed4a6dae237e,South Padre Island Trips,pro,Mid-Market,true,,OPERATIONS,Translation gap filler,true,"Jul 6, 2026, 4:37:16 AM","Jul 6, 2026, 4:37:16 AM"
67b793cf40e1ed4a6dae237e,South Padre Island Trips,pro,Mid-Market,true,,OPERATIONS,Risky reservation detector,true,"Jul 6, 2026, 4:36:53 AM","Jul 6, 2026, 4:36:53 AM"
67b793cf40e1ed4a6dae237e,South Padre Island Trips,pro,Mid-Market,true,,OPERATIONS,Reservation duplicate detector,true,"Jul 6, 2026, 4:36:37 AM","Jul 6, 2026, 4:36:37 AM"
67b793cf40e1ed4a6dae237e,South Padre Island Trips,pro,Mid-Market,true,,COMMUNICATIONS,Negative review challenger,true,"Jul 6, 2026, 4:36:15 AM","Jul 6, 2026, 4:36:15 AM"
67b793cf40e1ed4a6dae237e,South Padre Island Trips,pro,Mid-Market,true,,FINANCE,Fee configuration detector,true,"Jul 6, 2026, 4:36:01 AM","Jul 6, 2026, 4:36:01 AM"
67b793cf40e1ed4a6dae237e,South Padre Island Trips,pro,Mid-Market,true,,OPERATIONS,Daily task coverage board,true,"Jul 6, 2026, 4:35:47 AM","Jul 6, 2026, 4:35:47 AM"
67b793cf40e1ed4a6dae237e,South Padre Island Trips,pro,Mid-Market,true,,OPERATIONS,Calendar conflict detector,true,"Jul 6, 2026, 4:35:32 AM","Jul 6, 2026, 4:35:32 AM"
67b793cf40e1ed4a6dae237e,South Padre Island Trips,pro,Mid-Market,true,,DISTRIBUTION,Airbnb quality detector,true,"Jul 6, 2026, 4:35:22 AM","Jul 6, 2026, 4:35:22 AM"
67b793cf40e1ed4a6dae237e,South Padre Island Trips,pro,Mid-Market,true,,OPERATIONS,Amenity gap detector,true,"Jul 6, 2026, 4:35:14 AM","Jul 6, 2026, 4:35:14 AM"
699699720e798385617b4d65,Whistler Breaks Vacation Rentals Ltd,pro,Mid-Market,true,,OPERATIONS,Reservation duplicate detector,true,"Jul 6, 2026, 3:40:21 AM","Jul 6, 2026, 3:40:21 AM"
63f77f4e7e251b0030c1464a,Cloud9,pro,Mid-Market,true,,FINANCE,Fee configuration detector,true,"Jul 5, 2026, 11:27:16 PM","Jul 5, 2026, 11:27:16 PM"
63f77f4e7e251b0030c1464a,Cloud9,pro,Mid-Market,true,,OPERATIONS,Inquiry expiry manager,true,"Jul 5, 2026, 11:27:06 PM","Jul 5, 2026, 11:27:06 PM"
63f77f4e7e251b0030c1464a,Cloud9,pro,Mid-Market,true,,COMMUNICATIONS,Review response drafter,true,"Jul 5, 2026, 11:26:30 PM","Jul 5, 2026, 11:26:30 PM"
63f77f4e7e251b0030c1464a,Cloud9,pro,Mid-Market,true,,OPERATIONS,Team access review,true,"Jul 5, 2026, 11:26:25 PM","Jul 5, 2026, 11:26:25 PM"
63f77f4e7e251b0030c1464a,Cloud9,pro,Mid-Market,true,,OPERATIONS,Weekly Operation Brief,true,"Jul 5, 2026, 11:26:17 PM","Jul 5, 2026, 11:26:17 PM"
63f77f4e7e251b0030c1464a,Cloud9,pro,Mid-Market,true,,OPERATIONS,Translation gap filler,true,"Jul 5, 2026, 11:26:11 PM","Jul 5, 2026, 11:26:11 PM"
63f77f4e7e251b0030c1464a,Cloud9,pro,Mid-Market,true,,OPERATIONS,Risky reservation detector,true,"Jul 5, 2026, 11:26:02 PM","Jul 5, 2026, 11:26:02 PM"
63f77f4e7e251b0030c1464a,Cloud9,pro,Mid-Market,true,,COMMUNICATIONS,Saved replies optimizer,true,"Jul 5, 2026, 11:25:55 PM","Jul 5, 2026, 11:25:55 PM"
63f77f4e7e251b0030c1464a,Cloud9,pro,Mid-Market,true,,FINANCE,Security deposit extender,true,"Jul 5, 2026, 11:25:50 PM","Jul 5, 2026, 11:25:50 PM"
63f77f4e7e251b0030c1464a,Cloud9,pro,Mid-Market,true,,ACCOUNTING,Monthly cancelled reservations,true,"Jul 5, 2026, 11:25:35 PM","Jul 5, 2026, 11:25:35 PM"
63f77f4e7e251b0030c1464a,Cloud9,pro,Mid-Market,true,,OPERATIONS,Calendar conflict detector,true,"Jul 5, 2026, 11:25:24 PM","Jul 5, 2026, 11:25:24 PM"
63f77f4e7e251b0030c1464a,Cloud9,pro,Mid-Market,true,,COMMUNICATIONS,Negative review challenger,true,"Jul 5, 2026, 11:25:00 PM","Jul 5, 2026, 11:25:00 PM"
63f77f4e7e251b0030c1464a,Cloud9,pro,Mid-Market,true,,OPERATIONS,Commitment keeper,true,"Jul 5, 2026, 11:24:53 PM","Jul 5, 2026, 11:24:53 PM"
63f77f4e7e251b0030c1464a,Cloud9,pro,Mid-Market,true,,OPERATIONS,Check-in readiness,true,"Jul 5, 2026, 11:24:41 PM","Jul 5, 2026, 11:24:41 PM"
63f77f4e7e251b0030c1464a,Cloud9,pro,Mid-Market,true,,OPERATIONS,Amenity gap detector,true,"Jul 5, 2026, 11:24:32 PM","Jul 5, 2026, 11:24:32 PM"
63f77f4e7e251b0030c1464a,Cloud9,pro,Mid-Market,true,,DISTRIBUTION,Airbnb quality detector,true,"Jul 5, 2026, 11:24:26 PM","Jul 5, 2026, 11:24:26 PM"
68dbf54b455d7fda43611a1a,Golden Isles Retreats,pro,Mid-Market,true,,FINANCE,Unpaid reservation tracker,true,"Jul 5, 2026, 9:09:34 PM","Jul 5, 2026, 9:09:34 PM"
68dbf54b455d7fda43611a1a,Golden Isles Retreats,pro,Mid-Market,true,,OPERATIONS,Weekly Operation Brief,true,"Jul 5, 2026, 9:09:29 PM","Jul 5, 2026, 9:09:29 PM"
68dbf54b455d7fda43611a1a,Golden Isles Retreats,pro,Mid-Market,true,,FINANCE,Tax Configuration Audit,true,"Jul 5, 2026, 9:09:25 PM","Jul 5, 2026, 9:09:25 PM"
68dbf54b455d7fda43611a1a,Golden Isles Retreats,pro,Mid-Market,true,,OPERATIONS,Risky reservation detector,true,"Jul 5, 2026, 9:09:15 PM","Jul 5, 2026, 9:09:15 PM"
68dbf54b455d7fda43611a1a,Golden Isles Retreats,pro,Mid-Market,true,,COMMUNICATIONS,Saved replies optimizer,true,"Jul 5, 2026, 9:09:11 PM","Jul 5, 2026, 9:09:11 PM"
68dbf54b455d7fda43611a1a,Golden Isles Retreats,pro,Mid-Market,true,,COMMUNICATIONS,Review response drafter,true,"Jul 5, 2026, 9:09:03 PM","Jul 5, 2026, 9:09:03 PM"
68dbf54b455d7fda43611a1a,Golden Isles Retreats,pro,Mid-Market,true,,COMMUNICATIONS,Negative review challenger,true,"Jul 5, 2026, 9:08:53 PM","Jul 5, 2026, 9:08:53 PM"
68dbf54b455d7fda43611a1a,Golden Isles Retreats,pro,Mid-Market,true,,OPERATIONS,Inquiry expiry manager,true,"Jul 5, 2026, 9:08:43 PM","Jul 5, 2026, 9:08:43 PM"
68dbf54b455d7fda43611a1a,Golden Isles Retreats,pro,Mid-Market,true,,OPERATIONS,Commitment keeper,true,"Jul 5, 2026, 9:08:32 PM","Jul 5, 2026, 9:08:32 PM"
68dbf54b455d7fda43611a1a,Golden Isles Retreats,pro,Mid-Market,true,,DISTRIBUTION,Airbnb quality detector,true,"Jul 5, 2026, 9:08:16 PM","Jul 5, 2026, 9:08:16 PM"
65351c644892a1c2b05f9e34,AIR MGMT,pro,SME,true,,OPERATIONS,Maintenance tracker,true,"Jul 5, 2026, 8:57:04 PM","Jul 5, 2026, 8:57:04 PM"
6840ab56ca0d576ff1aa1e3a,UAB Domillion,pro,Mid-Market,true,,FINANCE,Unpaid reservation tracker,true,"Jul 5, 2026, 1:12:47 PM","Jul 5, 2026, 1:12:47 PM"
6840ab56ca0d576ff1aa1e3a,UAB Domillion,pro,Mid-Market,true,,OPERATIONS,Weekly Operation Brief,true,"Jul 5, 2026, 1:09:36 PM","Jul 5, 2026, 1:09:36 PM"
6840ab56ca0d576ff1aa1e3a,UAB Domillion,pro,Mid-Market,true,,OPERATIONS,Translation gap filler,true,"Jul 5, 2026, 1:07:49 PM","Jul 5, 2026, 1:07:49 PM"
65fbdfd0d916089814834489,Praia Villas,pro,Mid-Market,true,,OPERATIONS,Calendar conflict detector,true,"Jul 4, 2026, 6:33:08 AM","Jul 4, 2026, 6:33:08 AM"
65fbdfd0d916089814834489,Praia Villas,pro,Mid-Market,true,,DISTRIBUTION,Airbnb quality detector,true,"Jul 4, 2026, 6:32:58 AM","Jul 4, 2026, 6:32:58 AM"
660583ed73200f683ecf3134,OutpostX,pro,Mid-Market,true,,OPERATIONS,Weekly Operation Brief,true,"Jul 4, 2026, 12:19:25 AM","Jul 4, 2026, 12:19:25 AM"
660583ed73200f683ecf3134,OutpostX,pro,Mid-Market,true,,FINANCE,Unpaid reservation tracker,true,"Jul 4, 2026, 12:19:19 AM","Jul 4, 2026, 12:19:19 AM"
660583ed73200f683ecf3134,OutpostX,pro,Mid-Market,true,,OPERATIONS,Translation gap filler,true,"Jul 4, 2026, 12:19:13 AM","Jul 4, 2026, 12:19:13 AM"
660583ed73200f683ecf3134,OutpostX,pro,Mid-Market,true,,OPERATIONS,Stay status reconciler,true,"Jul 4, 2026, 12:18:58 AM","Jul 4, 2026, 12:18:58 AM"
660583ed73200f683ecf3134,OutpostX,pro,Mid-Market,true,,OPERATIONS,Commitment keeper,true,"Jul 4, 2026, 12:17:09 AM","Jul 4, 2026, 12:17:09 AM"
660583ed73200f683ecf3134,OutpostX,pro,Mid-Market,true,,OPERATIONS,Check-in readiness,true,"Jul 4, 2026, 12:16:57 AM","Jul 4, 2026, 12:16:57 AM"
660583ed73200f683ecf3134,OutpostX,pro,Mid-Market,true,,OPERATIONS,Calendar conflict detector,true,"Jul 4, 2026, 12:16:41 AM","Jul 4, 2026, 12:16:41 AM"
685065549bf7f8c07ec24d1f,Coast to Coast Connections,pro,SMB,true,,OPERATIONS,Maintenance tracker,true,"Jul 3, 2026, 9:34:40 PM","Jul 3, 2026, 9:34:40 PM"
685065549bf7f8c07ec24d1f,Coast to Coast Connections,pro,SMB,true,,OPERATIONS,Reservation handoff brief,true,"Jul 3, 2026, 9:34:30 PM","Jul 3, 2026, 9:34:30 PM"
685065549bf7f8c07ec24d1f,Coast to Coast Connections,pro,SMB,true,,OPERATIONS,Review to task dispatcher,true,"Jul 3, 2026, 9:34:18 PM","Jul 3, 2026, 9:34:18 PM"
685065549bf7f8c07ec24d1f,Coast to Coast Connections,pro,SMB,true,,OPERATIONS,Weekly Operation Brief,true,"Jul 3, 2026, 9:34:07 PM","Jul 3, 2026, 9:34:07 PM"
685065549bf7f8c07ec24d1f,Coast to Coast Connections,pro,SMB,true,,OPERATIONS,Daily task coverage board,true,"Jul 3, 2026, 9:32:55 PM","Jul 3, 2026, 9:32:55 PM"
685065549bf7f8c07ec24d1f,Coast to Coast Connections,pro,SMB,true,,OPERATIONS,Commitment keeper,true,"Jul 3, 2026, 9:30:47 PM","Jul 3, 2026, 9:30:47 PM"
685065549bf7f8c07ec24d1f,Coast to Coast Connections,pro,SMB,true,,OPERATIONS,Calendar conflict detector,true,"Jul 3, 2026, 9:30:35 PM","Jul 3, 2026, 9:30:35 PM"
685065549bf7f8c07ec24d1f,Coast to Coast Connections,pro,SMB,true,,DISTRIBUTION,Airbnb quality detector,true,"Jul 3, 2026, 9:29:50 PM","Jul 3, 2026, 9:29:50 PM"
685065549bf7f8c07ec24d1f,Coast to Coast Connections,pro,SMB,true,,OWNER_RELATIONS,Owner payment details collector,true,"Jul 3, 2026, 9:29:41 PM","Jul 3, 2026, 9:29:41 PM"
685065549bf7f8c07ec24d1f,Coast to Coast Connections,pro,SMB,true,,FINANCE,Tax Configuration Audit,true,"Jul 3, 2026, 9:29:29 PM","Jul 3, 2026, 9:29:29 PM"
685065549bf7f8c07ec24d1f,Coast to Coast Connections,pro,SMB,true,,FINANCE,Unpaid reservation tracker,true,"Jul 3, 2026, 9:29:13 PM","Jul 3, 2026, 9:29:13 PM"
685065549bf7f8c07ec24d1f,Coast to Coast Connections,pro,SMB,true,,FINANCE,Checkout balance collection,true,"Jul 3, 2026, 9:28:50 PM","Jul 3, 2026, 9:28:50 PM"
685065549bf7f8c07ec24d1f,Coast to Coast Connections,pro,SMB,true,,ACCOUNTING,Monthly cancelled reservations,true,"Jul 3, 2026, 9:28:17 PM","Jul 3, 2026, 9:28:17 PM"
685065549bf7f8c07ec24d1f,Coast to Coast Connections,pro,SMB,true,,ACCOUNTING,Advance deposit checker,true,"Jul 3, 2026, 9:28:09 PM","Jul 3, 2026, 9:28:09 PM"
685065549bf7f8c07ec24d1f,Coast to Coast Connections,pro,SMB,true,,COMMUNICATIONS,Review response drafter,true,"Jul 3, 2026, 9:27:29 PM","Jul 3, 2026, 9:27:29 PM"
685065549bf7f8c07ec24d1f,Coast to Coast Connections,pro,SMB,true,,COMMUNICATIONS,Negative review challenger,true,"Jul 3, 2026, 9:27:12 PM","Jul 3, 2026, 9:27:12 PM"
685065549bf7f8c07ec24d1f,Coast to Coast Connections,pro,SMB,true,,OPERATIONS,Risky reservation detector,true,"Jul 3, 2026, 9:26:30 PM","Jul 3, 2026, 9:26:30 PM"
685065549bf7f8c07ec24d1f,Coast to Coast Connections,pro,SMB,true,,OPERATIONS,Inquiry expiry manager,true,"Jul 3, 2026, 9:25:52 PM","Jul 3, 2026, 9:25:52 PM"
685065549bf7f8c07ec24d1f,Coast to Coast Connections,pro,SMB,true,,OPERATIONS,Translation gap filler,true,"Jul 3, 2026, 9:25:17 PM","Jul 3, 2026, 9:25:17 PM"
685065549bf7f8c07ec24d1f,Coast to Coast Connections,pro,SMB,true,,OPERATIONS,Check-in readiness,true,"Jul 3, 2026, 9:24:37 PM","Jul 3, 2026, 9:24:37 PM"
6893952b8fa2976c485f6a35,Full Circle Property,pro,SMB,true,,OPERATIONS,Weekly Operation Brief,true,"Jul 3, 2026, 8:05:07 PM","Jul 3, 2026, 8:05:07 PM"
6893952b8fa2976c485f6a35,Full Circle Property,pro,SMB,true,,OPERATIONS,Reservation handoff brief,true,"Jul 3, 2026, 8:04:42 PM","Jul 3, 2026, 8:04:42 PM"
6893952b8fa2976c485f6a35,Full Circle Property,pro,SMB,true,,OWNER_RELATIONS,Owner payment details collector,true,"Jul 3, 2026, 8:04:28 PM","Jul 3, 2026, 8:04:28 PM"
67f01c8f48a9aa094fae1a6a,William Andrade,pro,SMB,true,,OPERATIONS,Commitment keeper,true,"Jul 3, 2026, 7:18:14 PM","Jul 3, 2026, 7:18:14 PM"
67f01c8f48a9aa094fae1a6a,William Andrade,pro,SMB,true,,FINANCE,Checkout balance collection,true,"Jul 3, 2026, 7:18:10 PM","Jul 3, 2026, 7:18:10 PM"
67f01c8f48a9aa094fae1a6a,William Andrade,pro,SMB,true,,FINANCE,Fee configuration detector,true,"Jul 3, 2026, 7:18:07 PM","Jul 3, 2026, 7:18:07 PM"
67f01c8f48a9aa094fae1a6a,William Andrade,pro,SMB,true,,OPERATIONS,Review to task dispatcher,true,"Jul 3, 2026, 7:18:01 PM","Jul 3, 2026, 7:18:01 PM"
67f01c8f48a9aa094fae1a6a,William Andrade,pro,SMB,true,,FINANCE,Security deposit extender,true,"Jul 3, 2026, 7:17:58 PM","Jul 3, 2026, 7:17:58 PM"
67f01c8f48a9aa094fae1a6a,William Andrade,pro,SMB,true,,OPERATIONS,Risky reservation detector,true,"Jul 3, 2026, 7:17:54 PM","Jul 3, 2026, 7:17:54 PM"
67f01c8f48a9aa094fae1a6a,William Andrade,pro,SMB,true,,OPERATIONS,Stay status reconciler,true,"Jul 3, 2026, 7:17:51 PM","Jul 3, 2026, 7:17:51 PM"
67f01c8f48a9aa094fae1a6a,William Andrade,pro,SMB,true,,OPERATIONS,Daily task coverage board,true,"Jul 3, 2026, 7:17:31 PM","Jul 3, 2026, 7:17:31 PM"
67f01c8f48a9aa094fae1a6a,William Andrade,pro,SMB,true,,OPERATIONS,Check-in readiness,true,"Jul 3, 2026, 7:12:31 PM","Jul 3, 2026, 7:12:31 PM"
67f01c8f48a9aa094fae1a6a,William Andrade,pro,SMB,true,,OPERATIONS,Amenity gap detector,true,"Jul 3, 2026, 7:12:25 PM","Jul 3, 2026, 7:12:25 PM"
67f01c8f48a9aa094fae1a6a,William Andrade,pro,SMB,true,,OPERATIONS,Calendar conflict detector,true,"Jul 3, 2026, 7:10:56 PM","Jul 3, 2026, 7:10:56 PM"
67f01c8f48a9aa094fae1a6a,William Andrade,pro,SMB,true,,ACCOUNTING,Advance deposit checker,true,"Jul 3, 2026, 7:10:34 PM","Jul 3, 2026, 7:10:34 PM"
67f01c8f48a9aa094fae1a6a,William Andrade,pro,SMB,true,,DISTRIBUTION,Airbnb quality detector,true,"Jul 3, 2026, 7:10:25 PM","Jul 3, 2026, 7:10:25 PM"
6a270d0f4b2eed6c34919d5f,Luxury Getaways,pro,Mid-Market,true,,COMMUNICATIONS,Negative review challenger,true,"Jul 3, 2026, 6:27:26 PM","Jul 3, 2026, 6:27:26 PM"
6a270d0f4b2eed6c34919d5f,Luxury Getaways,pro,Mid-Market,true,,OPERATIONS,Inquiry expiry manager,true,"Jul 3, 2026, 6:27:09 PM","Jul 3, 2026, 6:27:09 PM"
6a270d0f4b2eed6c34919d5f,Luxury Getaways,pro,Mid-Market,true,,FINANCE,Fee configuration detector,true,"Jul 3, 2026, 6:27:00 PM","Jul 3, 2026, 6:27:00 PM"
6a270d0f4b2eed6c34919d5f,Luxury Getaways,pro,Mid-Market,true,,OPERATIONS,Amenity gap detector,true,"Jul 3, 2026, 6:26:41 PM","Jul 3, 2026, 6:26:41 PM"
6a270d0f4b2eed6c34919d5f,Luxury Getaways,pro,Mid-Market,true,,DISTRIBUTION,Airbnb quality detector,true,"Jul 3, 2026, 6:26:34 PM","Jul 3, 2026, 6:26:34 PM"
6a270d0f4b2eed6c34919d5f,Luxury Getaways,pro,Mid-Market,true,,OPERATIONS,Weekly Operation Brief,true,"Jul 3, 2026, 6:26:06 PM","Jul 3, 2026, 6:26:06 PM"
6a270d0f4b2eed6c34919d5f,Luxury Getaways,pro,Mid-Market,true,,FINANCE,Unpaid reservation tracker,true,"Jul 3, 2026, 6:25:56 PM","Jul 3, 2026, 6:25:56 PM"
6a270d0f4b2eed6c34919d5f,Luxury Getaways,pro,Mid-Market,true,,OPERATIONS,Translation gap filler,true,"Jul 3, 2026, 6:25:45 PM","Jul 3, 2026, 6:25:45 PM"
6a270d0f4b2eed6c34919d5f,Luxury Getaways,pro,Mid-Market,true,,FINANCE,Tax Configuration Audit,true,"Jul 3, 2026, 6:25:30 PM","Jul 3, 2026, 6:25:30 PM"
6a270d0f4b2eed6c34919d5f,Luxury Getaways,pro,Mid-Market,true,,COMMUNICATIONS,Saved replies optimizer,true,"Jul 3, 2026, 6:25:14 PM","Jul 3, 2026, 6:25:14 PM"
6a270d0f4b2eed6c34919d5f,Luxury Getaways,pro,Mid-Market,true,,OPERATIONS,Risky reservation detector,true,"Jul 3, 2026, 6:25:08 PM","Jul 3, 2026, 6:25:08 PM"
6a270d0f4b2eed6c34919d5f,Luxury Getaways,pro,Mid-Market,true,,COMMUNICATIONS,Review response drafter,true,"Jul 3, 2026, 6:25:00 PM","Jul 3, 2026, 6:25:00 PM"
6a270d0f4b2eed6c34919d5f,Luxury Getaways,pro,Mid-Market,true,,OPERATIONS,Reservation duplicate detector,true,"Jul 3, 2026, 6:24:53 PM","Jul 3, 2026, 6:24:53 PM"
6a270d0f4b2eed6c34919d5f,Luxury Getaways,pro,Mid-Market,true,,OWNER_RELATIONS,Owner payment details collector,true,"Jul 3, 2026, 6:24:42 PM","Jul 3, 2026, 6:24:42 PM"
6a270d0f4b2eed6c34919d5f,Luxury Getaways,pro,Mid-Market,true,,OPERATIONS,Daily task coverage board,true,"Jul 3, 2026, 6:24:05 PM","Jul 3, 2026, 6:24:05 PM"
6a270d0f4b2eed6c34919d5f,Luxury Getaways,pro,Mid-Market,true,,OPERATIONS,Commitment keeper,true,"Jul 3, 2026, 6:23:58 PM","Jul 3, 2026, 6:23:58 PM"
6a270d0f4b2eed6c34919d5f,Luxury Getaways,pro,Mid-Market,true,,OPERATIONS,Check-in readiness,true,"Jul 3, 2026, 6:23:40 PM","Jul 3, 2026, 6:23:40 PM"
6a270d0f4b2eed6c34919d5f,Luxury Getaways,pro,Mid-Market,true,,OPERATIONS,Calendar conflict detector,true,"Jul 3, 2026, 6:23:26 PM","Jul 3, 2026, 6:23:26 PM"
6893952b8fa2976c485f6a35,Full Circle Property,pro,SMB,true,,OPERATIONS,Commitment keeper,true,"Jul 3, 2026, 5:12:43 PM","Jul 3, 2026, 5:12:43 PM"
6893952b8fa2976c485f6a35,Full Circle Property,pro,SMB,true,,OPERATIONS,Check-in readiness,false,"Jul 3, 2026, 5:12:35 PM","Jul 3, 2026, 8:07:14 PM"
6893952b8fa2976c485f6a35,Full Circle Property,pro,SMB,true,,OPERATIONS,Amenity gap detector,true,"Jul 3, 2026, 5:12:23 PM","Jul 3, 2026, 5:12:23 PM"
6862ebb9b12c774daba25021,Royal Vista Vacations Homes Co. LLC,pro,Mid-Market,true,,OPERATIONS,Commitment keeper,true,"Jul 3, 2026, 1:01:40 PM","Jul 3, 2026, 1:01:40 PM"
6862ebb9b12c774daba25021,Royal Vista Vacations Homes Co. LLC,pro,Mid-Market,true,,OPERATIONS,Check-in readiness,true,"Jul 3, 2026, 1:01:13 PM","Jul 3, 2026, 1:01:13 PM"
68890ecea14c863e5df1290d,KSN Real Estate,pro,SMB,true,,FINANCE,Unpaid reservation tracker,true,"Jul 3, 2026, 7:51:57 AM","Jul 3, 2026, 7:51:57 AM"
68890ecea14c863e5df1290d,KSN Real Estate,pro,SMB,true,,OPERATIONS,Team access review,true,"Jul 3, 2026, 7:51:48 AM","Jul 3, 2026, 7:51:48 AM"
68890ecea14c863e5df1290d,KSN Real Estate,pro,SMB,true,,COMMUNICATIONS,Saved replies optimizer,true,"Jul 3, 2026, 7:51:33 AM","Jul 3, 2026, 7:51:33 AM"
68890ecea14c863e5df1290d,KSN Real Estate,pro,SMB,true,,COMMUNICATIONS,Review response drafter,true,"Jul 3, 2026, 7:51:22 AM","Jul 3, 2026, 7:51:22 AM"
68890ecea14c863e5df1290d,KSN Real Estate,pro,SMB,true,,OPERATIONS,Reservation handoff brief,true,"Jul 3, 2026, 7:51:11 AM","Jul 3, 2026, 7:51:11 AM"
68890ecea14c863e5df1290d,KSN Real Estate,pro,SMB,true,,OPERATIONS,Reservation duplicate detector,true,"Jul 3, 2026, 7:50:57 AM","Jul 3, 2026, 7:50:57 AM"
68890ecea14c863e5df1290d,KSN Real Estate,pro,SMB,true,,OWNER_RELATIONS,Owner payment details collector,true,"Jul 3, 2026, 7:50:50 AM","Jul 3, 2026, 7:50:50 AM"
68890ecea14c863e5df1290d,KSN Real Estate,pro,SMB,true,,COMMUNICATIONS,Negative review challenger,true,"Jul 3, 2026, 7:50:42 AM","Jul 3, 2026, 7:50:42 AM"
68890ecea14c863e5df1290d,KSN Real Estate,pro,SMB,true,,FINANCE,Fee configuration detector,true,"Jul 3, 2026, 7:50:26 AM","Jul 3, 2026, 7:50:26 AM"
68890ecea14c863e5df1290d,KSN Real Estate,pro,SMB,true,,OPERATIONS,Commitment keeper,true,"Jul 3, 2026, 7:50:15 AM","Jul 3, 2026, 7:50:15 AM"
68890ecea14c863e5df1290d,KSN Real Estate,pro,SMB,true,,FINANCE,Checkout balance collection,true,"Jul 3, 2026, 7:50:09 AM","Jul 3, 2026, 7:50:09 AM"
68890ecea14c863e5df1290d,KSN Real Estate,pro,SMB,true,,OPERATIONS,Check-in readiness,true,"Jul 3, 2026, 7:50:01 AM","Jul 3, 2026, 7:50:01 AM"
68890ecea14c863e5df1290d,KSN Real Estate,pro,SMB,true,,OPERATIONS,Calendar conflict detector,true,"Jul 3, 2026, 7:49:52 AM","Jul 3, 2026, 7:49:52 AM"
68890ecea14c863e5df1290d,KSN Real Estate,pro,SMB,true,,OPERATIONS,Amenity gap detector,true,"Jul 3, 2026, 7:49:48 AM","Jul 3, 2026, 7:49:48 AM"
68890ecea14c863e5df1290d,KSN Real Estate,pro,SMB,true,,DISTRIBUTION,Airbnb quality detector,true,"Jul 3, 2026, 7:49:41 AM","Jul 3, 2026, 7:49:41 AM"
68890ecea14c863e5df1290d,KSN Real Estate,pro,SMB,true,,ACCOUNTING,Advance deposit checker,true,"Jul 3, 2026, 7:49:37 AM","Jul 3, 2026, 7:49:37 AM"
6862e08eb12c774daba2501a,LS Living Solutions GmbH,pro,SMB,true,,OPERATIONS,Check-in readiness,true,"Jul 3, 2026, 7:44:23 AM","Jul 3, 2026, 7:44:23 AM"
6862e08eb12c774daba2501a,LS Living Solutions GmbH,pro,SMB,true,,OPERATIONS,Amenity gap detector,true,"Jul 3, 2026, 7:44:07 AM","Jul 3, 2026, 7:44:07 AM"
6862e08eb12c774daba2501a,LS Living Solutions GmbH,pro,SMB,true,,DISTRIBUTION,Airbnb quality detector,true,"Jul 3, 2026, 7:43:52 AM","Jul 3, 2026, 7:43:52 AM"
6350a5240e693e0030bf2c4e,Peachy Properties,pro,Mid-Market,true,,OPERATIONS,Commitment keeper,true,"Jul 3, 2026, 4:16:07 AM","Jul 3, 2026, 4:16:07 AM"
6350a5240e693e0030bf2c4e,Peachy Properties,pro,Mid-Market,true,,DISTRIBUTION,Airbnb quality detector,true,"Jul 3, 2026, 4:15:26 AM","Jul 3, 2026, 4:15:26 AM"
6350a5240e693e0030bf2c4e,Peachy Properties,pro,Mid-Market,true,,FINANCE,Security deposit extender,true,"Jul 3, 2026, 4:13:04 AM","Jul 3, 2026, 4:13:04 AM"
6350a5240e693e0030bf2c4e,Peachy Properties,pro,Mid-Market,true,,COMMUNICATIONS,Saved replies optimizer,true,"Jul 3, 2026, 4:12:59 AM","Jul 3, 2026, 4:12:59 AM"
6350a5240e693e0030bf2c4e,Peachy Properties,pro,Mid-Market,true,,OPERATIONS,Risky reservation detector,true,"Jul 3, 2026, 4:12:51 AM","Jul 3, 2026, 4:12:51 AM"
6350a5240e693e0030bf2c4e,Peachy Properties,pro,Mid-Market,true,,COMMUNICATIONS,Negative review challenger,true,"Jul 3, 2026, 4:12:07 AM","Jul 3, 2026, 4:12:07 AM"
6350a5240e693e0030bf2c4e,Peachy Properties,pro,Mid-Market,true,,ACCOUNTING,Monthly cancelled reservations,true,"Jul 3, 2026, 4:11:24 AM","Jul 3, 2026, 4:11:24 AM"
66885058f6abdb39ff57b9a9,Nestoria Estates Inc.,pro,Mid-Market,true,,DISTRIBUTION,Airbnb quality detector,true,"Jul 2, 2026, 9:15:34 PM","Jul 2, 2026, 9:15:34 PM"
62b337033513aa00347a2410,Jeff Nisius,pro,Mid-Market,true,,OPERATIONS,Weekly Operation Brief,true,"Jul 2, 2026, 8:16:50 PM","Jul 2, 2026, 8:16:50 PM"
62b337033513aa00347a2410,Jeff Nisius,pro,Mid-Market,true,,FINANCE,Tax Configuration Audit,true,"Jul 2, 2026, 8:16:28 PM","Jul 2, 2026, 8:16:28 PM"
62b337033513aa00347a2410,Jeff Nisius,pro,Mid-Market,true,,FINANCE,Fee configuration detector,true,"Jul 2, 2026, 8:16:18 PM","Jul 2, 2026, 8:16:18 PM"
62b337033513aa00347a2410,Jeff Nisius,pro,Mid-Market,true,,OPERATIONS,Daily task coverage board,true,"Jul 2, 2026, 8:16:07 PM","Jul 2, 2026, 8:16:07 PM"
62b337033513aa00347a2410,Jeff Nisius,pro,Mid-Market,true,,DISTRIBUTION,Airbnb quality detector,true,"Jul 2, 2026, 8:14:46 PM","Jul 2, 2026, 8:14:46 PM"
6893952b8fa2976c485f6a35,Full Circle Property,pro,SMB,true,,FINANCE,Unpaid reservation tracker,true,"Jul 2, 2026, 7:30:02 PM","Jul 2, 2026, 7:30:02 PM"
6893952b8fa2976c485f6a35,Full Circle Property,pro,SMB,true,,FINANCE,Tax Configuration Audit,true,"Jul 2, 2026, 7:29:27 PM","Jul 2, 2026, 7:29:27 PM"
6893952b8fa2976c485f6a35,Full Circle Property,pro,SMB,true,,FINANCE,Checkout balance collection,true,"Jul 2, 2026, 7:27:58 PM","Jul 2, 2026, 7:27:58 PM"
6893952b8fa2976c485f6a35,Full Circle Property,pro,SMB,true,,COMMUNICATIONS,Review response drafter,true,"Jul 2, 2026, 7:26:25 PM","Jul 2, 2026, 7:26:25 PM"
6893952b8fa2976c485f6a35,Full Circle Property,pro,SMB,true,,COMMUNICATIONS,Negative review challenger,true,"Jul 2, 2026, 7:26:01 PM","Jul 2, 2026, 7:26:01 PM"
6893952b8fa2976c485f6a35,Full Circle Property,pro,SMB,true,,DISTRIBUTION,Airbnb quality detector,true,"Jul 2, 2026, 7:25:12 PM","Jul 2, 2026, 7:25:12 PM"
668f4d5b3a1924cbf20ceb9b,NextGen Furnished Rentals LLC,pro,Mid-Market,true,,OPERATIONS,Review to task dispatcher,true,"Jul 2, 2026, 6:12:13 PM","Jul 2, 2026, 6:12:13 PM"
668f4d5b3a1924cbf20ceb9b,NextGen Furnished Rentals LLC,pro,Mid-Market,true,,COMMUNICATIONS,Review response drafter,true,"Jul 2, 2026, 6:12:08 PM","Jul 2, 2026, 6:12:08 PM"
668f4d5b3a1924cbf20ceb9b,NextGen Furnished Rentals LLC,pro,Mid-Market,true,,OPERATIONS,Maintenance tracker,true,"Jul 2, 2026, 6:11:28 PM","Jul 2, 2026, 6:11:28 PM"
668f4d5b3a1924cbf20ceb9b,NextGen Furnished Rentals LLC,pro,Mid-Market,true,,FINANCE,Fee configuration detector,true,"Jul 2, 2026, 6:11:22 PM","Jul 2, 2026, 6:11:22 PM"
668f4d5b3a1924cbf20ceb9b,NextGen Furnished Rentals LLC,pro,Mid-Market,true,,COMMUNICATIONS,Saved replies optimizer,true,"Jul 2, 2026, 6:09:53 PM","Jul 2, 2026, 6:09:53 PM"
668f4d5b3a1924cbf20ceb9b,NextGen Furnished Rentals LLC,pro,Mid-Market,true,,OPERATIONS,Weekly Operation Brief,true,"Jul 2, 2026, 6:09:25 PM","Jul 2, 2026, 6:09:25 PM"
668f4d5b3a1924cbf20ceb9b,NextGen Furnished Rentals LLC,pro,Mid-Market,true,,FINANCE,Tax Configuration Audit,true,"Jul 2, 2026, 6:09:05 PM","Jul 2, 2026, 6:09:05 PM"
668f4d5b3a1924cbf20ceb9b,NextGen Furnished Rentals LLC,pro,Mid-Market,true,,OPERATIONS,Risky reservation detector,true,"Jul 2, 2026, 6:09:00 PM","Jul 2, 2026, 6:09:00 PM"
668f4d5b3a1924cbf20ceb9b,NextGen Furnished Rentals LLC,pro,Mid-Market,true,,OPERATIONS,Reservation handoff brief,true,"Jul 2, 2026, 6:08:56 PM","Jul 2, 2026, 6:08:56 PM"
668f4d5b3a1924cbf20ceb9b,NextGen Furnished Rentals LLC,pro,Mid-Market,true,,OPERATIONS,Reservation duplicate detector,true,"Jul 2, 2026, 6:08:49 PM","Jul 2, 2026, 6:08:49 PM"
668f4d5b3a1924cbf20ceb9b,NextGen Furnished Rentals LLC,pro,Mid-Market,true,,COMMUNICATIONS,Negative review challenger,true,"Jul 2, 2026, 6:08:32 PM","Jul 2, 2026, 6:08:32 PM"
668f4d5b3a1924cbf20ceb9b,NextGen Furnished Rentals LLC,pro,Mid-Market,true,,OPERATIONS,Inquiry expiry manager,true,"Jul 2, 2026, 6:08:29 PM","Jul 2, 2026, 6:08:29 PM"
668f4d5b3a1924cbf20ceb9b,NextGen Furnished Rentals LLC,pro,Mid-Market,true,,OPERATIONS,Commitment keeper,true,"Jul 2, 2026, 6:08:20 PM","Jul 2, 2026, 6:08:20 PM"
668f4d5b3a1924cbf20ceb9b,NextGen Furnished Rentals LLC,pro,Mid-Market,true,,OPERATIONS,Amenity gap detector,true,"Jul 2, 2026, 6:08:00 PM","Jul 2, 2026, 6:08:00 PM"
668f4d5b3a1924cbf20ceb9b,NextGen Furnished Rentals LLC,pro,Mid-Market,true,,DISTRIBUTION,Airbnb quality detector,true,"Jul 2, 2026, 6:07:54 PM","Jul 2, 2026, 6:07:54 PM"
63cfe630ecbfb30039426da8,Maxwell Residences,pro,Mid-Market,true,,OPERATIONS,Maintenance tracker,false,"Jul 2, 2026, 5:40:19 PM","Jul 2, 2026, 7:25:48 PM"
63cfe630ecbfb30039426da8,Maxwell Residences,pro,Mid-Market,true,,OPERATIONS,Review to task dispatcher,true,"Jul 2, 2026, 5:40:11 PM","Jul 2, 2026, 5:40:11 PM"
63cfe630ecbfb30039426da8,Maxwell Residences,pro,Mid-Market,true,,OPERATIONS,Weekly Operation Brief,true,"Jul 2, 2026, 5:15:31 PM","Jul 2, 2026, 5:15:31 PM"
63cfe630ecbfb30039426da8,Maxwell Residences,pro,Mid-Market,true,,FINANCE,Unpaid reservation tracker,true,"Jul 2, 2026, 5:15:21 PM","Jul 2, 2026, 5:15:21 PM"
63cfe630ecbfb30039426da8,Maxwell Residences,pro,Mid-Market,true,,FINANCE,Security deposit extender,true,"Jul 2, 2026, 5:14:08 PM","Jul 2, 2026, 5:14:08 PM"
63cfe630ecbfb30039426da8,Maxwell Residences,pro,Mid-Market,true,,OPERATIONS,Risky reservation detector,false,"Jul 2, 2026, 5:13:27 PM","Jul 2, 2026, 7:27:44 PM"
63cfe630ecbfb30039426da8,Maxwell Residences,pro,Mid-Market,true,,OPERATIONS,Reservation handoff brief,false,"Jul 2, 2026, 5:13:07 PM","Jul 2, 2026, 7:26:12 PM"
63cfe630ecbfb30039426da8,Maxwell Residences,pro,Mid-Market,true,,OPERATIONS,Commitment keeper,true,"Jul 2, 2026, 5:11:42 PM","Jul 2, 2026, 5:11:42 PM"
63cfe630ecbfb30039426da8,Maxwell Residences,pro,Mid-Market,true,,OPERATIONS,Check-in readiness,false,"Jul 2, 2026, 5:11:22 PM","Jul 2, 2026, 7:29:38 PM"
692087d60cb25a3efd780f59,CJR Stays,pro,SMB,true,,OWNER_RELATIONS,Owner payment details collector,true,"Jul 2, 2026, 11:19:08 AM","Jul 2, 2026, 11:19:08 AM"
692087d60cb25a3efd780f59,CJR Stays,pro,SMB,true,,FINANCE,Fee configuration detector,true,"Jul 1, 2026, 8:49:57 PM","Jul 1, 2026, 8:49:57 PM"
62b337033513aa00347a2410,Jeff Nisius,pro,Mid-Market,true,,OPERATIONS,Team access review,true,"Jul 1, 2026, 1:28:07 PM","Jul 1, 2026, 1:28:07 PM"
692087d60cb25a3efd780f59,CJR Stays,pro,SMB,true,,OPERATIONS,Team access review,true,"Jul 1, 2026, 11:59:28 AM","Jul 1, 2026, 11:59:28 AM"
692087d60cb25a3efd780f59,CJR Stays,pro,SMB,true,,FINANCE,Tax Configuration Audit,true,"Jul 1, 2026, 11:59:22 AM","Jul 1, 2026, 11:59:22 AM"
65351c644892a1c2b05f9e34,AIR MGMT,pro,SME,true,,OPERATIONS,Weekly Operation Brief,true,"Jun 30, 2026, 9:57:02 PM","Jun 30, 2026, 9:57:02 PM"
65351c644892a1c2b05f9e34,AIR MGMT,pro,SME,true,,DISTRIBUTION,Airbnb quality detector,true,"Jun 30, 2026, 9:55:58 PM","Jun 30, 2026, 9:55:58 PM"
693592c67e6de65e769be230,Weston Holidays,pro,SMB,true,,OPERATIONS,Weekly Operation Brief,true,"Jun 30, 2026, 7:18:42 PM","Jun 30, 2026, 7:18:42 PM"
693592c67e6de65e769be230,Weston Holidays,pro,SMB,true,,OPERATIONS,Maintenance tracker,true,"Jun 30, 2026, 7:18:32 PM","Jun 30, 2026, 7:18:32 PM"
693592c67e6de65e769be230,Weston Holidays,pro,SMB,true,,DISTRIBUTION,Airbnb quality detector,true,"Jun 30, 2026, 7:18:19 PM","Jun 30, 2026, 7:18:19 PM"
692087d60cb25a3efd780f59,CJR Stays,pro,SMB,true,,OPERATIONS,Weekly Operation Brief,true,"Jun 30, 2026, 7:13:30 PM","Jun 30, 2026, 7:13:30 PM"
692087d60cb25a3efd780f59,CJR Stays,pro,SMB,true,,OPERATIONS,Maintenance tracker,true,"Jun 30, 2026, 7:13:22 PM","Jun 30, 2026, 7:13:22 PM"
692087d60cb25a3efd780f59,CJR Stays,pro,SMB,true,,DISTRIBUTION,Airbnb quality detector,true,"Jun 30, 2026, 7:13:13 PM","Jun 30, 2026, 7:13:13 PM"
62b337033513aa00347a2410,Jeff Nisius,pro,Mid-Market,true,,OPERATIONS,Maintenance tracker,true,"Jun 30, 2026, 4:53:14 PM","Jun 30, 2026, 4:53:14 PM"
64ac4ed558fd69003fb7e3a4,GueStay Properties,pro,SMB,true,hq_child,ACCOUNTING,Advance deposit checker,false,"Jun 30, 2026, 11:48:41 AM","Jun 30, 2026, 11:48:46 AM"
6862e08eb12c774daba2501a,LS Living Solutions GmbH,pro,SMB,true,,OPERATIONS,Reservation readiness surfacer,true,"Jun 29, 2026, 12:51:23 PM","Jun 29, 2026, 12:51:23 PM"
692087d60cb25a3efd780f59,CJR Stays,pro,SMB,true,,COMMUNICATIONS,Saved replies optimizer,true,"Jun 26, 2026, 6:53:21 PM","Jun 26, 2026, 6:53:21 PM"
692087d60cb25a3efd780f59,CJR Stays,pro,SMB,true,,OPERATIONS,Stay status reconciler,true,"Jun 26, 2026, 6:53:04 PM","Jun 26, 2026, 6:53:04 PM"
692087d60cb25a3efd780f59,CJR Stays,pro,SMB,true,,OPERATIONS,Reservation readiness surfacer,true,"Jun 26, 2026, 6:52:55 PM","Jun 26, 2026, 6:52:55 PM"
692087d60cb25a3efd780f59,CJR Stays,pro,SMB,true,,OPERATIONS,Reservation handoff brief,true,"Jun 26, 2026, 6:52:43 PM","Jun 26, 2026, 6:52:43 PM"
692087d60cb25a3efd780f59,CJR Stays,pro,SMB,true,,OPERATIONS,Reservation duplicate detector,true,"Jun 26, 2026, 6:52:36 PM","Jun 26, 2026, 6:52:36 PM"
692087d60cb25a3efd780f59,CJR Stays,pro,SMB,true,,OPERATIONS,Translation gap filler,true,"Jun 26, 2026, 6:52:29 PM","Jun 26, 2026, 6:52:29 PM"
692087d60cb25a3efd780f59,CJR Stays,pro,SMB,true,,ACCOUNTING,Monthly cancelled reservations,true,"Jun 26, 2026, 6:52:22 PM","Jun 26, 2026, 6:52:22 PM"
692087d60cb25a3efd780f59,CJR Stays,pro,SMB,true,,OPERATIONS,Daily task coverage board,true,"Jun 26, 2026, 6:52:17 PM","Jun 26, 2026, 6:52:17 PM"
692087d60cb25a3efd780f59,CJR Stays,pro,SMB,true,,OPERATIONS,Commitment keeper,true,"Jun 26, 2026, 6:52:12 PM","Jun 26, 2026, 6:52:12 PM"
692087d60cb25a3efd780f59,CJR Stays,pro,SMB,true,,FINANCE,Checkout balance collection,true,"Jun 26, 2026, 6:51:57 PM","Jun 26, 2026, 6:51:57 PM"
692087d60cb25a3efd780f59,CJR Stays,pro,SMB,true,,OPERATIONS,Check-in readiness,true,"Jun 26, 2026, 6:51:50 PM","Jun 26, 2026, 6:51:50 PM"
692087d60cb25a3efd780f59,CJR Stays,pro,SMB,true,,OPERATIONS,Amenity gap detector,true,"Jun 26, 2026, 6:51:37 PM","Jun 26, 2026, 6:51:37 PM"
692087d60cb25a3efd780f59,CJR Stays,pro,SMB,true,,ACCOUNTING,Advance deposit checker,true,"Jun 26, 2026, 6:51:32 PM","Jun 26, 2026, 6:51:32 PM"
693592c67e6de65e769be230,Weston Holidays,pro,SMB,true,,COMMUNICATIONS,Saved replies optimizer,true,"Jun 25, 2026, 3:49:50 PM","Jun 25, 2026, 3:49:50 PM"
693592c67e6de65e769be230,Weston Holidays,pro,SMB,true,,OPERATIONS,Check-in readiness,false,"Jun 25, 2026, 3:49:22 PM","Jul 3, 2026, 6:43:12 PM"
62b337033513aa00347a2410,Jeff Nisius,pro,Mid-Market,true,,COMMUNICATIONS,Saved replies optimizer,true,"Jun 25, 2026, 2:26:57 PM","Jun 25, 2026, 2:26:57 PM"
62b337033513aa00347a2410,Jeff Nisius,pro,Mid-Market,true,,ACCOUNTING,Monthly cancelled reservations,true,"Jun 25, 2026, 2:26:47 PM","Jun 25, 2026, 2:26:47 PM"
67d362f57468c0a23a0281f5,Stay Portland,pro,SME,true,,OPERATIONS,Amenity gap detector,true,"Jun 24, 2026, 8:47:43 PM","Jun 24, 2026, 8:47:43 PM"
67d362f57468c0a23a0281f5,Stay Portland,pro,SME,true,,OPERATIONS,Commitment keeper,true,"Jun 24, 2026, 8:47:12 PM","Jun 24, 2026, 8:47:12 PM"
67d362f57468c0a23a0281f5,Stay Portland,pro,SME,true,,COMMUNICATIONS,Review response drafter,true,"Jun 24, 2026, 8:45:50 PM","Jun 24, 2026, 8:45:50 PM"
67d362f57468c0a23a0281f5,Stay Portland,pro,SME,true,,COMMUNICATIONS,Negative review challenger,true,"Jun 24, 2026, 8:45:02 PM","Jun 24, 2026, 8:45:02 PM"
64ac4ed558fd69003fb7e3a4,GueStay Properties,pro,SMB,true,hq_child,COMMUNICATIONS,Negative review challenger,true,"Jun 24, 2026, 6:15:58 PM","Jul 9, 2026, 1:09:20 AM"
680f840727962971e7ee00c0,Wyndale Living,pro,SMB,true,,OPERATIONS,Reservation handoff brief,true,"Jun 24, 2026, 3:27:08 PM","Jun 24, 2026, 3:27:08 PM"
680f840727962971e7ee00c0,Wyndale Living,pro,SMB,true,,OPERATIONS,Risky reservation detector,true,"Jun 24, 2026, 3:26:47 PM","Jun 24, 2026, 3:26:47 PM"
680f840727962971e7ee00c0,Wyndale Living,pro,SMB,true,,COMMUNICATIONS,Saved replies optimizer,true,"Jun 24, 2026, 3:26:29 PM","Jun 24, 2026, 3:26:29 PM"
680f840727962971e7ee00c0,Wyndale Living,pro,SMB,true,,COMMUNICATIONS,Review response drafter,true,"Jun 24, 2026, 3:25:21 PM","Jun 24, 2026, 3:25:21 PM"
680f840727962971e7ee00c0,Wyndale Living,pro,SMB,true,,COMMUNICATIONS,Negative review challenger,true,"Jun 24, 2026, 3:25:08 PM","Jun 24, 2026, 3:25:08 PM"
680f840727962971e7ee00c0,Wyndale Living,pro,SMB,true,,OPERATIONS,Translation gap filler,true,"Jun 24, 2026, 3:24:15 PM","Jun 24, 2026, 3:24:15 PM"
680f840727962971e7ee00c0,Wyndale Living,pro,SMB,true,,OPERATIONS,Commitment keeper,true,"Jun 24, 2026, 3:24:02 PM","Jun 24, 2026, 3:24:02 PM"
680f840727962971e7ee00c0,Wyndale Living,pro,SMB,true,,OPERATIONS,Amenity gap detector,true,"Jun 24, 2026, 3:22:52 PM","Jun 24, 2026, 3:22:52 PM"
5d6d5ce1229c8c0020c217ae,Horseshoe Bay Living,pro,SME,true,,OPERATIONS,Reservation readiness surfacer,true,"Jun 24, 2026, 2:26:46 PM","Jun 24, 2026, 2:26:46 PM"
5d6d5ce1229c8c0020c217ae,Horseshoe Bay Living,pro,SME,true,,OPERATIONS,Review to task dispatcher,true,"Jun 24, 2026, 12:57:16 PM","Jun 24, 2026, 12:57:16 PM"
654656eac66d810b8ce078ac,"Martinek Management, Inc.",pro,Mid-Market,true,,OPERATIONS,Weekly Operation Brief,true,"Jun 24, 2026, 11:34:28 AM","Jun 24, 2026, 11:34:28 AM"
62b337033513aa00347a2410,Jeff Nisius,pro,Mid-Market,true,,OPERATIONS,Reservation readiness surfacer,true,"Jun 24, 2026, 8:57:47 AM","Jun 24, 2026, 8:57:47 AM"
693592c67e6de65e769be230,Weston Holidays,pro,SMB,true,,OPERATIONS,Review to task dispatcher,true,"Jun 23, 2026, 7:54:24 PM","Jun 23, 2026, 7:54:24 PM"
64ac4ed558fd69003fb7e3a4,GueStay Properties,pro,SMB,true,hq_child,OPERATIONS,Daily task coverage board,true,"Jun 23, 2026, 4:59:21 PM","Jun 23, 2026, 4:59:21 PM"
64ac4ed558fd69003fb7e3a4,GueStay Properties,pro,SMB,true,hq_child,OPERATIONS,Reservation handoff brief,true,"Jun 23, 2026, 3:40:56 PM","Jun 23, 2026, 3:40:56 PM"
64ac4ed558fd69003fb7e3a4,GueStay Properties,pro,SMB,true,hq_child,OPERATIONS,Translation gap filler,true,"Jun 23, 2026, 3:39:12 PM","Jun 23, 2026, 3:39:12 PM"
5f75b1fbc3e3190028c14764,Richmond Property Group Ltd,pro,SMB,true,,FINANCE,Unpaid reservation tracker,true,"Jun 23, 2026, 3:27:26 PM","Jun 23, 2026, 3:27:26 PM"
5f75b1fbc3e3190028c14764,Richmond Property Group Ltd,pro,SMB,true,,COMMUNICATIONS,Saved replies optimizer,true,"Jun 23, 2026, 3:27:08 PM","Jun 23, 2026, 3:27:08 PM"
5f75b1fbc3e3190028c14764,Richmond Property Group Ltd,pro,SMB,true,,OPERATIONS,Risky reservation detector,true,"Jun 23, 2026, 3:26:56 PM","Jun 23, 2026, 3:26:56 PM"
5f75b1fbc3e3190028c14764,Richmond Property Group Ltd,pro,SMB,true,,OPERATIONS,Review to task dispatcher,true,"Jun 23, 2026, 3:26:48 PM","Jun 23, 2026, 3:26:48 PM"
5f75b1fbc3e3190028c14764,Richmond Property Group Ltd,pro,SMB,true,,COMMUNICATIONS,Review response drafter,true,"Jun 23, 2026, 3:26:25 PM","Jun 23, 2026, 3:26:25 PM"
5f75b1fbc3e3190028c14764,Richmond Property Group Ltd,pro,SMB,true,,COMMUNICATIONS,Negative review challenger,true,"Jun 23, 2026, 3:26:12 PM","Jun 23, 2026, 3:26:12 PM"
5f75b1fbc3e3190028c14764,Richmond Property Group Ltd,pro,SMB,true,,OPERATIONS,Translation gap filler,true,"Jun 23, 2026, 3:26:04 PM","Jun 23, 2026, 3:26:04 PM"
5d6d5ce1229c8c0020c217ae,Horseshoe Bay Living,pro,SME,true,,OPERATIONS,Commitment keeper,true,"Jun 23, 2026, 11:09:16 AM","Jun 23, 2026, 11:09:16 AM"
5d6d5ce1229c8c0020c217ae,Horseshoe Bay Living,pro,SME,true,,OPERATIONS,Amenity gap detector,true,"Jun 23, 2026, 11:07:36 AM","Jun 23, 2026, 11:07:36 AM"
693592c67e6de65e769be230,Weston Holidays,pro,SMB,true,,OPERATIONS,Daily task coverage board,true,"Jun 23, 2026, 8:32:19 AM","Jun 23, 2026, 8:32:19 AM"
69f45411a36ffdd106868926,5starbalivilla,pro,Mid-Market,true,,OPERATIONS,Calendar conflict detector,true,"Jun 23, 2026, 5:56:08 AM","Jun 23, 2026, 5:56:08 AM"
69f45411a36ffdd106868926,5starbalivilla,pro,Mid-Market,true,,OPERATIONS,Reservation duplicate detector,true,"Jun 23, 2026, 5:50:53 AM","Jun 23, 2026, 5:50:53 AM"
69f45411a36ffdd106868926,5starbalivilla,pro,Mid-Market,true,,OPERATIONS,Translation gap filler,true,"Jun 23, 2026, 5:50:41 AM","Jun 23, 2026, 5:50:41 AM"
69f45411a36ffdd106868926,5starbalivilla,pro,Mid-Market,true,,OPERATIONS,Commitment keeper,true,"Jun 23, 2026, 5:49:49 AM","Jun 23, 2026, 5:49:49 AM"
693592c67e6de65e769be230,Weston Holidays,pro,SMB,true,,OPERATIONS,Reservation handoff brief,true,"Jun 22, 2026, 6:59:11 PM","Jun 22, 2026, 6:59:11 PM"
693592c67e6de65e769be230,Weston Holidays,pro,SMB,true,,OPERATIONS,Amenity gap detector,true,"Jun 22, 2026, 6:55:50 PM","Jun 22, 2026, 6:55:50 PM"
65351c644892a1c2b05f9e34,AIR MGMT,pro,SME,true,,OPERATIONS,Stay status reconciler,true,"Jun 22, 2026, 3:18:20 PM","Jun 22, 2026, 3:18:20 PM"
65351c644892a1c2b05f9e34,AIR MGMT,pro,SME,true,,OPERATIONS,Commitment keeper,true,"Jun 22, 2026, 3:17:36 PM","Jun 22, 2026, 3:17:36 PM"
65351c644892a1c2b05f9e34,AIR MGMT,pro,SME,true,,OPERATIONS,Amenity gap detector,true,"Jun 22, 2026, 3:17:29 PM","Jun 22, 2026, 3:17:29 PM"
69f45411a36ffdd106868926,5starbalivilla,pro,Mid-Market,true,,COMMUNICATIONS,Review response drafter,true,"Jun 22, 2026, 9:05:33 AM","Jun 22, 2026, 9:05:33 AM"
6862e08eb12c774daba2501a,LS Living Solutions GmbH,pro,SMB,true,,FINANCE,Unpaid reservation tracker,true,"Jun 22, 2026, 8:56:03 AM","Jun 22, 2026, 8:56:03 AM"
6862e08eb12c774daba2501a,LS Living Solutions GmbH,pro,SMB,true,,OPERATIONS,Translation gap filler,true,"Jun 22, 2026, 8:55:07 AM","Jun 22, 2026, 8:55:07 AM"
6862e08eb12c774daba2501a,LS Living Solutions GmbH,pro,SMB,true,,OPERATIONS,Commitment keeper,true,"Jun 22, 2026, 8:54:48 AM","Jun 22, 2026, 8:54:48 AM"
62b337033513aa00347a2410,Jeff Nisius,pro,Mid-Market,true,,OPERATIONS,Stay status reconciler,true,"Jun 21, 2026, 10:37:42 PM","Jun 21, 2026, 10:37:42 PM"
62b337033513aa00347a2410,Jeff Nisius,pro,Mid-Market,true,,OPERATIONS,Reservation handoff brief,true,"Jun 21, 2026, 10:37:22 PM","Jun 21, 2026, 10:37:22 PM"
62b337033513aa00347a2410,Jeff Nisius,pro,Mid-Market,true,,OPERATIONS,Reservation duplicate detector,true,"Jun 21, 2026, 10:37:07 PM","Jun 21, 2026, 10:37:07 PM"
62b337033513aa00347a2410,Jeff Nisius,pro,Mid-Market,true,,OPERATIONS,Translation gap filler,true,"Jun 21, 2026, 10:36:55 PM","Jun 21, 2026, 10:36:55 PM"
62b337033513aa00347a2410,Jeff Nisius,pro,Mid-Market,true,,OPERATIONS,Commitment keeper,true,"Jun 21, 2026, 10:36:39 PM","Jun 21, 2026, 10:36:39 PM"
62b337033513aa00347a2410,Jeff Nisius,pro,Mid-Market,true,,OPERATIONS,Amenity gap detector,true,"Jun 21, 2026, 10:36:17 PM","Jun 21, 2026, 10:36:17 PM"
5db6c592bba9f4001f7d610f,EASY BNB GmbH,pro,SME,true,,OPERATIONS,Translation gap filler,true,"Jun 21, 2026, 6:43:46 PM","Jun 21, 2026, 6:43:46 PM"
5db6c592bba9f4001f7d610f,EASY BNB GmbH,pro,SME,true,,OPERATIONS,Reservation handoff brief,true,"Jun 21, 2026, 6:43:33 PM","Jun 21, 2026, 6:43:33 PM"
693592c67e6de65e769be230,Weston Holidays,pro,SMB,true,,OPERATIONS,Commitment keeper,true,"Jun 19, 2026, 7:25:58 AM","Jun 19, 2026, 7:25:58 AM"
692739cf51ad620fe8272e74,"Fripp Island Golf & Beach Resort ",pro,SME,true,,FINANCE,Tax Configuration Audit,true,"Jun 18, 2026, 2:52:41 PM","Jun 18, 2026, 2:52:41 PM"
693592c67e6de65e769be230,Weston Holidays,pro,SMB,true,,COMMUNICATIONS,Review response drafter,true,"Jun 18, 2026, 7:41:25 AM","Jun 18, 2026, 7:41:25 AM"
693592c67e6de65e769be230,Weston Holidays,pro,SMB,true,,OPERATIONS,Calendar conflict detector,true,"Jun 18, 2026, 7:41:06 AM","Jun 18, 2026, 7:41:06 AM"
64ac4ed558fd69003fb7e3a4,GueStay Properties,pro,SMB,true,hq_child,OPERATIONS,Calendar conflict detector,true,"Jun 16, 2026, 7:56:26 PM","Jul 10, 2026, 7:48:31 PM"
6601f8d2c9d2b0a68e714a68,"Navigate Stays, Inc. ",pro,SME,true,,COMMUNICATIONS,Review response drafter,true,"Jun 16, 2026, 4:16:23 PM","Jun 16, 2026, 4:16:23 PM"
68d6d384455d7fda436118ca,Scenic Stays,enterprise,Enterprise,true,,OPERATIONS,Risky reservation detector,true,"Jun 16, 2026, 2:46:37 PM","Jul 7, 2026, 4:46:15 PM"
68d6d384455d7fda436118ca,Scenic Stays,enterprise,Enterprise,true,,OPERATIONS,Inquiry expiry manager,false,"Jun 16, 2026, 2:45:59 PM","Jun 28, 2026, 8:40:19 AM"
5db6c592bba9f4001f7d610f,EASY BNB GmbH,pro,SME,true,,OPERATIONS,Risky reservation detector,true,"Jun 16, 2026, 2:11:14 PM","Jun 16, 2026, 2:11:14 PM"
5db0a5a602bcef001fed7da1,GreatStay,pro,Mid-Market,true,,OPERATIONS,Review to task dispatcher,false,"Jun 16, 2026, 8:34:50 AM","Jul 13, 2026, 7:45:22 AM"
5db0a5a602bcef001fed7da1,GreatStay,pro,Mid-Market,true,,COMMUNICATIONS,Review response drafter,true,"Jun 16, 2026, 8:34:33 AM","Jun 16, 2026, 8:34:33 AM"
5db6c592bba9f4001f7d610f,EASY BNB GmbH,pro,SME,true,,OPERATIONS,Review to task dispatcher,true,"Jun 16, 2026, 7:42:55 AM","Jun 16, 2026, 7:42:55 AM"
5db6c592bba9f4001f7d610f,EASY BNB GmbH,pro,SME,true,,COMMUNICATIONS,Review response drafter,true,"Jun 16, 2026, 7:32:33 AM","Jun 16, 2026, 7:32:33 AM"
5db6c592bba9f4001f7d610f,EASY BNB GmbH,pro,SME,true,,COMMUNICATIONS,Negative review challenger,false,"Jun 16, 2026, 7:30:44 AM","Jun 21, 2026, 6:44:15 PM"
5db6c592bba9f4001f7d610f,EASY BNB GmbH,pro,SME,true,,OPERATIONS,Calendar conflict detector,true,"Jun 16, 2026, 7:30:03 AM","Jun 16, 2026, 7:30:03 AM"
6862e08eb12c774daba2501a,LS Living Solutions GmbH,pro,SMB,true,,OPERATIONS,Inquiry expiry manager,true,"Jun 16, 2026, 7:25:25 AM","Jun 16, 2026, 7:25:25 AM"
6862e08eb12c774daba2501a,LS Living Solutions GmbH,pro,SMB,true,,OPERATIONS,Risky reservation detector,true,"Jun 16, 2026, 7:22:32 AM","Jun 16, 2026, 7:22:32 AM"
6862e08eb12c774daba2501a,LS Living Solutions GmbH,pro,SMB,true,,COMMUNICATIONS,Review response drafter,true,"Jun 16, 2026, 7:22:04 AM","Jun 16, 2026, 7:22:04 AM"
6862e08eb12c774daba2501a,LS Living Solutions GmbH,pro,SMB,true,,COMMUNICATIONS,Negative review challenger,true,"Jun 16, 2026, 7:21:32 AM","Jun 16, 2026, 7:21:32 AM"
65351c644892a1c2b05f9e34,AIR MGMT,pro,SME,true,,FINANCE,Unpaid reservation tracker,true,"Jun 15, 2026, 10:04:08 PM","Jun 15, 2026, 10:04:08 PM"
65351c644892a1c2b05f9e34,AIR MGMT,pro,SME,true,,OPERATIONS,Risky reservation detector,true,"Jun 15, 2026, 10:03:54 PM","Jun 15, 2026, 10:03:54 PM"
65351c644892a1c2b05f9e34,AIR MGMT,pro,SME,true,,OPERATIONS,Review to task dispatcher,true,"Jun 15, 2026, 10:03:42 PM","Jun 15, 2026, 10:03:42 PM"
65351c644892a1c2b05f9e34,AIR MGMT,pro,SME,true,,COMMUNICATIONS,Review response drafter,true,"Jun 15, 2026, 10:03:30 PM","Jun 15, 2026, 10:03:30 PM"
65351c644892a1c2b05f9e34,AIR MGMT,pro,SME,true,,COMMUNICATIONS,Negative review challenger,true,"Jun 15, 2026, 10:02:35 PM","Jun 15, 2026, 10:02:35 PM"
65351c644892a1c2b05f9e34,AIR MGMT,pro,SME,true,,OPERATIONS,Inquiry expiry manager,true,"Jun 15, 2026, 10:02:29 PM","Jun 15, 2026, 10:02:29 PM"
65351c644892a1c2b05f9e34,AIR MGMT,pro,SME,true,,OPERATIONS,Calendar conflict detector,true,"Jun 15, 2026, 10:02:08 PM","Jun 15, 2026, 10:02:08 PM"
5aff29ca5e0f84006a37cb5d,Stay Awhile Villas,pro,SME,true,,OPERATIONS,Review to task dispatcher,true,"Jun 15, 2026, 9:39:25 PM","Jun 15, 2026, 9:39:25 PM"
5aff29ca5e0f84006a37cb5d,Stay Awhile Villas,pro,SME,true,,OPERATIONS,Risky reservation detector,true,"Jun 15, 2026, 9:38:50 PM","Jun 15, 2026, 9:38:50 PM"
5aff29ca5e0f84006a37cb5d,Stay Awhile Villas,pro,SME,true,,OWNER_RELATIONS,Owner payment details collector,true,"Jun 15, 2026, 9:37:55 PM","Jun 15, 2026, 9:37:55 PM"
5aff29ca5e0f84006a37cb5d,Stay Awhile Villas,pro,SME,true,,COMMUNICATIONS,Negative review challenger,true,"Jun 15, 2026, 9:37:43 PM","Jun 15, 2026, 9:37:43 PM"
5aff29ca5e0f84006a37cb5d,Stay Awhile Villas,pro,SME,true,,OPERATIONS,Inquiry expiry manager,false,"Jun 15, 2026, 9:37:03 PM","Jul 2, 2026, 1:39:27 AM"
693592c67e6de65e769be230,Weston Holidays,pro,SMB,true,,OPERATIONS,Risky reservation detector,true,"Jun 15, 2026, 7:36:30 PM","Jun 15, 2026, 7:36:30 PM"
693592c67e6de65e769be230,Weston Holidays,pro,SMB,true,,COMMUNICATIONS,Negative review challenger,true,"Jun 15, 2026, 7:35:22 PM","Jun 15, 2026, 7:35:22 PM"
692087d60cb25a3efd780f59,CJR Stays,pro,SMB,true,,FINANCE,Unpaid reservation tracker,true,"Jun 15, 2026, 6:59:06 PM","Jun 15, 2026, 6:59:06 PM"
692087d60cb25a3efd780f59,CJR Stays,pro,SMB,true,,OPERATIONS,Risky reservation detector,true,"Jun 15, 2026, 6:58:39 PM","Jun 15, 2026, 6:58:39 PM"
692087d60cb25a3efd780f59,CJR Stays,pro,SMB,true,,OPERATIONS,Review to task dispatcher,true,"Jun 15, 2026, 6:58:34 PM","Jun 15, 2026, 6:58:34 PM"
692087d60cb25a3efd780f59,CJR Stays,pro,SMB,true,,COMMUNICATIONS,Review response drafter,true,"Jun 15, 2026, 6:58:24 PM","Jun 15, 2026, 6:58:24 PM"
692087d60cb25a3efd780f59,CJR Stays,pro,SMB,true,,COMMUNICATIONS,Negative review challenger,true,"Jun 15, 2026, 6:57:54 PM","Jun 15, 2026, 6:57:54 PM"
692087d60cb25a3efd780f59,CJR Stays,pro,SMB,true,,OPERATIONS,Inquiry expiry manager,true,"Jun 15, 2026, 6:57:47 PM","Jun 15, 2026, 6:57:47 PM"
692087d60cb25a3efd780f59,CJR Stays,pro,SMB,true,,OPERATIONS,Calendar conflict detector,true,"Jun 15, 2026, 6:57:39 PM","Jun 15, 2026, 6:57:39 PM"
68d6d384455d7fda436118ca,Scenic Stays,enterprise,Enterprise,true,,FINANCE,Unpaid reservation tracker,true,"Jun 15, 2026, 3:15:42 PM","Jul 7, 2026, 4:45:42 PM"
68d6d384455d7fda436118ca,Scenic Stays,enterprise,Enterprise,true,,COMMUNICATIONS,Negative review challenger,true,"Jun 15, 2026, 3:11:11 PM","Jul 7, 2026, 4:45:17 PM"
68d6d384455d7fda436118ca,Scenic Stays,enterprise,Enterprise,true,,OPERATIONS,Calendar conflict detector,true,"Jun 15, 2026, 3:10:50 PM","Jul 7, 2026, 4:44:16 PM"
5cf3120c0f6abc001ff04f2e,Hello Host,pro,Mid-Market,true,,OPERATIONS,Review to task dispatcher,true,"Jun 15, 2026, 3:31:46 AM","Jun 15, 2026, 3:31:46 AM"
5cf3120c0f6abc001ff04f2e,Hello Host,pro,Mid-Market,true,,OPERATIONS,Calendar conflict detector,true,"Jun 15, 2026, 3:31:12 AM","Jun 15, 2026, 3:31:12 AM"
5cf3120c0f6abc001ff04f2e,Hello Host,pro,Mid-Market,true,,COMMUNICATIONS,Review response drafter,true,"Jun 15, 2026, 3:30:57 AM","Jun 15, 2026, 3:30:57 AM"
5cf3120c0f6abc001ff04f2e,Hello Host,pro,Mid-Market,true,,FINANCE,Unpaid reservation tracker,true,"Jun 15, 2026, 3:30:40 AM","Jun 15, 2026, 3:30:40 AM"
5cf3120c0f6abc001ff04f2e,Hello Host,pro,Mid-Market,true,,OPERATIONS,Risky reservation detector,true,"Jun 15, 2026, 3:30:26 AM","Jun 15, 2026, 3:30:26 AM"
5cf3120c0f6abc001ff04f2e,Hello Host,pro,Mid-Market,true,,OPERATIONS,Inquiry expiry manager,true,"Jun 15, 2026, 3:30:08 AM","Jun 15, 2026, 3:30:08 AM"
5cf3120c0f6abc001ff04f2e,Hello Host,pro,Mid-Market,true,,COMMUNICATIONS,Negative review challenger,true,"Jun 15, 2026, 3:29:46 AM","Jun 15, 2026, 3:29:46 AM"
60b4ed00a32033002e44e4e2,RSB Living / Management,pro,Mid-Market,true,,OPERATIONS,Calendar conflict detector,true,"Jun 10, 2026, 7:19:16 PM","Jul 9, 2026, 1:33:12 AM"
60b4ed00a32033002e44e4e2,RSB Living / Management,pro,Mid-Market,true,,OPERATIONS,Inquiry expiry manager,true,"Jun 10, 2026, 7:16:01 PM","Jun 10, 2026, 7:16:01 PM"
60b4ed00a32033002e44e4e2,RSB Living / Management,pro,Mid-Market,true,,FINANCE,Security deposit extender,true,"Jun 10, 2026, 7:15:26 PM","Jun 10, 2026, 7:15:26 PM"
60b4ed00a32033002e44e4e2,RSB Living / Management,pro,Mid-Market,true,,COMMUNICATIONS,Negative review challenger,true,"Jun 10, 2026, 7:15:10 PM","Jun 10, 2026, 7:15:10 PM"
60b4ed00a32033002e44e4e2,RSB Living / Management,pro,Mid-Market,true,,COMMUNICATIONS,Review response drafter,true,"Jun 10, 2026, 7:14:25 PM","Jun 10, 2026, 7:14:25 PM"
60b4ed00a32033002e44e4e2,RSB Living / Management,pro,Mid-Market,true,,OPERATIONS,Review to task dispatcher,true,"Jun 10, 2026, 7:13:59 PM","Jun 10, 2026, 7:13:59 PM"
60b4ed00a32033002e44e4e2,RSB Living / Management,pro,Mid-Market,true,,OPERATIONS,Risky reservation detector,true,"Jun 10, 2026, 7:13:31 PM","Jul 9, 2026, 1:34:06 AM"
60b4ed00a32033002e44e4e2,RSB Living / Management,pro,Mid-Market,true,,FINANCE,Unpaid reservation tracker,true,"Jun 10, 2026, 7:13:16 PM","Jun 10, 2026, 7:13:16 PM"
63991db67ee89b004e196515,Soulfull Stayz,pro,SMB,true,,OPERATIONS,Risky reservation detector,true,"Jun 10, 2026, 12:00:52 PM","Jun 10, 2026, 12:00:52 PM"
63991db67ee89b004e196515,Soulfull Stayz,pro,SMB,true,,OPERATIONS,Calendar conflict detector,true,"Jun 10, 2026, 12:00:20 PM","Jun 10, 2026, 12:00:20 PM"
63991db67ee89b004e196515,Soulfull Stayz,pro,SMB,true,,OPERATIONS,Inquiry expiry manager,true,"Jun 10, 2026, 12:00:09 PM","Jun 10, 2026, 12:00:09 PM"
63991db67ee89b004e196515,Soulfull Stayz,pro,SMB,true,,OWNER_RELATIONS,Owner payment details collector,false,"Jun 10, 2026, 11:59:41 AM","Jun 20, 2026, 2:28:24 AM"
63991db67ee89b004e196515,Soulfull Stayz,pro,SMB,true,,FINANCE,Unpaid reservation tracker,true,"Jun 10, 2026, 11:58:58 AM","Jun 10, 2026, 11:58:58 AM"
62b337033513aa00347a2410,Jeff Nisius,pro,Mid-Market,true,,OPERATIONS,Calendar conflict detector,true,"Jun 10, 2026, 2:04:09 AM","Jun 10, 2026, 2:04:09 AM"
5f3a7d87949020002db896dc,Curated Property,pro,Mid-Market,true,,FINANCE,Unpaid reservation tracker,true,"Jun 5, 2026, 7:25:05 PM","Jun 5, 2026, 7:25:05 PM"
5f3a7d87949020002db896dc,Curated Property,pro,Mid-Market,true,,OPERATIONS,Risky reservation detector,true,"Jun 5, 2026, 7:24:39 PM","Jun 5, 2026, 7:24:39 PM"
5f3a7d87949020002db896dc,Curated Property,pro,Mid-Market,true,,OPERATIONS,Review to task dispatcher,true,"Jun 5, 2026, 7:24:21 PM","Jun 5, 2026, 7:24:21 PM"
5f3a7d87949020002db896dc,Curated Property,pro,Mid-Market,true,,COMMUNICATIONS,Review response drafter,true,"Jun 5, 2026, 7:24:10 PM","Jun 5, 2026, 7:24:10 PM"
5f3a7d87949020002db896dc,Curated Property,pro,Mid-Market,true,,COMMUNICATIONS,Negative review challenger,true,"Jun 5, 2026, 7:23:07 PM","Jun 5, 2026, 7:23:07 PM"
5f3a7d87949020002db896dc,Curated Property,pro,Mid-Market,true,,OPERATIONS,Inquiry expiry manager,true,"Jun 5, 2026, 7:22:56 PM","Jun 5, 2026, 7:22:56 PM"
5f3a7d87949020002db896dc,Curated Property,pro,Mid-Market,true,,OPERATIONS,Calendar conflict detector,true,"Jun 5, 2026, 7:22:21 PM","Jun 5, 2026, 7:22:21 PM"
573b8b688e31d30e0035418f,Bijou Getaways,pro,Mid-Market,true,,COMMUNICATIONS,Negative review challenger,true,"Jun 3, 2026, 8:24:40 PM","Jun 3, 2026, 8:24:40 PM"
573b8b688e31d30e0035418f,Bijou Getaways,pro,Mid-Market,true,,FINANCE,Unpaid reservation tracker,true,"Jun 3, 2026, 8:24:28 PM","Jun 3, 2026, 8:24:28 PM"
573b8b688e31d30e0035418f,Bijou Getaways,pro,Mid-Market,true,,OPERATIONS,Inquiry expiry manager,true,"Jun 3, 2026, 8:24:15 PM","Jun 3, 2026, 8:24:15 PM"
573b8b688e31d30e0035418f,Bijou Getaways,pro,Mid-Market,true,,OPERATIONS,Risky reservation detector,true,"Jun 3, 2026, 8:23:58 PM","Jun 3, 2026, 8:23:58 PM"
573b8b688e31d30e0035418f,Bijou Getaways,pro,Mid-Market,true,,COMMUNICATIONS,Review response drafter,true,"Jun 3, 2026, 8:23:36 PM","Jun 3, 2026, 8:23:36 PM"
62b337033513aa00347a2410,Jeff Nisius,pro,Mid-Market,true,,COMMUNICATIONS,Review response drafter,true,"Jun 3, 2026, 6:39:51 PM","Jun 3, 2026, 6:39:51 PM"
62b337033513aa00347a2410,Jeff Nisius,pro,Mid-Market,true,,FINANCE,Security deposit extender,true,"Jun 2, 2026, 2:38:39 AM","Jun 2, 2026, 2:38:39 AM"
62b337033513aa00347a2410,Jeff Nisius,pro,Mid-Market,true,,OPERATIONS,Review to task dispatcher,true,"Jun 2, 2026, 2:37:43 AM","Jun 2, 2026, 2:37:43 AM"
62b337033513aa00347a2410,Jeff Nisius,pro,Mid-Market,true,,FINANCE,Unpaid reservation tracker,true,"Jun 1, 2026, 9:06:27 PM","Jun 1, 2026, 9:06:27 PM"
62b337033513aa00347a2410,Jeff Nisius,pro,Mid-Market,true,,OPERATIONS,Risky reservation detector,true,"Jun 1, 2026, 9:06:12 PM","Jun 1, 2026, 9:06:12 PM"
62b337033513aa00347a2410,Jeff Nisius,pro,Mid-Market,true,,COMMUNICATIONS,Negative review challenger,true,"Jun 1, 2026, 9:05:26 PM","Jun 8, 2026, 3:14:02 PM"
62b337033513aa00347a2410,Jeff Nisius,pro,Mid-Market,true,,OPERATIONS,Inquiry expiry manager,true,"Jun 1, 2026, 9:05:04 PM","Jun 1, 2026, 9:05:04 PM"
692087d60cb25a3efd780f59,CJR Stays,pro,SMB,true,,FINANCE,Security deposit extender,true,"May 26, 2026, 10:16:38 PM","Jun 17, 2026, 8:20:15 PM"