Account ID,Account Name,Package,Segment,Active paying account,HQ type,Agent Category,Agent Name,Agent Active,Agent Created At,Agent Run Completed At,Agent Run Status,Agent Run Output
5bbe1ed205fbeb0039803eb3,Hom Group,pro,SME,true,,OPERATIONS,Calendar conflict detector,true,"Jul 22, 2026, 1:17:53 PM","Jul 23, 2026, 12:39:13 AM",FAILED,Agent execution failed
5bbe1ed205fbeb0039803eb3,Hom Group,pro,SME,true,,OPERATIONS,Calendar conflict detector,true,"Jul 22, 2026, 1:17:53 PM","Jul 22, 2026, 8:39:41 PM",DONE,All 20 listings scanned with no double bookings detected.
5bbe1ed205fbeb0039803eb3,Hom Group,pro,SME,true,,OPERATIONS,Calendar conflict detector,true,"Jul 22, 2026, 1:17:53 PM","Jul 22, 2026, 4:39:51 PM",DONE,Scanned 21 listings on 2026-07-22. No double bookings detected.
5bbe1ed205fbeb0039803eb3,Hom Group,pro,SME,true,,COMMUNICATIONS,Review response master,true,"Jul 22, 2026, 1:28:53 PM","Jul 23, 2026, 12:39:11 AM",DONE,Failed: No reviews scanned or processed.
5bbe1ed205fbeb0039803eb3,Hom Group,pro,SME,true,,COMMUNICATIONS,Review response master,true,"Jul 22, 2026, 1:28:53 PM","Jul 22, 2026, 8:39:03 PM",FAILED,Agent execution failed
5bbe1ed205fbeb0039803eb3,Hom Group,pro,SME,true,,COMMUNICATIONS,Review response master,true,"Jul 22, 2026, 1:28:53 PM","Jul 22, 2026, 4:39:05 PM",FAILED,Agent execution failed
5bbe1ed205fbeb0039803eb3,Hom Group,pro,SME,true,,COMMUNICATIONS,Saved replies optimizer,true,"Jul 22, 2026, 1:29:07 PM","Jul 22, 2026, 2:43:01 PM",FAILED,Agent execution timed out
5bbe1ed205fbeb0039803eb3,Hom Group,pro,SME,true,,FINANCE,Unpaid reservation tracker,true,"Jul 22, 2026, 1:29:39 PM","Jul 22, 2026, 2:27:33 PM",DONE,"```json
{""short"":""Action needed 831 reservations flagged with significant underpaid gaps: Scanned 1789 total; review before month-end close."",""long"":""This month's unpaid reservation scan evaluated 178"
5bbe1ed205fbeb0039803eb3,Hom Group,pro,SME,true,,OPERATIONS,Check-in readiness,true,"Jul 22, 2026, 1:35:00 PM","Jul 22, 2026, 10:40:07 PM",DONE,Reviewed 56 reservations checking in within the next 24 hours; all 56 need attention.
6953d56988cba42d9e7a8f8e,SDK Homes Aps,pro,SMB,true,,OPERATIONS,Risky reservation detector,true,"Jul 22, 2026, 1:47:21 PM","Jul 22, 2026, 10:39:03 PM",FAILED,Agent execution failed
65c753ef2ffb9595c28f272b,Tropical Stays Cairns ,pro,SME,true,,OPERATIONS,Vacancy task detector,true,"Jul 22, 2026, 1:47:33 PM","Jul 22, 2026, 8:39:04 PM",DONE,Done **Vacancy and readiness sweep complete**: no properties flagged.
68fa462832feafcbded998c3,Keytoko,pro,Mid-Market,true,,OPERATIONS,Calendar conflict detector,true,"Jul 22, 2026, 1:47:36 PM","Jul 22, 2026, 10:39:03 PM",DONE,"Scanned 3 listings, no double booking conflicts detected."
68fa462832feafcbded998c3,Keytoko,pro,Mid-Market,true,,OPERATIONS,Calendar conflict detector,true,"Jul 22, 2026, 1:47:36 PM","Jul 22, 2026, 6:39:13 PM",DONE,One listing scanned; no double bookings detected.
68fa462832feafcbded998c3,Keytoko,pro,Mid-Market,true,,OPERATIONS,Calendar conflict detector,true,"Jul 22, 2026, 1:47:36 PM","Jul 22, 2026, 2:39:01 PM",DONE,No double bookings detected in the scan.
68fa462832feafcbded998c3,Keytoko,pro,Mid-Market,true,,OPERATIONS,Check-in readiness,true,"Jul 22, 2026, 1:47:45 PM","Jul 22, 2026, 4:39:20 PM",FAILED,Agent execution failed
65c753ef2ffb9595c28f272b,Tropical Stays Cairns ,pro,SME,true,,COMMUNICATIONS,Negative review challenger,true,"Jul 22, 2026, 1:47:47 PM","Jul 22, 2026, 11:39:03 PM",DONE,No eligible bad reviews in the last 24 hours; nothing to review.
65c753ef2ffb9595c28f272b,Tropical Stays Cairns ,pro,SME,true,,OPERATIONS,Commitment keeper,true,"Jul 22, 2026, 1:48:00 PM","Jul 22, 2026, 10:39:43 PM",DONE,"```json
{
  ""short"": ""Scanned 129 reservations; 18 have open commitments, 14 notes posted and 4 could not be posted."",
  ""long"": ""Scanned 129 upcoming and in-stay reservations; 18 have promises to the"
690bd9fce40ddfabc7419b5b,Roberta Alvarenga,pro,SMB,true,,OPERATIONS,Risky reservation detector,true,"Jul 22, 2026, 1:48:23 PM","Jul 22, 2026, 3:39:08 PM",DONE,Scored 0 reservations; no reservations to review.
570f72c6bf2a540e00c54b14,Coral & Coco,pro,SME,true,,OPERATIONS,Calendar conflict detector,true,"Jul 22, 2026, 1:48:36 PM","Jul 23, 2026, 12:39:24 AM",DONE,"Scanned 4 listings, found no double bookings or conflicts."
570f72c6bf2a540e00c54b14,Coral & Coco,pro,SME,true,,OPERATIONS,Calendar conflict detector,true,"Jul 22, 2026, 1:48:36 PM","Jul 22, 2026, 8:39:18 PM",FAILED,Agent execution failed
570f72c6bf2a540e00c54b14,Coral & Coco,pro,SME,true,,OPERATIONS,Calendar conflict detector,true,"Jul 22, 2026, 1:48:36 PM","Jul 22, 2026, 4:39:29 PM",DONE,All 14 listings checked successfully with no double bookings detected.
570f72c6bf2a540e00c54b14,Coral & Coco,pro,SME,true,,OPERATIONS,Calendar conflict detector,true,"Jul 22, 2026, 1:48:36 PM","Jul 22, 2026, 1:54:41 PM",DONE,Scanned 5 listings; no double bookings detected.
65c753ef2ffb9595c28f272b,Tropical Stays Cairns ,pro,SME,true,,COMMUNICATIONS,Review response master,true,"Jul 22, 2026, 1:48:38 PM","Jul 22, 2026, 10:39:05 PM",FAILED,Agent execution failed
65c753ef2ffb9595c28f272b,Tropical Stays Cairns ,pro,SME,true,,COMMUNICATIONS,Review response master,true,"Jul 22, 2026, 1:48:38 PM","Jul 22, 2026, 6:39:00 PM",FAILED,Agent execution failed
65c753ef2ffb9595c28f272b,Tropical Stays Cairns ,pro,SME,true,,COMMUNICATIONS,Review response master,true,"Jul 22, 2026, 1:48:38 PM","Jul 22, 2026, 2:39:00 PM",FAILED,Agent execution failed
68fa462832feafcbded998c3,Keytoko,pro,Mid-Market,true,,OPERATIONS,Stay status reconciler,true,"Jul 22, 2026, 1:48:42 PM","Jul 22, 2026, 6:40:10 PM",DONE,Marked 35 arrived guests checked-in; 4 reservations were already consistent.
65c753ef2ffb9595c28f272b,Tropical Stays Cairns ,pro,SME,true,,OPERATIONS,Review to task dispatcher,true,"Jul 22, 2026, 1:49:00 PM","Jul 22, 2026, 11:39:01 PM",DONE,No bad reviews in the last 24 hours; no maintenance action needed.
67f939f356bac59fb2d49eea,MyLocTravel,pro,SME,true,,OPERATIONS,Calendar conflict detector,true,"Jul 22, 2026, 1:49:04 PM","Jul 22, 2026, 10:39:24 PM",DONE,Scanned 9 listings. No double bookings detected.
67f939f356bac59fb2d49eea,MyLocTravel,pro,SME,true,,OPERATIONS,Calendar conflict detector,true,"Jul 22, 2026, 1:49:04 PM","Jul 22, 2026, 6:39:13 PM",DONE,Scanned 4 listings. No double bookings detected.
67f939f356bac59fb2d49eea,MyLocTravel,pro,SME,true,,OPERATIONS,Calendar conflict detector,true,"Jul 22, 2026, 1:49:04 PM","Jul 22, 2026, 2:39:12 PM",DONE,"Scanned 2 listings, no double booking conflicts found."
5ffc691620b9c0002ff93757,Stephen Cummings,pro,SME,true,,COMMUNICATIONS,Negative review challenger,true,"Jul 22, 2026, 1:49:08 PM","Jul 22, 2026, 2:39:01 PM",DONE,No eligible bad reviews in the last 24 hours; nothing to review.
67f939f356bac59fb2d49eea,MyLocTravel,pro,SME,true,,OPERATIONS,Check-in readiness,true,"Jul 22, 2026, 1:49:32 PM","Jul 22, 2026, 4:39:50 PM",DONE,Reviewed 8 reservations checking in within the next 24 hours; all 8 need attention.
570f72c6bf2a540e00c54b14,Coral & Coco,pro,SME,true,,COMMUNICATIONS,Review response master,true,"Jul 22, 2026, 1:49:33 PM","Jul 23, 2026, 12:39:04 AM",DONE,Done 0 reviews scanned.
570f72c6bf2a540e00c54b14,Coral & Coco,pro,SME,true,,COMMUNICATIONS,Review response master,true,"Jul 22, 2026, 1:49:33 PM","Jul 22, 2026, 8:39:00 PM",FAILED,Agent execution failed
570f72c6bf2a540e00c54b14,Coral & Coco,pro,SME,true,,COMMUNICATIONS,Review response master,true,"Jul 22, 2026, 1:49:33 PM","Jul 22, 2026, 4:39:14 PM",FAILED,Agent execution failed
66a664c13c74563e37af53b4,Hebergia,pro,Mid-Market,true,,COMMUNICATIONS,Review response master,true,"Jul 22, 2026, 1:50:01 PM","Jul 23, 2026, 12:39:23 AM",DONE,Done: No reviews scanned in this run.
66a664c13c74563e37af53b4,Hebergia,pro,Mid-Market,true,,COMMUNICATIONS,Review response master,true,"Jul 22, 2026, 1:50:01 PM","Jul 22, 2026, 8:39:02 PM",FAILED,Agent execution failed
66a664c13c74563e37af53b4,Hebergia,pro,Mid-Market,true,,COMMUNICATIONS,Review response master,true,"Jul 22, 2026, 1:50:01 PM","Jul 22, 2026, 4:39:09 PM",FAILED,Agent execution failed
66a664c13c74563e37af53b4,Hebergia,pro,Mid-Market,true,,COMMUNICATIONS,Saved replies optimizer,true,"Jul 22, 2026, 1:50:58 PM","Jul 22, 2026, 2:09:16 PM",DONE,Done **All reviewed templates look solid**: 58 listings scanned; no changes suggested.
67f939f356bac59fb2d49eea,MyLocTravel,pro,SME,true,,FINANCE,Security deposit extender,true,"Jul 22, 2026, 1:52:14 PM","Jul 22, 2026, 10:41:01 PM",DONE,0 security deposits re-held; no holds were due to expire today.
6318bd126e26ea0035538b0d,Celyn  Ganske,pro,Mid-Market,true,,OPERATIONS,Commitment keeper,true,"Jul 22, 2026, 1:52:20 PM","Jul 22, 2026, 3:39:19 PM",DONE,"```json
{
  ""short"": ""Scanned 30 reservations; 19 have open commitments, 17 notes posted and 2 could not be posted."",
  ""long"": ""Scanned 30 upcoming and in-stay reservations; 19 have promises to the g"
6318bd126e26ea0035538b0d,Celyn  Ganske,pro,Mid-Market,true,,OPERATIONS,Inquiry expiry manager,true,"Jul 22, 2026, 1:52:31 PM","Jul 22, 2026, 11:39:12 PM",DONE,"Scanned 0 inquiries, none required action."
6318bd126e26ea0035538b0d,Celyn  Ganske,pro,Mid-Market,true,,OPERATIONS,Inquiry expiry manager,true,"Jul 22, 2026, 1:52:31 PM","Jul 22, 2026, 7:39:00 PM",DONE,"Scanned 0 inquiries, no action required."
6318bd126e26ea0035538b0d,Celyn  Ganske,pro,Mid-Market,true,,OPERATIONS,Inquiry expiry manager,true,"Jul 22, 2026, 1:52:31 PM","Jul 22, 2026, 3:39:15 PM",DONE,No inquiries were available to process in this sweep.
6318bd126e26ea0035538b0d,Celyn  Ganske,pro,Mid-Market,true,,OPERATIONS,Calendar conflict detector,true,"Jul 22, 2026, 1:52:36 PM","Jul 22, 2026, 11:39:15 PM",FAILED,Agent execution failed
6318bd126e26ea0035538b0d,Celyn  Ganske,pro,Mid-Market,true,,OPERATIONS,Calendar conflict detector,true,"Jul 22, 2026, 1:52:36 PM","Jul 22, 2026, 7:39:00 PM",DONE,No double bookings detected during scan.
6318bd126e26ea0035538b0d,Celyn  Ganske,pro,Mid-Market,true,,OPERATIONS,Calendar conflict detector,true,"Jul 22, 2026, 1:52:36 PM","Jul 22, 2026, 3:39:21 PM",DONE,No double bookings detected across scanned listings.
67f939f356bac59fb2d49eea,MyLocTravel,pro,SME,true,,OPERATIONS,Stay status reconciler,true,"Jul 22, 2026, 1:53:13 PM","Jul 22, 2026, 6:42:51 PM",DONE,Marked 154 arrived guests checked-in across 190 scanned reservations.
6978068397c71aa6720b0c77,Aunaisin,pro,SMB,true,,COMMUNICATIONS,Review response master,true,"Jul 22, 2026, 1:53:22 PM","Jul 22, 2026, 11:39:10 PM",DONE,Done No reviews to process: Scanned 0 reviews.
6978068397c71aa6720b0c77,Aunaisin,pro,SMB,true,,COMMUNICATIONS,Review response master,true,"Jul 22, 2026, 1:53:22 PM","Jul 22, 2026, 7:38:59 PM",FAILED,Agent execution failed
6978068397c71aa6720b0c77,Aunaisin,pro,SMB,true,,COMMUNICATIONS,Review response master,true,"Jul 22, 2026, 1:53:22 PM","Jul 22, 2026, 3:39:18 PM",FAILED,Agent execution failed
6318bd126e26ea0035538b0d,Celyn  Ganske,pro,Mid-Market,true,,OPERATIONS,Daily task coverage board,true,"Jul 22, 2026, 1:53:33 PM","Jul 22, 2026, 3:39:26 PM",DONE,Done **48-hour coverage board**: zero tasks due by July 24 at 15:38 UTC.
6318bd126e26ea0035538b0d,Celyn  Ganske,pro,Mid-Market,true,,COMMUNICATIONS,Negative review challenger,true,"Jul 22, 2026, 1:53:54 PM","Jul 22, 2026, 4:39:38 PM",FAILED,Agent execution failed
6a4c15e13be7d462fd31e891,Coralux,pro,SMB,false,,OPERATIONS,Calendar conflict detector,true,"Jul 22, 2026, 1:53:57 PM","Jul 23, 2026, 12:39:19 AM",FAILED,Agent execution failed
6a4c15e13be7d462fd31e891,Coralux,pro,SMB,false,,OPERATIONS,Calendar conflict detector,true,"Jul 22, 2026, 1:53:57 PM","Jul 22, 2026, 8:39:23 PM",DONE,No double bookings detected across scanned listings.
6a4c15e13be7d462fd31e891,Coralux,pro,SMB,false,,OPERATIONS,Calendar conflict detector,true,"Jul 22, 2026, 1:53:57 PM","Jul 22, 2026, 4:39:15 PM",FAILED,Agent execution failed
570f72c6bf2a540e00c54b14,Coral & Coco,pro,SME,true,,OPERATIONS,Calendar block monitor,true,"Jul 22, 2026, 1:53:57 PM","Jul 22, 2026, 1:55:22 PM",DONE,Flagged 3555 calendar blocks needing review across 9263 block events.
5f1eed10be0e02002c1c0338,Yeti Home Services LLC,pro,Mid-Market,true,,COMMUNICATIONS,Negative review challenger,true,"Jul 22, 2026, 1:54:04 PM","Jul 22, 2026, 4:39:06 PM",FAILED,Agent execution failed
6a4c15e13be7d462fd31e891,Coralux,pro,SMB,false,,OPERATIONS,Check-in readiness,true,"Jul 22, 2026, 1:54:09 PM","Jul 22, 2026, 10:39:15 PM",DONE,Run could not be completed; scanned count is missing. Manual review of imminent check-ins is needed.
648dc2bc5c53b8007e09e259,Henchmen Property Management,pro,Mid-Market,true,,OPERATIONS,Inquiry expiry manager,true,"Jul 22, 2026, 1:54:19 PM","Jul 23, 2026, 12:39:18 AM",DONE,"Scanned 1 inquiry, no action required."
648dc2bc5c53b8007e09e259,Henchmen Property Management,pro,Mid-Market,true,,OPERATIONS,Inquiry expiry manager,true,"Jul 22, 2026, 1:54:19 PM","Jul 22, 2026, 8:39:00 PM",DONE,"Scanned 1 inquiry, none required action."
648dc2bc5c53b8007e09e259,Henchmen Property Management,pro,Mid-Market,true,,OPERATIONS,Inquiry expiry manager,true,"Jul 22, 2026, 1:54:19 PM","Jul 22, 2026, 4:39:21 PM",DONE,"Scanned 1 inquiry, no action required."
6a4c15e13be7d462fd31e891,Coralux,pro,SMB,false,,OPERATIONS,Inquiry expiry manager,true,"Jul 22, 2026, 1:55:05 PM","Jul 23, 2026, 12:39:06 AM",FAILED,Agent execution failed
6a4c15e13be7d462fd31e891,Coralux,pro,SMB,false,,OPERATIONS,Inquiry expiry manager,true,"Jul 22, 2026, 1:55:05 PM","Jul 22, 2026, 8:39:08 PM",FAILED,Agent execution failed
6a4c15e13be7d462fd31e891,Coralux,pro,SMB,false,,OPERATIONS,Inquiry expiry manager,true,"Jul 22, 2026, 1:55:05 PM","Jul 22, 2026, 4:39:18 PM",DONE,Sweep completed with no inquiries to process.
6a345a347028915b39d3ace9,Time and Home Holiday Services,pro,Mid-Market,true,,OPERATIONS,Calendar block monitor,true,"Jul 22, 2026, 1:55:24 PM","Jul 22, 2026, 2:13:55 PM",DONE,"Scanned 1 block event, no issues found."
67f939f356bac59fb2d49eea,MyLocTravel,pro,SME,true,,OPERATIONS,Inquiry expiry manager,true,"Jul 22, 2026, 1:55:40 PM","Jul 22, 2026, 10:39:01 PM",DONE,No inquiries scanned in this sweep.
67f939f356bac59fb2d49eea,MyLocTravel,pro,SME,true,,OPERATIONS,Inquiry expiry manager,true,"Jul 22, 2026, 1:55:40 PM","Jul 22, 2026, 6:39:03 PM",DONE,"Scanned 0 inquiries, no action needed."
6a345a347028915b39d3ace9,Time and Home Holiday Services,pro,Mid-Market,true,,OPERATIONS,Check-in readiness,true,"Jul 22, 2026, 1:55:40 PM","Jul 22, 2026, 4:39:50 PM",DONE,Today's check-in readiness run could not be completed; review any imminent check-ins manually.
67f939f356bac59fb2d49eea,MyLocTravel,pro,SME,true,,OPERATIONS,Inquiry expiry manager,true,"Jul 22, 2026, 1:55:40 PM","Jul 22, 2026, 2:39:02 PM",DONE,Sweep completed with no inquiries to process.
5f1eed10be0e02002c1c0338,Yeti Home Services LLC,pro,Mid-Market,true,,COMMUNICATIONS,Review response master,true,"Jul 22, 2026, 1:55:54 PM","Jul 22, 2026, 11:39:10 PM",DONE,Done No reviews scanned.
5f1eed10be0e02002c1c0338,Yeti Home Services LLC,pro,Mid-Market,true,,COMMUNICATIONS,Review response master,true,"Jul 22, 2026, 1:55:54 PM","Jul 22, 2026, 7:39:04 PM",FAILED,Agent execution failed
5f1eed10be0e02002c1c0338,Yeti Home Services LLC,pro,Mid-Market,true,,COMMUNICATIONS,Review response master,true,"Jul 22, 2026, 1:55:54 PM","Jul 22, 2026, 3:39:12 PM",FAILED,Agent execution failed
6a345a347028915b39d3ace9,Time and Home Holiday Services,pro,Mid-Market,true,,OPERATIONS,Inquiry expiry manager,true,"Jul 22, 2026, 1:55:55 PM","Jul 22, 2026, 10:39:07 PM",DONE,Sweep completed with no inquiries to process.
6a345a347028915b39d3ace9,Time and Home Holiday Services,pro,Mid-Market,true,,OPERATIONS,Inquiry expiry manager,true,"Jul 22, 2026, 1:55:55 PM","Jul 22, 2026, 6:39:02 PM",DONE,"Scanned 0 inquiries, no action needed."
6a345a347028915b39d3ace9,Time and Home Holiday Services,pro,Mid-Market,true,,OPERATIONS,Inquiry expiry manager,true,"Jul 22, 2026, 1:55:55 PM","Jul 22, 2026, 2:39:02 PM",DONE,No inquiries were available to process in this sweep.
5f1eed10be0e02002c1c0338,Yeti Home Services LLC,pro,Mid-Market,true,,OPERATIONS,Risky reservation detector,true,"Jul 22, 2026, 1:56:00 PM","Jul 22, 2026, 7:39:34 PM",DONE,"Scored 14 reservations; all scored Low or Medium, no action needed."
6a345a347028915b39d3ace9,Time and Home Holiday Services,pro,Mid-Market,true,,OPERATIONS,Maintenance tracker,true,"Jul 22, 2026, 1:56:11 PM","Jul 22, 2026, 2:14:09 PM",DONE,Done **No maintenance tasks in the last 60 days**: 0 properties flagged.
648dc2bc5c53b8007e09e259,Henchmen Property Management,pro,Mid-Market,true,,OPERATIONS,Risky reservation detector,true,"Jul 22, 2026, 1:56:21 PM","Jul 22, 2026, 4:39:48 PM",DONE,"Scored 6 reservations; 1 flagged as High risk, Administration task created."
6a345a347028915b39d3ace9,Time and Home Holiday Services,pro,Mid-Market,true,,COMMUNICATIONS,Review response master,true,"Jul 22, 2026, 1:56:46 PM","Jul 22, 2026, 10:39:12 PM",DONE,Done: No reviews scanned in this run.
6a345a347028915b39d3ace9,Time and Home Holiday Services,pro,Mid-Market,true,,COMMUNICATIONS,Review response master,true,"Jul 22, 2026, 1:56:46 PM","Jul 22, 2026, 6:38:55 PM",FAILED,Agent execution failed
6a345a347028915b39d3ace9,Time and Home Holiday Services,pro,Mid-Market,true,,COMMUNICATIONS,Review response master,true,"Jul 22, 2026, 1:56:46 PM","Jul 22, 2026, 2:39:06 PM",FAILED,Agent execution failed
648dc2bc5c53b8007e09e259,Henchmen Property Management,pro,Mid-Market,true,,OPERATIONS,Calendar conflict detector,true,"Jul 22, 2026, 1:56:48 PM","Jul 23, 2026, 12:39:02 AM",FAILED,Agent execution failed
648dc2bc5c53b8007e09e259,Henchmen Property Management,pro,Mid-Market,true,,OPERATIONS,Calendar conflict detector,true,"Jul 22, 2026, 1:56:48 PM","Jul 22, 2026, 8:39:12 PM",DONE,Double booking scan completed with no conflicts found.
648dc2bc5c53b8007e09e259,Henchmen Property Management,pro,Mid-Market,true,,OPERATIONS,Calendar conflict detector,true,"Jul 22, 2026, 1:56:48 PM","Jul 22, 2026, 4:39:10 PM",DONE,No double bookings were detected in this scan.
6a345a347028915b39d3ace9,Time and Home Holiday Services,pro,Mid-Market,true,,OPERATIONS,Risky reservation detector,true,"Jul 22, 2026, 1:57:06 PM","Jul 22, 2026, 10:39:12 PM",DONE,"Scored 3 reservations; all scored Low or Medium, no action needed."
6a2afc2381a38ee7f65f63c1,COA Properties,pro,SMB,false,,ACCOUNTING,Advance deposit checker,true,"Jul 22, 2026, 1:57:43 PM","Jul 22, 2026, 1:59:07 PM",DONE,Action needed **19 reservations with outstanding advanced deposits**: 28 scanned this period.
69cbd1e27d4a36773469e305,Residences Louis,pro,Mid-Market,true,,OPERATIONS,Stay status reconciler,true,"Jul 22, 2026, 1:58:19 PM","Jul 22, 2026, 6:39:27 PM",DONE,Marked 28 arrived guests checked-in; 5 reservations already consistent.
69cbd1e27d4a36773469e305,Residences Louis,pro,Mid-Market,true,,OPERATIONS,Risky reservation detector,true,"Jul 22, 2026, 1:58:33 PM","Jul 22, 2026, 10:39:36 PM",DONE,"Scored 8 reservations; 1 flagged as High risk, Administration task created."
6a2afc2381a38ee7f65f63c1,COA Properties,pro,SMB,false,,OPERATIONS,Calendar conflict detector,true,"Jul 22, 2026, 1:58:35 PM","Jul 23, 2026, 12:39:03 AM",FAILED,Agent execution failed
6a2afc2381a38ee7f65f63c1,COA Properties,pro,SMB,false,,OPERATIONS,Calendar conflict detector,true,"Jul 22, 2026, 1:58:35 PM","Jul 22, 2026, 8:39:09 PM",FAILED,Agent execution failed
6a2afc2381a38ee7f65f63c1,COA Properties,pro,SMB,false,,OPERATIONS,Calendar conflict detector,true,"Jul 22, 2026, 1:58:35 PM","Jul 22, 2026, 4:39:29 PM",DONE,"Scanned 2 listings, no double bookings found."
69cbd1e27d4a36773469e305,Residences Louis,pro,Mid-Market,true,,COMMUNICATIONS,Review response master,true,"Jul 22, 2026, 1:59:06 PM","Jul 22, 2026, 10:39:02 PM",DONE,Done: No reviews scanned.
69cbd1e27d4a36773469e305,Residences Louis,pro,Mid-Market,true,,COMMUNICATIONS,Review response master,true,"Jul 22, 2026, 1:59:06 PM","Jul 22, 2026, 6:39:09 PM",FAILED,Agent execution failed
69cbd1e27d4a36773469e305,Residences Louis,pro,Mid-Market,true,,COMMUNICATIONS,Review response master,true,"Jul 22, 2026, 1:59:06 PM","Jul 22, 2026, 2:39:06 PM",FAILED,Agent execution failed
6a2afc2381a38ee7f65f63c1,COA Properties,pro,SMB,false,,OPERATIONS,Risky reservation detector,true,"Jul 22, 2026, 1:59:38 PM","Jul 22, 2026, 4:39:44 PM",DONE,"Scored 6 reservations; 1 flagged as High risk, Administration task created."
63c524f314d7a8004162fe52,HomeVacay,pro,Mid-Market,true,,COMMUNICATIONS,Negative review challenger,true,"Jul 22, 2026, 10:05:33 PM","Jul 22, 2026, 11:38:54 PM",DONE,No eligible bad reviews in the last 24 hours; nothing to review.
5cae1cd01963d20020ac1a48,STAE-Homes,pro,Mid-Market,true,,OPERATIONS,Inquiry expiry manager,true,"Jul 22, 2026, 10:30:50 AM","Jul 22, 2026, 11:39:00 PM",DONE,No inquiries were available to scan in this sweep.
5cae1cd01963d20020ac1a48,STAE-Homes,pro,Mid-Market,true,,OPERATIONS,Inquiry expiry manager,true,"Jul 22, 2026, 10:30:50 AM","Jul 22, 2026, 7:39:03 PM",DONE,"Scanned 0 inquiries, no action required."
5cae1cd01963d20020ac1a48,STAE-Homes,pro,Mid-Market,true,,OPERATIONS,Inquiry expiry manager,true,"Jul 22, 2026, 10:30:50 AM","Jul 22, 2026, 3:39:12 PM",DONE,No inquiries were available to scan in this sweep.
5cae1cd01963d20020ac1a48,STAE-Homes,pro,Mid-Market,true,,OPERATIONS,Inquiry expiry manager,true,"Jul 22, 2026, 10:30:50 AM","Jul 22, 2026, 3:28:29 PM",DONE,"Scanned 0 inquiries, no action taken."
5cae1cd01963d20020ac1a48,STAE-Homes,pro,Mid-Market,true,,OPERATIONS,Inquiry expiry manager,true,"Jul 22, 2026, 10:30:50 AM","Jul 22, 2026, 11:39:09 AM",DONE,"Scanned 0 inquiries, no action taken."
648bca2d5c53b8007ef3a0d8,Time in a Place,pro,Mid-Market,true,,OPERATIONS,Calendar conflict detector,true,"Jul 22, 2026, 10:58:50 PM","Jul 23, 2026, 12:38:52 AM",DONE,No double bookings detected across scanned listings.
648bca2d5c53b8007ef3a0d8,Time in a Place,pro,Mid-Market,true,,OPERATIONS,Inquiry expiry manager,true,"Jul 22, 2026, 11:00:14 PM","Jul 23, 2026, 12:38:52 AM",DONE,"Scanned 0 inquiries, no action required."
648bca2d5c53b8007ef3a0d8,Time in a Place,pro,Mid-Market,true,,COMMUNICATIONS,Review response master,true,"Jul 22, 2026, 11:01:25 PM","Jul 23, 2026, 12:38:52 AM",DONE,Done No reviews scanned.
648bca2d5c53b8007ef3a0d8,Time in a Place,pro,Mid-Market,true,,OPERATIONS,Risky reservation detector,true,"Jul 22, 2026, 11:01:39 PM","Jul 23, 2026, 12:39:24 AM",DONE,"Scored 6 reservations; 1 flagged as High risk, Administration task created."
678863dc1e8afb8c9a78bfaf,Palm Vista Vacations,pro,SMB,true,,OPERATIONS,Inquiry expiry manager,true,"Jul 22, 2026, 11:18:32 PM","Jul 23, 2026, 12:38:53 AM",DONE,"Scanned 1 inquiry, none required action."
678863dc1e8afb8c9a78bfaf,Palm Vista Vacations,pro,SMB,true,,FINANCE,Unpaid reservation tracker,true,"Jul 22, 2026, 11:19:24 PM","Jul 22, 2026, 11:20:15 PM",DONE,"Action needed 3 reservations flagged with $7,482.63 underpaid: Scanned 8 reservations; review before month-end close."
699f638f6de897de78fd3666,VueStay - Delaware,pro,Enterprise,true,hq_child,OPERATIONS,Stay status reconciler,true,"Jul 22, 2026, 11:23:41 PM","Jul 23, 2026, 12:38:52 AM",FAILED,Agent run failed
699f62c76de897de78fd3665,VueStay - Maryland,enterprise,Enterprise,true,hq_child,OPERATIONS,Calendar conflict detector,true,"Jul 22, 2026, 11:25:05 PM","Jul 23, 2026, 12:39:24 AM",DONE,All 27 listings scanned. No double bookings detected.
699f62c76de897de78fd3665,VueStay - Maryland,enterprise,Enterprise,true,hq_child,OPERATIONS,Stay status reconciler,true,"Jul 22, 2026, 11:26:00 PM","Jul 23, 2026, 12:48:42 AM",FAILED,Agent execution failed
699f62c76de897de78fd3665,VueStay - Maryland,enterprise,Enterprise,true,hq_child,FINANCE,Unpaid reservation tracker,true,"Jul 22, 2026, 11:26:11 PM","Jul 23, 2026, 12:02:00 AM",FAILED,Agent run failed
699f62c76de897de78fd3665,VueStay - Maryland,enterprise,Enterprise,true,hq_child,FINANCE,Unpaid reservation tracker,true,"Jul 22, 2026, 11:26:11 PM","Jul 22, 2026, 11:33:44 PM",FAILED,Agent run failed
69cbd1e27d4a36773469e305,Residences Louis,pro,Mid-Market,true,,OPERATIONS,Calendar conflict detector,true,"Jul 22, 2026, 2:00:17 PM","Jul 22, 2026, 10:39:12 PM",DONE,No double bookings detected across scanned listings.
69cbd1e27d4a36773469e305,Residences Louis,pro,Mid-Market,true,,OPERATIONS,Calendar conflict detector,true,"Jul 22, 2026, 2:00:17 PM","Jul 22, 2026, 6:39:35 PM",DONE,Scanned 4 listings; no double bookings detected.
69cbd1e27d4a36773469e305,Residences Louis,pro,Mid-Market,true,,OPERATIONS,Check-in readiness,true,"Jul 22, 2026, 2:00:45 PM","Jul 22, 2026, 4:39:16 PM",FAILED,Agent execution failed
69cbd1e27d4a36773469e305,Residences Louis,pro,Mid-Market,true,,OPERATIONS,Inquiry expiry manager,true,"Jul 22, 2026, 2:01:06 PM","Jul 22, 2026, 10:38:53 PM",DONE,No inquiries were scanned in this sweep.
69cbd1e27d4a36773469e305,Residences Louis,pro,Mid-Market,true,,OPERATIONS,Inquiry expiry manager,true,"Jul 22, 2026, 2:01:06 PM","Jul 22, 2026, 6:38:55 PM",DONE,"Scanned 0 inquiries, no action needed."
67f939f356bac59fb2d49eea,MyLocTravel,pro,SME,true,,OPERATIONS,Maintenance block agent,true,"Jul 22, 2026, 2:06:40 PM","Jul 22, 2026, 8:39:11 PM",DONE,Failed No maintenance tasks were scanned; unable to process.
67f939f356bac59fb2d49eea,MyLocTravel,pro,SME,true,,OPERATIONS,Maintenance block agent,true,"Jul 22, 2026, 2:06:40 PM","Jul 22, 2026, 7:39:03 PM",DONE,Failed No maintenance tasks were scanned.
67f939f356bac59fb2d49eea,MyLocTravel,pro,SME,true,,OPERATIONS,Maintenance block agent,true,"Jul 22, 2026, 2:06:40 PM","Jul 22, 2026, 6:39:06 PM",DONE,Done No maintenance blocks needed: all listings already in the right state.
67f939f356bac59fb2d49eea,MyLocTravel,pro,SME,true,,OPERATIONS,Maintenance block agent,true,"Jul 22, 2026, 2:06:40 PM","Jul 22, 2026, 5:39:29 PM",DONE,Failed No maintenance tasks were scanned; unable to process maintenance blocks.
67f939f356bac59fb2d49eea,MyLocTravel,pro,SME,true,,OPERATIONS,Maintenance block agent,true,"Jul 22, 2026, 2:06:40 PM","Jul 22, 2026, 4:39:17 PM",DONE,Failed No maintenance tasks were scanned; unable to process maintenance blocks.
67f939f356bac59fb2d49eea,MyLocTravel,pro,SME,true,,OPERATIONS,Maintenance block agent,true,"Jul 22, 2026, 2:06:40 PM","Jul 22, 2026, 3:39:08 PM",DONE,Failed No maintenance tasks were scanned; unable to process maintenance blocks.
650c88e747b48b04df2869ed,Book Our Place,pro,Enterprise,true,,COMMUNICATIONS,Negative review challenger,true,"Jul 22, 2026, 2:07:27 PM","Jul 22, 2026, 4:39:33 PM",DONE,No eligible bad reviews in the last 24 hours; nothing to review.
67f939f356bac59fb2d49eea,MyLocTravel,pro,SME,true,,OPERATIONS,Risky reservation detector,true,"Jul 22, 2026, 2:08:16 PM","Jul 22, 2026, 10:41:19 PM",DONE,"Scored 40 reservations; 2 flagged as High risk, Administration tasks created."
67f939f356bac59fb2d49eea,MyLocTravel,pro,SME,true,,COMMUNICATIONS,Review response master,true,"Jul 22, 2026, 2:09:37 PM","Jul 22, 2026, 10:39:11 PM",DONE,Done 1 reply posted automatically; 4 reviews processed: Airbnb 5-star accommodation review handled.
67f939f356bac59fb2d49eea,MyLocTravel,pro,SME,true,,COMMUNICATIONS,Review response master,true,"Jul 22, 2026, 2:09:37 PM","Jul 22, 2026, 6:39:00 PM",FAILED,Agent execution failed
6a43c7b651a9cc0a45fe28d0,Saxon Stays,pro,SMB,false,,COMMUNICATIONS,Review response master,true,"Jul 22, 2026, 2:09:59 PM","Jul 22, 2026, 11:39:23 PM",DONE,Done No reviews to process: Scanned 0 reviews.
6a43c7b651a9cc0a45fe28d0,Saxon Stays,pro,SMB,false,,COMMUNICATIONS,Review response master,true,"Jul 22, 2026, 2:09:59 PM","Jul 22, 2026, 7:39:00 PM",FAILED,Agent execution failed
6a43c7b651a9cc0a45fe28d0,Saxon Stays,pro,SMB,false,,COMMUNICATIONS,Review response master,true,"Jul 22, 2026, 2:09:59 PM","Jul 22, 2026, 3:38:59 PM",FAILED,Agent execution failed
6a43c7b651a9cc0a45fe28d0,Saxon Stays,pro,SMB,false,,OPERATIONS,Risky reservation detector,true,"Jul 22, 2026, 2:10:43 PM","Jul 22, 2026, 11:39:21 PM",DONE,"Scored 2 reservations; all scored Low or Medium, no action needed."
68d3f85f455d7fda436117ed,"West Elm Properties, LLC",pro,SMB,true,,OPERATIONS,Calendar conflict detector,true,"Jul 22, 2026, 2:11:28 PM","Jul 22, 2026, 9:39:04 PM",DONE,"Scanned 1 listing, no double bookings detected."
68d3f85f455d7fda436117ed,"West Elm Properties, LLC",pro,SMB,true,,OPERATIONS,Calendar conflict detector,true,"Jul 22, 2026, 2:11:28 PM","Jul 22, 2026, 5:39:14 PM",DONE,No double bookings detected across scanned listings.
650c88e747b48b04df2869ed,Book Our Place,pro,Enterprise,true,,FINANCE,Unpaid reservation tracker,true,"Jul 22, 2026, 2:12:21 PM","Jul 22, 2026, 11:36:19 PM",DONE,"```json
{""short"":""Action needed 72 reservations flagged with $220,822.48 underpaid: Scanned 305 reservations; review before month-end close."",""long"":""This month's unpaid reservation scan evaluated 305"
650c88e747b48b04df2869ed,Book Our Place,pro,Enterprise,true,,OPERATIONS,Weekly Operation Brief,true,"Jul 22, 2026, 2:12:31 PM","Jul 22, 2026, 2:32:09 PM",DONE,"Last week was solid on bookings with 82 check-ins, but you've got 300 open tasks stacking up that need attention."
6a43c7b651a9cc0a45fe28d0,Saxon Stays,pro,SMB,false,,OPERATIONS,Check-in readiness,true,"Jul 22, 2026, 2:13:12 PM","Jul 22, 2026, 5:39:07 PM",DONE,Today's check-in readiness run could not be completed; review any imminent check-ins manually.
6a43c7b651a9cc0a45fe28d0,Saxon Stays,pro,SMB,false,,OPERATIONS,Inquiry expiry manager,true,"Jul 22, 2026, 2:14:18 PM","Jul 22, 2026, 11:39:23 PM",DONE,"Scanned 1 inquiry, no action required."
6a43c7b651a9cc0a45fe28d0,Saxon Stays,pro,SMB,false,,OPERATIONS,Inquiry expiry manager,true,"Jul 22, 2026, 2:14:18 PM","Jul 22, 2026, 7:39:00 PM",DONE,"Scanned 1 inquiry, none required action."
6a43c7b651a9cc0a45fe28d0,Saxon Stays,pro,SMB,false,,OPERATIONS,Inquiry expiry manager,true,"Jul 22, 2026, 2:14:18 PM","Jul 22, 2026, 3:39:16 PM",DONE,"Scanned 1 inquiry, none required action."
68d3f85f455d7fda436117ed,"West Elm Properties, LLC",pro,SMB,true,,OPERATIONS,Risky reservation detector,true,"Jul 22, 2026, 2:15:09 PM","Jul 22, 2026, 5:39:37 PM",DONE,"Scored 7 reservations; all scored Low or Medium, no action needed."
650c88e747b48b04df2869ed,Book Our Place,pro,Enterprise,true,,COMMUNICATIONS,Saved replies optimizer,true,"Jul 22, 2026, 2:16:12 PM","Jul 22, 2026, 11:48:11 PM",DONE,Done **All 47 templates reviewed and in good shape**: 846 saved replies across 47 listings.
650c88e747b48b04df2869ed,Book Our Place,pro,Enterprise,true,,OPERATIONS,Review to task dispatcher,true,"Jul 22, 2026, 2:16:33 PM","Jul 22, 2026, 4:39:25 PM",DONE,No bad reviews in the last 24 hours; no maintenance action needed.
650c88e747b48b04df2869ed,Book Our Place,pro,Enterprise,true,,OPERATIONS,Reservation handoff brief,true,"Jul 22, 2026, 2:17:29 PM","Jul 22, 2026, 3:39:29 PM",DONE,"16 reservations arriving July 22-23, 2026. Multiple guests have unpaid balances totaling over $16,000 and several have not completed pre-check-in."
67ed5031c8b52d834dcb8e47,Studio Lovecchio s.r.o.,pro,SMB,true,,OPERATIONS,Check-in readiness,true,"Jul 22, 2026, 2:18:54 PM","Jul 22, 2026, 4:39:34 PM",DONE,Today's check-in readiness run could not be completed; review any imminent check-ins manually.
650c88e747b48b04df2869ed,Book Our Place,pro,Enterprise,true,,OPERATIONS,Maintenance tracker,true,"Jul 22, 2026, 2:19:05 PM","Jul 22, 2026, 11:34:36 PM",DONE,Done **No maintenance tasks in the last 60 days**: 0 properties flagged.
67ed5031c8b52d834dcb8e47,Studio Lovecchio s.r.o.,pro,SMB,true,,OPERATIONS,Maintenance block agent,true,"Jul 22, 2026, 2:19:44 PM","Jul 22, 2026, 8:39:01 PM",DONE,Failed No maintenance tasks were scanned; unable to process maintenance blocks.
67ed5031c8b52d834dcb8e47,Studio Lovecchio s.r.o.,pro,SMB,true,,OPERATIONS,Maintenance block agent,true,"Jul 22, 2026, 2:19:44 PM","Jul 22, 2026, 7:39:10 PM",DONE,Failed No maintenance tasks were scanned; unable to process maintenance blocks.
67ed5031c8b52d834dcb8e47,Studio Lovecchio s.r.o.,pro,SMB,true,,OPERATIONS,Maintenance block agent,true,"Jul 22, 2026, 2:19:44 PM","Jul 22, 2026, 6:39:17 PM",DONE,Failed No maintenance tasks were scanned; unable to process maintenance blocks.
67ed5031c8b52d834dcb8e47,Studio Lovecchio s.r.o.,pro,SMB,true,,OPERATIONS,Maintenance block agent,true,"Jul 22, 2026, 2:19:44 PM","Jul 22, 2026, 5:39:07 PM",DONE,Failed No maintenance tasks were scanned; unable to process maintenance blocks.
67ed5031c8b52d834dcb8e47,Studio Lovecchio s.r.o.,pro,SMB,true,,OPERATIONS,Maintenance block agent,true,"Jul 22, 2026, 2:19:44 PM","Jul 22, 2026, 4:39:11 PM",DONE,Failed No maintenance tasks were scanned; check for data availability.
67ed5031c8b52d834dcb8e47,Studio Lovecchio s.r.o.,pro,SMB,true,,OPERATIONS,Maintenance block agent,true,"Jul 22, 2026, 2:19:44 PM","Jul 22, 2026, 3:39:17 PM",DONE,Failed No maintenance tasks were scanned.
67ed5031c8b52d834dcb8e47,Studio Lovecchio s.r.o.,pro,SMB,true,,COMMUNICATIONS,Review response master,true,"Jul 22, 2026, 2:20:15 PM","Jul 22, 2026, 10:39:12 PM",DONE,Done: No reviews scanned
67ed5031c8b52d834dcb8e47,Studio Lovecchio s.r.o.,pro,SMB,true,,COMMUNICATIONS,Review response master,true,"Jul 22, 2026, 2:20:15 PM","Jul 22, 2026, 6:39:09 PM",FAILED,Agent execution failed
6022d42230650c0031bc91c1,ULIV,enterprise,Enterprise,true,,OPERATIONS,Calendar block monitor,true,"Jul 22, 2026, 2:20:16 PM","Jul 22, 2026, 2:20:53 PM",DONE,"Scanned 1 block event, no issues found."
67ed5031c8b52d834dcb8e47,Studio Lovecchio s.r.o.,pro,SMB,true,,OPERATIONS,Risky reservation detector,true,"Jul 22, 2026, 2:20:39 PM","Jul 22, 2026, 10:39:13 PM",DONE,"Scored 2 reservations; all scored Low or Medium, no action needed."
650c88e747b48b04df2869ed,Book Our Place,pro,Enterprise,true,,OPERATIONS,Daily task coverage board,true,"Jul 22, 2026, 2:20:41 PM","Jul 22, 2026, 11:35:04 PM",DONE,Done **Coverage complete for next 48 hours**: no gaps in task assignment.
650c88e747b48b04df2869ed,Book Our Place,pro,Enterprise,true,,OPERATIONS,Daily task coverage board,true,"Jul 22, 2026, 2:20:41 PM","Jul 22, 2026, 3:39:06 PM",DONE,Done **Coverage complete**: all tasks within 48 hours are scheduled and accepted.
650c88e747b48b04df2869ed,Book Our Place,pro,Enterprise,true,,OPERATIONS,Commitment keeper,true,"Jul 22, 2026, 2:21:21 PM","Jul 22, 2026, 3:39:51 PM",DONE,"Scanned 126 reservations; 7 have open commitments, 5 notes posted and 2 could not be posted."
650c88e747b48b04df2869ed,Book Our Place,pro,Enterprise,true,,OPERATIONS,Calendar conflict detector,true,"Jul 22, 2026, 2:22:24 PM","Jul 22, 2026, 11:39:12 PM",DONE,"Scanned 1 listing, no double booking conflicts detected."
650c88e747b48b04df2869ed,Book Our Place,pro,Enterprise,true,,OPERATIONS,Calendar conflict detector,true,"Jul 22, 2026, 2:22:24 PM","Jul 22, 2026, 7:39:10 PM",DONE,Scanned 5 listings on 2026-07-22. No double bookings detected.
650c88e747b48b04df2869ed,Book Our Place,pro,Enterprise,true,,OPERATIONS,Calendar conflict detector,true,"Jul 22, 2026, 2:22:24 PM","Jul 22, 2026, 3:39:17 PM",FAILED,Agent execution failed
697d0e1c663b9035ac4ca73c,Brightwater Residences,pro,Mid-Market,true,,OPERATIONS,Calendar conflict detector,true,"Jul 22, 2026, 2:22:34 PM","Jul 23, 2026, 12:39:12 AM",DONE,Double booking scan completed with zero listings checked.
697d0e1c663b9035ac4ca73c,Brightwater Residences,pro,Mid-Market,true,,OPERATIONS,Calendar conflict detector,true,"Jul 22, 2026, 2:22:34 PM","Jul 22, 2026, 8:39:00 PM",DONE,No double bookings detected across scanned listings.
697d0e1c663b9035ac4ca73c,Brightwater Residences,pro,Mid-Market,true,,OPERATIONS,Calendar conflict detector,true,"Jul 22, 2026, 2:22:34 PM","Jul 22, 2026, 4:39:18 PM",DONE,"Scanned 2 listings, found no double booking conflicts."
650c88e747b48b04df2869ed,Book Our Place,pro,Enterprise,true,,ACCOUNTING,Advance deposit checker,true,"Jul 22, 2026, 2:23:53 PM","Jul 22, 2026, 11:35:11 PM",DONE,Action needed 15 reservations with outstanding advanced deposits: 72 scanned this period.
66eaf97726dd45c415d4bb2a,VANDERGOTEN REAL ESTATE SL,pro,SMB,true,,OPERATIONS,Calendar conflict detector,true,"Jul 22, 2026, 2:23:59 PM","Jul 22, 2026, 10:38:52 PM",DONE,No double bookings detected across scanned listings.
66eaf97726dd45c415d4bb2a,VANDERGOTEN REAL ESTATE SL,pro,SMB,true,,OPERATIONS,Calendar conflict detector,true,"Jul 22, 2026, 2:23:59 PM","Jul 22, 2026, 6:38:55 PM",DONE,Double-booking resolver scan completed with no conflicts found.
6a4282e451a9cc0a45fe284d,Jose Miguel Chavarria Mugica,pro,Mid-Market,false,,OPERATIONS,Check-in readiness,true,"Jul 22, 2026, 2:24:06 PM","Jul 22, 2026, 4:39:29 PM",DONE,Reviewed 2 reservations checking in within the next 24 hours; 2 need attention.
697d0e1c663b9035ac4ca73c,Brightwater Residences,pro,Mid-Market,true,,COMMUNICATIONS,Review response master,true,"Jul 22, 2026, 2:24:18 PM","Jul 23, 2026, 12:39:12 AM",DONE,Done: No reviews scanned in this run.
697d0e1c663b9035ac4ca73c,Brightwater Residences,pro,Mid-Market,true,,COMMUNICATIONS,Review response master,true,"Jul 22, 2026, 2:24:18 PM","Jul 22, 2026, 8:39:13 PM",FAILED,Agent execution failed
697d0e1c663b9035ac4ca73c,Brightwater Residences,pro,Mid-Market,true,,COMMUNICATIONS,Review response master,true,"Jul 22, 2026, 2:24:18 PM","Jul 22, 2026, 4:39:04 PM",FAILED,Agent execution failed
66eaf97726dd45c415d4bb2a,VANDERGOTEN REAL ESTATE SL,pro,SMB,true,,OPERATIONS,Inquiry expiry manager,true,"Jul 22, 2026, 2:24:19 PM","Jul 22, 2026, 10:39:14 PM",DONE,"Scanned 0 inquiries, no action required."
66eaf97726dd45c415d4bb2a,VANDERGOTEN REAL ESTATE SL,pro,SMB,true,,OPERATIONS,Inquiry expiry manager,true,"Jul 22, 2026, 2:24:19 PM","Jul 22, 2026, 6:39:23 PM",DONE,"Scanned 0 inquiries, no action taken."
697d0e1c663b9035ac4ca73c,Brightwater Residences,pro,Mid-Market,true,,OPERATIONS,Risky reservation detector,true,"Jul 22, 2026, 2:24:38 PM","Jul 22, 2026, 4:39:21 PM",FAILED,Agent execution failed
697d0e1c663b9035ac4ca73c,Brightwater Residences,pro,Mid-Market,true,,OPERATIONS,Check-in readiness,true,"Jul 22, 2026, 2:25:06 PM","Jul 22, 2026, 10:39:05 PM",FAILED,Agent execution failed
68b99af38478fbf609aac925,Natig Sh,pro,SMB,false,,OPERATIONS,Calendar conflict detector,true,"Jul 22, 2026, 2:30:14 PM","Jul 23, 2026, 12:39:18 AM",DONE,No double bookings detected in today's scan.
68b99af38478fbf609aac925,Natig Sh,pro,SMB,false,,OPERATIONS,Calendar conflict detector,true,"Jul 22, 2026, 2:30:14 PM","Jul 22, 2026, 8:39:10 PM",DONE,One listing checked; no double bookings found.
68b99af38478fbf609aac925,Natig Sh,pro,SMB,false,,OPERATIONS,Calendar conflict detector,true,"Jul 22, 2026, 2:30:14 PM","Jul 22, 2026, 4:38:57 PM",DONE,Scan completed with no listings checked and no conflicts found.
65d5bbc248d51cec4f27c6bc,Double kaylee,pro,SMB,true,,OPERATIONS,Risky reservation detector,true,"Jul 22, 2026, 2:31:53 PM","Jul 22, 2026, 9:40:00 PM",DONE,"Scored 15 reservations; all scored Low or Medium, no action needed."
67fea5eb259cbcdbc6e8c4ec,Whistler Platinum,pro,SME,true,,ACCOUNTING,Advance deposit checker,true,"Jul 22, 2026, 2:31:54 PM","Jul 22, 2026, 2:33:17 PM",DONE,Action needed **14 reservations with outstanding advanced deposits**: 51 scanned this period.
68b99af38478fbf609aac925,Natig Sh,pro,SMB,false,,OPERATIONS,Inquiry expiry manager,true,"Jul 22, 2026, 2:32:01 PM","Jul 23, 2026, 12:39:03 AM",FAILED,Agent execution failed
68b99af38478fbf609aac925,Natig Sh,pro,SMB,false,,OPERATIONS,Inquiry expiry manager,true,"Jul 22, 2026, 2:32:01 PM","Jul 22, 2026, 8:39:11 PM",DONE,"Scanned 0 inquiries, no action needed."
68b99af38478fbf609aac925,Natig Sh,pro,SMB,false,,OPERATIONS,Inquiry expiry manager,true,"Jul 22, 2026, 2:32:01 PM","Jul 22, 2026, 4:39:08 PM",DONE,"Scanned 0 inquiries, no action required."
65d5bbc248d51cec4f27c6bc,Double kaylee,pro,SMB,true,,COMMUNICATIONS,Review response master,true,"Jul 22, 2026, 2:32:03 PM","Jul 22, 2026, 9:38:56 PM",DONE,Done: No reviews scanned in this run.
65d5bbc248d51cec4f27c6bc,Double kaylee,pro,SMB,true,,COMMUNICATIONS,Review response master,true,"Jul 22, 2026, 2:32:03 PM","Jul 22, 2026, 5:39:15 PM",FAILED,Agent execution failed
66639bcf7e5a5aa7f2054d6f,HG - San Diego Short Term Rental Management,pro,Enterprise,true,hq_child,OPERATIONS,Calendar conflict detector,true,"Jul 22, 2026, 2:32:33 PM","Jul 22, 2026, 11:39:31 PM",DONE,"Scanned 2 listings, no double bookings detected."
66639bcf7e5a5aa7f2054d6f,HG - San Diego Short Term Rental Management,pro,Enterprise,true,hq_child,OPERATIONS,Calendar conflict detector,true,"Jul 22, 2026, 2:32:33 PM","Jul 22, 2026, 7:39:02 PM",DONE,Scanned 1 listing; no double bookings detected.
66639bcf7e5a5aa7f2054d6f,HG - San Diego Short Term Rental Management,pro,Enterprise,true,hq_child,OPERATIONS,Calendar conflict detector,true,"Jul 22, 2026, 2:32:33 PM","Jul 22, 2026, 3:39:06 PM",DONE,Scanned 2 listings; no double bookings detected.
65d5bbc248d51cec4f27c6bc,Double kaylee,pro,SMB,true,,OPERATIONS,Check-in readiness,true,"Jul 22, 2026, 2:32:59 PM","Jul 22, 2026, 3:39:17 PM",DONE,Reviewed 8 reservations checking in within the next 24 hours; all 8 need attention.
66639bcf7e5a5aa7f2054d6f,HG - San Diego Short Term Rental Management,pro,Enterprise,true,hq_child,OPERATIONS,Inquiry expiry manager,true,"Jul 22, 2026, 2:33:13 PM","Jul 22, 2026, 11:39:12 PM",DONE,No inquiries were scanned in this sweep.
66639bcf7e5a5aa7f2054d6f,HG - San Diego Short Term Rental Management,pro,Enterprise,true,hq_child,OPERATIONS,Inquiry expiry manager,true,"Jul 22, 2026, 2:33:13 PM","Jul 22, 2026, 7:39:00 PM",DONE,"Scanned 0 inquiries, no action needed."
66639bcf7e5a5aa7f2054d6f,HG - San Diego Short Term Rental Management,pro,Enterprise,true,hq_child,OPERATIONS,Inquiry expiry manager,true,"Jul 22, 2026, 2:33:13 PM","Jul 22, 2026, 3:39:10 PM",FAILED,Agent execution failed
66639bcf7e5a5aa7f2054d6f,HG - San Diego Short Term Rental Management,pro,Enterprise,true,hq_child,COMMUNICATIONS,Negative review challenger,true,"Jul 22, 2026, 2:33:24 PM","Jul 22, 2026, 4:39:18 PM",DONE,No eligible bad reviews in the last 24 hours; nothing to review.
68b99af38478fbf609aac925,Natig Sh,pro,SMB,false,,COMMUNICATIONS,Review response master,true,"Jul 22, 2026, 2:33:49 PM","Jul 23, 2026, 12:39:07 AM",DONE,Done: No reviews scanned in this run.
68b99af38478fbf609aac925,Natig Sh,pro,SMB,false,,COMMUNICATIONS,Review response master,true,"Jul 22, 2026, 2:33:49 PM","Jul 22, 2026, 8:39:05 PM",FAILED,Agent execution failed
68b99af38478fbf609aac925,Natig Sh,pro,SMB,false,,COMMUNICATIONS,Review response master,true,"Jul 22, 2026, 2:33:49 PM","Jul 22, 2026, 4:39:07 PM",FAILED,Agent execution failed
66639bcf7e5a5aa7f2054d6f,HG - San Diego Short Term Rental Management,pro,Enterprise,true,hq_child,COMMUNICATIONS,Review response master,true,"Jul 22, 2026, 2:33:58 PM","Jul 22, 2026, 11:39:00 PM",DONE,Done: No reviews scanned in this run.
66639bcf7e5a5aa7f2054d6f,HG - San Diego Short Term Rental Management,pro,Enterprise,true,hq_child,COMMUNICATIONS,Review response master,true,"Jul 22, 2026, 2:33:58 PM","Jul 22, 2026, 7:39:15 PM",FAILED,Agent execution failed
66639bcf7e5a5aa7f2054d6f,HG - San Diego Short Term Rental Management,pro,Enterprise,true,hq_child,COMMUNICATIONS,Review response master,true,"Jul 22, 2026, 2:33:58 PM","Jul 22, 2026, 3:39:07 PM",FAILED,Agent execution failed
66639bcf7e5a5aa7f2054d6f,HG - San Diego Short Term Rental Management,pro,Enterprise,true,hq_child,OPERATIONS,Review to task dispatcher,true,"Jul 22, 2026, 2:34:06 PM","Jul 22, 2026, 4:39:24 PM",DONE,No bad reviews in the last 24 hours; no maintenance action needed.
68b99af38478fbf609aac925,Natig Sh,pro,SMB,false,,OPERATIONS,Risky reservation detector,true,"Jul 22, 2026, 2:34:11 PM","Jul 22, 2026, 8:38:54 PM",DONE,"Scored 1 reservation; all scored Low or Medium, no action needed."
66639bcf7e5a5aa7f2054d6f,HG - San Diego Short Term Rental Management,pro,Enterprise,true,hq_child,OPERATIONS,Risky reservation detector,true,"Jul 22, 2026, 2:34:11 PM","Jul 22, 2026, 7:39:02 PM",FAILED,Agent execution failed
68b99af38478fbf609aac925,Natig Sh,pro,SMB,false,,OPERATIONS,Stay status reconciler,true,"Jul 22, 2026, 2:34:44 PM","Jul 22, 2026, 4:39:12 PM",DONE,No in-stay reservations found to scan or correct.
664769def167a0bb227081e1,Bayside Corp S.L,pro,Mid-Market,true,,COMMUNICATIONS,Review response master,true,"Jul 22, 2026, 2:35:40 PM","Jul 22, 2026, 11:39:06 PM",FAILED,Agent execution failed
664769def167a0bb227081e1,Bayside Corp S.L,pro,Mid-Market,true,,COMMUNICATIONS,Review response master,true,"Jul 22, 2026, 2:35:40 PM","Jul 22, 2026, 7:39:02 PM",FAILED,Agent execution failed
664769def167a0bb227081e1,Bayside Corp S.L,pro,Mid-Market,true,,COMMUNICATIONS,Review response master,true,"Jul 22, 2026, 2:35:40 PM","Jul 22, 2026, 3:39:24 PM",FAILED,Agent execution failed
664769def167a0bb227081e1,Bayside Corp S.L,pro,Mid-Market,true,,OPERATIONS,Calendar conflict detector,true,"Jul 22, 2026, 2:36:05 PM","Jul 22, 2026, 11:39:10 PM",DONE,No double bookings detected during scan.
664769def167a0bb227081e1,Bayside Corp S.L,pro,Mid-Market,true,,OPERATIONS,Calendar conflict detector,true,"Jul 22, 2026, 2:36:05 PM","Jul 22, 2026, 7:39:13 PM",DONE,No double bookings detected across scanned listings.
664769def167a0bb227081e1,Bayside Corp S.L,pro,Mid-Market,true,,OPERATIONS,Calendar conflict detector,true,"Jul 22, 2026, 2:36:05 PM","Jul 22, 2026, 3:39:13 PM",DONE,No double bookings detected in scan.
664769def167a0bb227081e1,Bayside Corp S.L,pro,Mid-Market,true,,OPERATIONS,Check-in readiness,true,"Jul 22, 2026, 2:36:10 PM","Jul 22, 2026, 5:39:27 PM",DONE,Today's check-in readiness run could not be completed; review any imminent check-ins manually.
664769def167a0bb227081e1,Bayside Corp S.L,pro,Mid-Market,true,,OPERATIONS,Inquiry expiry manager,true,"Jul 22, 2026, 2:36:35 PM","Jul 22, 2026, 11:39:10 PM",DONE,"Scanned 0 inquiries, no action needed."
664769def167a0bb227081e1,Bayside Corp S.L,pro,Mid-Market,true,,OPERATIONS,Inquiry expiry manager,true,"Jul 22, 2026, 2:36:35 PM","Jul 22, 2026, 7:39:02 PM",DONE,"Scanned 0 inquiries, no action required."
664769def167a0bb227081e1,Bayside Corp S.L,pro,Mid-Market,true,,OPERATIONS,Inquiry expiry manager,true,"Jul 22, 2026, 2:36:35 PM","Jul 22, 2026, 3:39:19 PM",DONE,"Scanned 0 inquiries, no action needed."
664769def167a0bb227081e1,Bayside Corp S.L,pro,Mid-Market,true,,OPERATIONS,Maintenance block agent,true,"Jul 22, 2026, 2:36:47 PM","Jul 22, 2026, 9:38:58 PM",DONE,Failed No maintenance tasks scanned; unable to process maintenance blocks.
664769def167a0bb227081e1,Bayside Corp S.L,pro,Mid-Market,true,,OPERATIONS,Maintenance block agent,true,"Jul 22, 2026, 2:36:47 PM","Jul 22, 2026, 8:38:53 PM",DONE,Failed No maintenance tasks were scanned; workflow did not execute.
664769def167a0bb227081e1,Bayside Corp S.L,pro,Mid-Market,true,,OPERATIONS,Maintenance block agent,true,"Jul 22, 2026, 2:36:47 PM","Jul 22, 2026, 7:38:52 PM",DONE,Failed No maintenance tasks were scanned; unable to process maintenance blocks.
664769def167a0bb227081e1,Bayside Corp S.L,pro,Mid-Market,true,,OPERATIONS,Maintenance block agent,true,"Jul 22, 2026, 2:36:47 PM","Jul 22, 2026, 6:38:55 PM",DONE,Failed No maintenance tasks were scanned.
664769def167a0bb227081e1,Bayside Corp S.L,pro,Mid-Market,true,,OPERATIONS,Maintenance block agent,true,"Jul 22, 2026, 2:36:47 PM","Jul 22, 2026, 5:39:06 PM",DONE,Failed No maintenance tasks were scanned; workflow may have encountered an issue.
664769def167a0bb227081e1,Bayside Corp S.L,pro,Mid-Market,true,,OPERATIONS,Maintenance block agent,true,"Jul 22, 2026, 2:36:47 PM","Jul 22, 2026, 4:39:09 PM",DONE,Failed No maintenance tasks were scanned; check system connectivity.
664769def167a0bb227081e1,Bayside Corp S.L,pro,Mid-Market,true,,OPERATIONS,Maintenance block agent,true,"Jul 22, 2026, 2:36:47 PM","Jul 22, 2026, 3:39:07 PM",DONE,Failed No maintenance tasks were scanned; unable to process.
664769def167a0bb227081e1,Bayside Corp S.L,pro,Mid-Market,true,,OPERATIONS,Risky reservation detector,true,"Jul 22, 2026, 2:37:12 PM","Jul 22, 2026, 11:39:03 PM",DONE,"Scored 3 reservations; all scored Low or Medium, no action needed."
664769def167a0bb227081e1,Bayside Corp S.L,pro,Mid-Market,true,,FINANCE,Security deposit extender,true,"Jul 22, 2026, 2:37:31 PM","Jul 22, 2026, 11:39:13 PM",DONE,0 security deposits re-held; no holds were due to expire today.
664769def167a0bb227081e1,Bayside Corp S.L,pro,Mid-Market,true,,OPERATIONS,Stay status reconciler,true,"Jul 22, 2026, 2:37:39 PM","Jul 22, 2026, 7:39:02 PM",DONE,"```
{
  ""short"": ""Corrected 5 stay statuses: set 2 to checked-out, marked 3 checked-in."",
  ""long"": ""Scanned 8 in-stay reservations. Changes applied: set 2 departed guests to checked-out, Samantha Far"
5e395e31cf61d0002930f9dc,Philip Saunders,pro,Mid-Market,true,,OPERATIONS,Calendar conflict detector,true,"Jul 22, 2026, 2:38:25 PM","Jul 22, 2026, 11:38:52 PM",DONE,No double bookings detected in today's scan.
5e395e31cf61d0002930f9dc,Philip Saunders,pro,Mid-Market,true,,OPERATIONS,Calendar conflict detector,true,"Jul 22, 2026, 2:38:25 PM","Jul 22, 2026, 7:38:52 PM",DONE,Double booking resolver scan completed with no conflicts detected.
5e395e31cf61d0002930f9dc,Philip Saunders,pro,Mid-Market,true,,OPERATIONS,Calendar conflict detector,true,"Jul 22, 2026, 2:38:25 PM","Jul 22, 2026, 3:38:56 PM",DONE,Double booking scan completed with no conflicts found.
5e395e31cf61d0002930f9dc,Philip Saunders,pro,Mid-Market,true,,OPERATIONS,Calendar conflict detector,true,"Jul 22, 2026, 2:38:25 PM","Jul 22, 2026, 2:38:42 PM",DONE,No double bookings detected across scanned listings.
60f6b27fde6465002d1eae2b,Tripas Coração,pro,Mid-Market,true,,OPERATIONS,Calendar conflict detector,true,"Jul 22, 2026, 2:39:33 PM","Jul 22, 2026, 11:39:10 PM",DONE,Scanned 2 listings; no double bookings detected.
60f6b27fde6465002d1eae2b,Tripas Coração,pro,Mid-Market,true,,OPERATIONS,Calendar conflict detector,true,"Jul 22, 2026, 2:39:33 PM","Jul 22, 2026, 7:39:02 PM",DONE,Scanned 1 listing; no double bookings detected.
60f6b27fde6465002d1eae2b,Tripas Coração,pro,Mid-Market,true,,OPERATIONS,Calendar conflict detector,true,"Jul 22, 2026, 2:39:33 PM","Jul 22, 2026, 3:38:56 PM",DONE,Scanned 1 listing; no double bookings detected.
60f6b27fde6465002d1eae2b,Tripas Coração,pro,Mid-Market,true,,OPERATIONS,Calendar conflict detector,true,"Jul 22, 2026, 2:39:33 PM","Jul 22, 2026, 3:02:37 PM",DONE,"Scanned 1 listing, no double booking conflicts detected."
60f6b27fde6465002d1eae2b,Tripas Coração,pro,Mid-Market,true,,OPERATIONS,Risky reservation detector,true,"Jul 22, 2026, 2:40:07 PM","Jul 22, 2026, 11:39:24 PM",DONE,"Scored 19 reservations; all scored Low or Medium, no action needed."
661fe51eb6f3872323b07ff5,Vesta Management LLC,pro,Mid-Market,true,,OPERATIONS,Risky reservation detector,true,"Jul 22, 2026, 2:46:28 PM","Jul 22, 2026, 5:39:17 PM",DONE,"Scored 1 reservation for (HMB9KH2ZWQ)[r1]; all scored Low or Medium, no action needed."
69f25adce330761c405c9409,Vida Pinilla,pro,Mid-Market,true,,OPERATIONS,Check-in readiness,true,"Jul 22, 2026, 2:46:30 PM","Jul 23, 2026, 12:39:03 AM",DONE,Today's check-in readiness run could not be completed; review any imminent check-ins manually.
6977681aea85becc03a1676e,Property Egg,pro,SMB,true,,OPERATIONS,Calendar conflict detector,true,"Jul 22, 2026, 2:46:56 PM","Jul 22, 2026, 11:39:12 PM",DONE,No double bookings detected in today's scan.
6977681aea85becc03a1676e,Property Egg,pro,SMB,true,,OPERATIONS,Calendar conflict detector,true,"Jul 22, 2026, 2:46:56 PM","Jul 22, 2026, 7:39:02 PM",DONE,One listing scanned; no double bookings detected.
6977681aea85becc03a1676e,Property Egg,pro,SMB,true,,OPERATIONS,Calendar conflict detector,true,"Jul 22, 2026, 2:46:56 PM","Jul 22, 2026, 3:38:56 PM",DONE,No double bookings detected in today's scan.
6977681aea85becc03a1676e,Property Egg,pro,SMB,true,,OPERATIONS,Calendar block monitor,true,"Jul 22, 2026, 2:47:24 PM","Jul 22, 2026, 2:55:12 PM",DONE,Flagged 56 calendar blocks needing review across 621 block events.
6977681aea85becc03a1676e,Property Egg,pro,SMB,true,,OPERATIONS,Stay status reconciler,true,"Jul 22, 2026, 2:49:54 PM","Jul 22, 2026, 7:39:23 PM",DONE,Marked all 6 arrived guests checked-in; no stale check-outs found.
6977681aea85becc03a1676e,Property Egg,pro,SMB,true,,COMMUNICATIONS,Review response master,true,"Jul 22, 2026, 2:50:56 PM","Jul 22, 2026, 11:38:53 PM",DONE,Done: No reviews scanned.
6977681aea85becc03a1676e,Property Egg,pro,SMB,true,,COMMUNICATIONS,Review response master,true,"Jul 22, 2026, 2:50:56 PM","Jul 22, 2026, 7:38:58 PM",FAILED,Agent execution failed
6977681aea85becc03a1676e,Property Egg,pro,SMB,true,,COMMUNICATIONS,Review response master,true,"Jul 22, 2026, 2:50:56 PM","Jul 22, 2026, 3:39:02 PM",FAILED,Agent execution failed
6931efc1a3d1a005adf060bd,Avari - AL,enterprise,Enterprise,true,hq_child,ACCOUNTING,Advance deposit checker,true,"Jul 22, 2026, 2:51:12 PM","Jul 22, 2026, 3:21:52 PM",FAILED,Agent execution timed out
63ecdfb9e2e88c002d5debf1,Nook and Key Escapes Limited,pro,Mid-Market,true,,FINANCE,Unpaid reservation tracker,true,"Jul 22, 2026, 2:52:24 PM","Jul 22, 2026, 2:53:47 PM",DONE,"Action needed 44 reservations flagged with $28,045.28 underpaid: Scanned 129 reservations; review before month-end close."
689c639c8fa2976c485f6d0c,Flat Manager,enterprise,Enterprise,true,,FINANCE,Unpaid reservation tracker,true,"Jul 22, 2026, 2:53:55 PM","Jul 22, 2026, 3:00:28 PM",FAILED,Agent run failed
67488d4c4205b64ae791d9fb,Juno Wong,pro,SMB,true,,COMMUNICATIONS,Negative review challenger,true,"Jul 22, 2026, 2:56:38 PM","Jul 23, 2026, 12:38:53 AM",DONE,No eligible bad reviews in the last 24 hours; nothing to review.
669fd4375db8ecdd6b7e2916,Angelo Sturzebecher,pro,SMB,true,,OPERATIONS,Calendar conflict detector,true,"Jul 22, 2026, 2:59:50 PM","Jul 23, 2026, 12:39:14 AM",DONE,No double bookings detected across all listings.
669fd4375db8ecdd6b7e2916,Angelo Sturzebecher,pro,SMB,true,,OPERATIONS,Calendar conflict detector,true,"Jul 22, 2026, 2:59:50 PM","Jul 22, 2026, 8:39:10 PM",DONE,No double bookings detected in today's scan.
669fd4375db8ecdd6b7e2916,Angelo Sturzebecher,pro,SMB,true,,OPERATIONS,Calendar conflict detector,true,"Jul 22, 2026, 2:59:50 PM","Jul 22, 2026, 4:39:33 PM",DONE,"Scanned 1 listing, no double bookings detected."
669fd4375db8ecdd6b7e2916,Angelo Sturzebecher,pro,SMB,true,,OPERATIONS,Check-in readiness,true,"Jul 22, 2026, 3:00:06 PM","Jul 22, 2026, 10:39:33 PM",DONE,Today's check-in readiness run could not be completed; review any imminent check-ins manually.
69bacacb0dbdf1eea85fc1ba,RE Management & Consulting S.r.l.,pro,SMB,true,,OPERATIONS,Calendar conflict detector,true,"Jul 22, 2026, 3:00:35 PM","Jul 22, 2026, 10:38:53 PM",DONE,No double bookings detected across scanned listings.
69bacacb0dbdf1eea85fc1ba,RE Management & Consulting S.r.l.,pro,SMB,true,,OPERATIONS,Calendar conflict detector,true,"Jul 22, 2026, 3:00:35 PM","Jul 22, 2026, 6:38:55 PM",DONE,No double bookings detected in scan.
669fd4375db8ecdd6b7e2916,Angelo Sturzebecher,pro,SMB,true,,OPERATIONS,Stay status reconciler,true,"Jul 22, 2026, 3:01:59 PM","Jul 23, 2026, 12:38:58 AM",DONE,Corrected 2 stale check-outs to checked-out; 6 reservations remained consistent.
60f6b27fde6465002d1eae2b,Tripas Coração,pro,Mid-Market,true,,OPERATIONS,Commitment keeper,true,"Jul 22, 2026, 3:02:43 PM","Jul 22, 2026, 3:04:04 PM",DONE,"```json
{
  ""short"": ""Scanned 125 reservations; 17 have open commitments, 13 notes posted and 4 could not be posted."",
  ""long"": ""Scanned 125 upcoming and in-stay reservations; 17 have promises to the"
60f6b27fde6465002d1eae2b,Tripas Coração,pro,Mid-Market,true,,OPERATIONS,Maintenance tracker,true,"Jul 22, 2026, 3:03:35 PM","Jul 22, 2026, 3:03:52 PM",DONE,Done **No maintenance tasks in the last 60 days**: 0 properties flagged.
686c3ac5a4bbacd7a82a4f7c,Christiano Property Management Ltd.,pro,SMB,true,,OPERATIONS,Inquiry expiry manager,true,"Jul 22, 2026, 3:04:23 PM","Jul 22, 2026, 10:38:53 PM",DONE,"Scanned 1 inquiry, none required action."
686c3ac5a4bbacd7a82a4f7c,Christiano Property Management Ltd.,pro,SMB,true,,OPERATIONS,Inquiry expiry manager,true,"Jul 22, 2026, 3:04:23 PM","Jul 22, 2026, 6:38:55 PM",DONE,"Scanned 1 inquiry, none required action."
67183cc0fb727774adaece30,Vanage Vacation Homes,pro,Mid-Market,true,,OPERATIONS,Calendar conflict detector,true,"Jul 22, 2026, 3:06:30 PM","Jul 23, 2026, 12:39:16 AM",DONE,Scanned 1 listing. No double bookings detected.
67183cc0fb727774adaece30,Vanage Vacation Homes,pro,Mid-Market,true,,OPERATIONS,Calendar conflict detector,true,"Jul 22, 2026, 3:06:30 PM","Jul 22, 2026, 8:39:10 PM",DONE,One listing scanned. No double booking conflicts found.
67183cc0fb727774adaece30,Vanage Vacation Homes,pro,Mid-Market,true,,OPERATIONS,Calendar conflict detector,true,"Jul 22, 2026, 3:06:30 PM","Jul 22, 2026, 4:39:19 PM",DONE,Double booking check completed with no conflicts found.
694012cfb144f2e7b105ce0b,BNBHOST,pro,SMB,true,,OPERATIONS,Risky reservation detector,true,"Jul 22, 2026, 3:09:04 PM","Jul 22, 2026, 10:39:23 PM",DONE,"Scored 8 reservations; all scored Low or Medium, no action needed."
6794370f08ad1c127b6c48a9,Duvoire,pro,Mid-Market,true,,OPERATIONS,Inquiry expiry manager,true,"Jul 22, 2026, 3:13:35 PM","Jul 22, 2026, 11:39:10 PM",DONE,"Scanned 0 inquiries, none required action."
6794370f08ad1c127b6c48a9,Duvoire,pro,Mid-Market,true,,OPERATIONS,Inquiry expiry manager,true,"Jul 22, 2026, 3:13:35 PM","Jul 22, 2026, 7:38:53 PM",DONE,"Scanned 0 inquiries, none required action."
6794370f08ad1c127b6c48a9,Duvoire,pro,Mid-Market,true,,COMMUNICATIONS,Negative review challenger,true,"Jul 22, 2026, 3:15:03 PM","Jul 22, 2026, 4:39:10 PM",FAILED,Agent execution failed
686c3ac5a4bbacd7a82a4f7c,Christiano Property Management Ltd.,pro,SMB,true,,FINANCE,Tax Configuration Audit,true,"Jul 22, 2026, 3:15:10 PM","Jul 22, 2026, 3:15:47 PM",DONE,Action needed **2 cities have tax setup differences**: 27 properties scanned; review configurations.
69440817b8b21ff79ffcdc03,Mamazul Rentals,pro,SMB,true,,COMMUNICATIONS,Review response master,true,"Jul 22, 2026, 3:16:52 PM","Jul 22, 2026, 9:39:17 PM",DONE,Done No reviews scanned in this run.
69440817b8b21ff79ffcdc03,Mamazul Rentals,pro,SMB,true,,COMMUNICATIONS,Review response master,true,"Jul 22, 2026, 3:16:52 PM","Jul 22, 2026, 5:39:08 PM",FAILED,Agent execution failed
6794370f08ad1c127b6c48a9,Duvoire,pro,Mid-Market,true,,OPERATIONS,Review to task dispatcher,true,"Jul 22, 2026, 3:17:03 PM","Jul 22, 2026, 4:39:11 PM",FAILED,Agent execution failed
61035f9787681700322bf9a3,Rocky Point Beach Rentals.com,pro,Mid-Market,true,,OPERATIONS,Daily task coverage board,true,"Jul 22, 2026, 3:18:06 PM","Jul 22, 2026, 3:18:49 PM",DONE,Done **Coverage board for next 48 hours**: no tasks in window.
69dea2319340ba4cbda1362b,Engel & Völkers San Miguel,pro,Mid-Market,true,,OPERATIONS,Check-in readiness,true,"Jul 22, 2026, 3:20:29 PM","Jul 23, 2026, 12:39:35 AM",FAILED,Agent run failed
6a03ac1a24db941f82ec01db,Vacation Rental Assistance,pro,Mid-Market,true,,COMMUNICATIONS,Review response master,true,"Jul 22, 2026, 3:24:09 PM","Jul 22, 2026, 11:39:10 PM",DONE,Done 1 reply posted automatically on Airbnb 5-star review.
6a03ac1a24db941f82ec01db,Vacation Rental Assistance,pro,Mid-Market,true,,COMMUNICATIONS,Review response master,true,"Jul 22, 2026, 3:24:09 PM","Jul 22, 2026, 7:39:01 PM",FAILED,Agent execution failed
6a03ac1a24db941f82ec01db,Vacation Rental Assistance,pro,Mid-Market,true,,FINANCE,Tax Configuration Audit,true,"Jul 22, 2026, 3:25:03 PM","Jul 22, 2026, 3:25:32 PM",DONE,Action needed **2 cities have tax setup differences**: 50 properties scanned; 14 outliers require review.
67896fe61e8afb8c9a78c05d,Marshe Properties Limited,pro,SMB,true,,OPERATIONS,Calendar conflict detector,true,"Jul 22, 2026, 3:25:47 PM","Jul 22, 2026, 11:39:08 PM",DONE,Double booking scan completed with no conflicts detected.
67896fe61e8afb8c9a78c05d,Marshe Properties Limited,pro,SMB,true,,OPERATIONS,Calendar conflict detector,true,"Jul 22, 2026, 3:25:47 PM","Jul 22, 2026, 7:39:10 PM",DONE,Scanned 1 listing; no double bookings detected.
68892383a14c863e5df1291c,CarefreeNb Hosting,pro,Mid-Market,true,,OPERATIONS,Calendar conflict detector,true,"Jul 22, 2026, 3:26:39 PM","Jul 23, 2026, 12:39:08 AM",FAILED,Agent execution failed
68892383a14c863e5df1291c,CarefreeNb Hosting,pro,Mid-Market,true,,OPERATIONS,Calendar conflict detector,true,"Jul 22, 2026, 3:26:39 PM","Jul 22, 2026, 8:39:18 PM",DONE,Scanned 1 listing. No double booking conflicts detected.
68892383a14c863e5df1291c,CarefreeNb Hosting,pro,Mid-Market,true,,OPERATIONS,Calendar conflict detector,true,"Jul 22, 2026, 3:26:39 PM","Jul 22, 2026, 4:39:18 PM",DONE,"Scanned 3 listings, no double booking conflicts detected."
68892383a14c863e5df1291c,CarefreeNb Hosting,pro,Mid-Market,true,,OPERATIONS,Check-in readiness,false,"Jul 22, 2026, 3:26:55 PM","Jul 22, 2026, 10:39:43 PM",DONE,Reviewed 8 reservations checking in within the next 24 hours; all 8 need attention.
68892383a14c863e5df1291c,CarefreeNb Hosting,pro,Mid-Market,true,,OPERATIONS,Inquiry expiry manager,true,"Jul 22, 2026, 3:27:48 PM","Jul 23, 2026, 12:39:00 AM",DONE,"Scanned 0 inquiries, no action taken."
68892383a14c863e5df1291c,CarefreeNb Hosting,pro,Mid-Market,true,,OPERATIONS,Inquiry expiry manager,true,"Jul 22, 2026, 3:27:48 PM","Jul 22, 2026, 8:39:00 PM",DONE,"Scanned 0 inquiries, nothing to process."
68892383a14c863e5df1291c,CarefreeNb Hosting,pro,Mid-Market,true,,OPERATIONS,Inquiry expiry manager,true,"Jul 22, 2026, 3:27:48 PM","Jul 22, 2026, 4:39:31 PM",FAILED,Agent execution failed
68892383a14c863e5df1291c,CarefreeNb Hosting,pro,Mid-Market,true,,COMMUNICATIONS,Review response master,true,"Jul 22, 2026, 3:29:11 PM","Jul 23, 2026, 12:39:14 AM",DONE,Done No reviews to process: 0 scanned.
68892383a14c863e5df1291c,CarefreeNb Hosting,pro,Mid-Market,true,,COMMUNICATIONS,Review response master,true,"Jul 22, 2026, 3:29:11 PM","Jul 22, 2026, 8:39:01 PM",FAILED,Agent execution failed
68892383a14c863e5df1291c,CarefreeNb Hosting,pro,Mid-Market,true,,COMMUNICATIONS,Review response master,true,"Jul 22, 2026, 3:29:11 PM","Jul 22, 2026, 4:39:11 PM",FAILED,Agent execution failed
652d7bd2f05bc9a6ebc6a507,Getaway Haus,pro,Mid-Market,true,,COMMUNICATIONS,Review response master,true,"Jul 22, 2026, 3:29:21 PM","Jul 22, 2026, 9:39:19 PM",DONE,Done: No reviews scanned in this run.
652d7bd2f05bc9a6ebc6a507,Getaway Haus,pro,Mid-Market,true,,COMMUNICATIONS,Review response master,true,"Jul 22, 2026, 3:29:21 PM","Jul 22, 2026, 5:39:16 PM",FAILED,Agent execution failed
68892383a14c863e5df1291c,CarefreeNb Hosting,pro,Mid-Market,true,,OPERATIONS,Risky reservation detector,true,"Jul 22, 2026, 3:29:29 PM","Jul 22, 2026, 4:40:36 PM",DONE,"Scored 25 reservations; 3 flagged as High or Critical risk, Administration tasks created."
68892383a14c863e5df1291c,CarefreeNb Hosting,pro,Mid-Market,true,,OPERATIONS,Stay status reconciler,true,"Jul 22, 2026, 3:29:44 PM","Jul 23, 2026, 12:39:32 AM",DONE,"Corrected 11 stay statuses: set 4 to checked-out, marked 7 checked-in."
652d7bd2f05bc9a6ebc6a507,Getaway Haus,pro,Mid-Market,true,,OPERATIONS,Calendar conflict detector,true,"Jul 22, 2026, 3:30:41 PM","Jul 22, 2026, 9:39:04 PM",DONE,"Scanned 1 listing, no double bookings found."
652d7bd2f05bc9a6ebc6a507,Getaway Haus,pro,Mid-Market,true,,OPERATIONS,Calendar conflict detector,true,"Jul 22, 2026, 3:30:41 PM","Jul 22, 2026, 5:39:25 PM",DONE,1 listing scanned; no double bookings detected.
652d7bd2f05bc9a6ebc6a507,Getaway Haus,pro,Mid-Market,true,,OPERATIONS,Check-in readiness,true,"Jul 22, 2026, 3:30:46 PM","Jul 22, 2026, 11:39:21 PM",DONE,Reviewed 1 reservation checking in within the next 24 hours; 1 needs attention.
69ed6148e6a377973f278fed,Heritage Collection VR LLC,pro,SMB,true,,OPERATIONS,Check-in readiness,true,"Jul 22, 2026, 3:33:02 PM","Jul 22, 2026, 6:38:55 PM",DONE,Today's check-in readiness run could not be completed; review any imminent check-ins manually.
69ed6148e6a377973f278fed,Heritage Collection VR LLC,pro,SMB,true,,OPERATIONS,Risky reservation detector,true,"Jul 22, 2026, 3:33:57 PM","Jul 23, 2026, 12:39:36 AM",DONE,"Scored 10 reservations; 4 flagged as High risk, Administration tasks created."
69d91a11888d4187f93c6535,U-CO,pro,Mid-Market,true,,OPERATIONS,Inquiry expiry manager,true,"Jul 22, 2026, 3:34:58 PM","Jul 22, 2026, 10:39:12 PM",FAILED,Agent execution failed
69d91a11888d4187f93c6535,U-CO,pro,Mid-Market,true,,OPERATIONS,Inquiry expiry manager,true,"Jul 22, 2026, 3:34:58 PM","Jul 22, 2026, 6:38:55 PM",DONE,"Scanned 0 inquiries, none required action."
69d91a11888d4187f93c6535,U-CO,pro,Mid-Market,true,,OPERATIONS,Check-in readiness,true,"Jul 22, 2026, 3:35:08 PM","Jul 23, 2026, 12:39:22 AM",DONE,Today's check-in readiness run could not be completed; review any imminent check-ins manually.
675c1d9c116364e5fd4c78ca,Incoming Verona srl,pro,Mid-Market,true,,OPERATIONS,Calendar block monitor,true,"Jul 22, 2026, 3:35:10 PM","Jul 22, 2026, 4:08:28 PM",DONE,Flagged 1543 calendar blocks needing review across 2912 block events.
666c42cd1269c78e4944ab0e,1804 Villas & Suites,pro,SMB,true,,FINANCE,Security deposit extender,true,"Jul 22, 2026, 3:35:16 PM","Jul 22, 2026, 10:39:04 PM",DONE,0 security deposits re-held; no holds were due to expire today.
69d91a11888d4187f93c6535,U-CO,pro,Mid-Market,true,,OPERATIONS,Risky reservation detector,true,"Jul 22, 2026, 3:35:21 PM","Jul 22, 2026, 6:40:07 PM",DONE,"Scored 20 reservations; all scored Low or Medium, no action needed."
666c42cd1269c78e4944ab0e,1804 Villas & Suites,pro,SMB,true,,OPERATIONS,Risky reservation detector,true,"Jul 22, 2026, 3:35:25 PM","Jul 22, 2026, 10:39:23 PM",DONE,"Scored 2 reservations; 1 flagged as High risk, Administration task created."
6a03ac1a24db941f82ec01db,Vacation Rental Assistance,pro,Mid-Market,true,,OPERATIONS,Inquiry expiry manager,true,"Jul 22, 2026, 3:35:35 PM","Jul 22, 2026, 11:39:22 PM",DONE,"Scanned 0 inquiries, no action taken."
6a03ac1a24db941f82ec01db,Vacation Rental Assistance,pro,Mid-Market,true,,OPERATIONS,Inquiry expiry manager,true,"Jul 22, 2026, 3:35:35 PM","Jul 22, 2026, 7:39:10 PM",DONE,Sweep completed with no inquiries to process.
666c42cd1269c78e4944ab0e,1804 Villas & Suites,pro,SMB,true,,OPERATIONS,Inquiry expiry manager,true,"Jul 22, 2026, 3:35:41 PM","Jul 22, 2026, 10:39:01 PM",DONE,Sweep completed with no inquiries to process.
666c42cd1269c78e4944ab0e,1804 Villas & Suites,pro,SMB,true,,OPERATIONS,Inquiry expiry manager,true,"Jul 22, 2026, 3:35:41 PM","Jul 22, 2026, 6:39:05 PM",DONE,"Scanned 0 inquiries, no action required."
69d91a11888d4187f93c6535,U-CO,pro,Mid-Market,true,,COMMUNICATIONS,Review response master,true,"Jul 22, 2026, 3:36:29 PM","Jul 22, 2026, 10:38:52 PM",DONE,Failed: No reviews scanned or processing incomplete.
69d91a11888d4187f93c6535,U-CO,pro,Mid-Market,true,,COMMUNICATIONS,Review response master,true,"Jul 22, 2026, 3:36:29 PM","Jul 22, 2026, 6:38:54 PM",FAILED,Agent execution failed
6a03ac1a24db941f82ec01db,Vacation Rental Assistance,pro,Mid-Market,true,,OPERATIONS,Review to task dispatcher,true,"Jul 22, 2026, 3:36:45 PM","Jul 22, 2026, 4:39:15 PM",DONE,No bad reviews in the last 24 hours; no maintenance action needed.
66018b62c9d2b0a68e714a4d,GrandStay,pro,Mid-Market,true,,COMMUNICATIONS,Review response master,true,"Jul 22, 2026, 3:37:34 PM","Jul 22, 2026, 9:38:56 PM",DONE,Failed: No reviews scanned; check workflow input and data source.
66018b62c9d2b0a68e714a4d,GrandStay,pro,Mid-Market,true,,COMMUNICATIONS,Review response master,true,"Jul 22, 2026, 3:37:34 PM","Jul 22, 2026, 5:39:10 PM",FAILED,Agent execution failed
6a03ac1a24db941f82ec01db,Vacation Rental Assistance,pro,Mid-Market,true,,OPERATIONS,Calendar conflict detector,true,"Jul 22, 2026, 3:38:33 PM","Jul 22, 2026, 11:39:10 PM",DONE,"Scanned 2 listings, found no double booking conflicts."
6a03ac1a24db941f82ec01db,Vacation Rental Assistance,pro,Mid-Market,true,,OPERATIONS,Calendar conflict detector,true,"Jul 22, 2026, 3:38:33 PM","Jul 22, 2026, 7:39:11 PM",DONE,"5 listings checked, no double bookings detected."
66018b62c9d2b0a68e714a4d,GrandStay,pro,Mid-Market,true,,OPERATIONS,Risky reservation detector,true,"Jul 22, 2026, 3:39:37 PM","Jul 22, 2026, 9:39:29 PM",DONE,"Scored 6 reservations; all scored Low or Medium, no action needed."
6a03ac1a24db941f82ec01db,Vacation Rental Assistance,pro,Mid-Market,true,,COMMUNICATIONS,Negative review challenger,true,"Jul 22, 2026, 3:39:41 PM","Jul 22, 2026, 4:38:57 PM",DONE,No eligible bad reviews in the last 24 hours; nothing to review.
6a03ac1a24db941f82ec01db,Vacation Rental Assistance,pro,Mid-Market,true,,OPERATIONS,Risky reservation detector,true,"Jul 22, 2026, 3:40:35 PM","Jul 22, 2026, 7:41:48 PM",DONE,"Scored 40 reservations; 10 flagged as High risk, Administration tasks created."
69c437c497364dea190fce13,Rebornhost,pro,SMB,true,,OPERATIONS,Risky reservation detector,true,"Jul 22, 2026, 3:40:43 PM","Jul 22, 2026, 4:40:22 PM",DONE,"Scored 22 reservations; 2 flagged as High risk, Administration tasks created."
69c437c497364dea190fce13,Rebornhost,pro,SMB,true,,COMMUNICATIONS,Review response master,true,"Jul 22, 2026, 3:41:37 PM","Jul 23, 2026, 12:39:02 AM",DONE,Done: No reviews scanned
69c437c497364dea190fce13,Rebornhost,pro,SMB,true,,COMMUNICATIONS,Review response master,true,"Jul 22, 2026, 3:41:37 PM","Jul 22, 2026, 8:39:02 PM",FAILED,Agent execution failed
69c437c497364dea190fce13,Rebornhost,pro,SMB,true,,COMMUNICATIONS,Review response master,true,"Jul 22, 2026, 3:41:37 PM","Jul 22, 2026, 4:39:04 PM",FAILED,Agent execution failed
69c437c497364dea190fce13,Rebornhost,pro,SMB,true,,OPERATIONS,Inquiry expiry manager,true,"Jul 22, 2026, 3:42:32 PM","Jul 23, 2026, 12:39:26 AM",DONE,Sweep completed with no inquiries to process.
69c437c497364dea190fce13,Rebornhost,pro,SMB,true,,OPERATIONS,Inquiry expiry manager,true,"Jul 22, 2026, 3:42:32 PM","Jul 22, 2026, 8:39:05 PM",DONE,"Scanned 0 inquiries, none required action."
69c437c497364dea190fce13,Rebornhost,pro,SMB,true,,OPERATIONS,Inquiry expiry manager,true,"Jul 22, 2026, 3:42:32 PM","Jul 22, 2026, 4:38:58 PM",DONE,"Scanned 0 inquiries, no action taken."
69c437c497364dea190fce13,Rebornhost,pro,SMB,true,,OPERATIONS,Check-in readiness,true,"Jul 22, 2026, 3:43:08 PM","Jul 22, 2026, 10:39:23 PM",FAILED,Agent execution failed
69c437c497364dea190fce13,Rebornhost,pro,SMB,true,,OPERATIONS,Calendar conflict detector,true,"Jul 22, 2026, 3:43:31 PM","Jul 23, 2026, 12:39:09 AM",FAILED,Agent execution failed
69c437c497364dea190fce13,Rebornhost,pro,SMB,true,,OPERATIONS,Calendar conflict detector,true,"Jul 22, 2026, 3:43:31 PM","Jul 22, 2026, 8:39:13 PM",DONE,"Scanned 2 listings, no double bookings detected."
69c437c497364dea190fce13,Rebornhost,pro,SMB,true,,OPERATIONS,Calendar conflict detector,true,"Jul 22, 2026, 3:43:31 PM","Jul 22, 2026, 4:39:09 PM",DONE,One listing scanned. No double booking conflicts detected.
69c437c497364dea190fce13,Rebornhost,pro,SMB,true,,OPERATIONS,Maintenance block agent,true,"Jul 22, 2026, 3:43:41 PM","Jul 23, 2026, 12:38:54 AM",DONE,Failed No maintenance tasks were scanned; unable to process maintenance blocks.
69c437c497364dea190fce13,Rebornhost,pro,SMB,true,,OPERATIONS,Maintenance block agent,true,"Jul 22, 2026, 3:43:41 PM","Jul 22, 2026, 11:38:53 PM",DONE,Failed No maintenance tasks were scanned; unable to process this run.
69c437c497364dea190fce13,Rebornhost,pro,SMB,true,,OPERATIONS,Maintenance block agent,true,"Jul 22, 2026, 3:43:41 PM","Jul 22, 2026, 10:39:17 PM",DONE,Failed No maintenance tasks were scanned; the run did not complete.
69c437c497364dea190fce13,Rebornhost,pro,SMB,true,,OPERATIONS,Maintenance block agent,true,"Jul 22, 2026, 3:43:41 PM","Jul 22, 2026, 9:39:08 PM",DONE,Failed No maintenance tasks were scanned; check data source or task filters.
69c437c497364dea190fce13,Rebornhost,pro,SMB,true,,OPERATIONS,Maintenance block agent,true,"Jul 22, 2026, 3:43:41 PM","Jul 22, 2026, 8:38:53 PM",DONE,Failed No maintenance tasks were scanned; unable to process the run.
69c437c497364dea190fce13,Rebornhost,pro,SMB,true,,OPERATIONS,Maintenance block agent,true,"Jul 22, 2026, 3:43:41 PM","Jul 22, 2026, 7:38:51 PM",DONE,Failed No maintenance tasks were scanned; check system connectivity.
69c437c497364dea190fce13,Rebornhost,pro,SMB,true,,OPERATIONS,Maintenance block agent,true,"Jul 22, 2026, 3:43:41 PM","Jul 22, 2026, 6:38:55 PM",DONE,Done No maintenance blocks needed: all listings already in the right state.
69c437c497364dea190fce13,Rebornhost,pro,SMB,true,,OPERATIONS,Maintenance block agent,true,"Jul 22, 2026, 3:43:41 PM","Jul 22, 2026, 5:39:18 PM",DONE,Failed No maintenance tasks were scanned; check configuration or data source.
69c437c497364dea190fce13,Rebornhost,pro,SMB,true,,OPERATIONS,Maintenance block agent,true,"Jul 22, 2026, 3:43:41 PM","Jul 22, 2026, 4:38:58 PM",DONE,Failed No maintenance tasks were scanned.
69c437c497364dea190fce13,Rebornhost,pro,SMB,true,,OPERATIONS,Stay status reconciler,true,"Jul 22, 2026, 3:44:15 PM","Jul 23, 2026, 12:39:44 AM",DONE,"Corrected 17 stay statuses: marked 14 checked-in, set 3 to checked-out."
6929f0e3e31a363ae329dee0,The California Building,pro,SME,true,,OPERATIONS,Inquiry expiry manager,true,"Jul 22, 2026, 3:44:19 PM","Jul 22, 2026, 9:39:07 PM",DONE,"Scanned 26 inquiries, none required action."
6929f0e3e31a363ae329dee0,The California Building,pro,SME,true,,OPERATIONS,Inquiry expiry manager,true,"Jul 22, 2026, 3:44:19 PM","Jul 22, 2026, 5:41:11 PM",FAILED,Agent execution failed
6929f0e3e31a363ae329dee0,The California Building,pro,SME,true,,OPERATIONS,Calendar conflict detector,true,"Jul 22, 2026, 3:44:37 PM","Jul 22, 2026, 9:39:07 PM",DONE,6 listings scanned with no double booking conflicts detected.
6929f0e3e31a363ae329dee0,The California Building,pro,SME,true,,OPERATIONS,Calendar conflict detector,true,"Jul 22, 2026, 3:44:37 PM","Jul 22, 2026, 5:39:27 PM",DONE,Scanned 5 listings on 2026-07-22. No double bookings detected.
6929f0e3e31a363ae329dee0,The California Building,pro,SME,true,,OPERATIONS,Check-in readiness,true,"Jul 22, 2026, 3:44:50 PM","Jul 22, 2026, 11:40:04 PM",DONE,Reviewed 33 reservations checking in within the next 24 hours; all 33 need attention.
6929f0e3e31a363ae329dee0,The California Building,pro,SME,true,,OPERATIONS,Risky reservation detector,true,"Jul 22, 2026, 3:45:25 PM","Jul 22, 2026, 5:41:00 PM",DONE,"Scored 40 reservations; 1 flagged as High risk, Administration task created."
6859df8e8e18aabad83b38e6,Newport Beach Vacation Properties,pro,SME,true,,OPERATIONS,Calendar conflict detector,true,"Jul 22, 2026, 3:49:47 PM","Jul 22, 2026, 11:39:00 PM",DONE,Scanned 4 listings with no double bookings detected.
6859df8e8e18aabad83b38e6,Newport Beach Vacation Properties,pro,SME,true,,OPERATIONS,Calendar conflict detector,true,"Jul 22, 2026, 3:49:47 PM","Jul 22, 2026, 7:39:11 PM",DONE,"Scanned 4 listings, no double bookings detected."
693c29621efcceb4712e3202,GuestSpaces Vacation Rentals,pro,SME,true,,COMMUNICATIONS,Review response master,true,"Jul 22, 2026, 3:54:54 PM","Jul 22, 2026, 9:39:15 PM",DONE,Done No reviews scanned or processed.
693c29621efcceb4712e3202,GuestSpaces Vacation Rentals,pro,SME,true,,COMMUNICATIONS,Review response master,true,"Jul 22, 2026, 3:54:54 PM","Jul 22, 2026, 5:39:11 PM",FAILED,Agent execution failed
690e2a5fbef5c5b447994fc8,Seashell Vacation Rentals,pro,SME,true,,OPERATIONS,Calendar conflict detector,true,"Jul 22, 2026, 3:54:56 PM","Jul 22, 2026, 9:38:56 PM",DONE,No double bookings detected across scanned listings.
690e2a5fbef5c5b447994fc8,Seashell Vacation Rentals,pro,SME,true,,OPERATIONS,Calendar conflict detector,true,"Jul 22, 2026, 3:54:56 PM","Jul 22, 2026, 5:39:14 PM",DONE,No double bookings detected across scanned listings.
693c29621efcceb4712e3202,GuestSpaces Vacation Rentals,pro,SME,true,,OPERATIONS,Calendar conflict detector,true,"Jul 22, 2026, 3:55:38 PM","Jul 22, 2026, 9:39:03 PM",DONE,No double bookings detected across scanned listings.
693c29621efcceb4712e3202,GuestSpaces Vacation Rentals,pro,SME,true,,OPERATIONS,Calendar conflict detector,true,"Jul 22, 2026, 3:55:38 PM","Jul 22, 2026, 5:39:14 PM",DONE,No double bookings detected in scan.
6929f0e3e31a363ae329dee0,The California Building,pro,SME,true,,OPERATIONS,Commitment keeper,true,"Jul 22, 2026, 3:55:59 PM","Jul 22, 2026, 6:37:57 PM",DONE,"Scanned 119 reservations, no open commitments found."
693c29621efcceb4712e3202,GuestSpaces Vacation Rentals,pro,SME,true,,OPERATIONS,Inquiry expiry manager,true,"Jul 22, 2026, 3:56:34 PM","Jul 22, 2026, 9:38:57 PM",DONE,"Scanned 0 inquiries, no action taken."
693c29621efcceb4712e3202,GuestSpaces Vacation Rentals,pro,SME,true,,OPERATIONS,Inquiry expiry manager,true,"Jul 22, 2026, 3:56:34 PM","Jul 22, 2026, 5:39:14 PM",DONE,"Scanned 0 inquiries, nothing to action."
6929f0e3e31a363ae329dee0,The California Building,pro,SME,true,,COMMUNICATIONS,Review response master,true,"Jul 22, 2026, 3:56:38 PM","Jul 22, 2026, 9:39:07 PM",DONE,"Done 1 reply posted automatically on Booking.com 9/10 review: Scanned 5 reviews, 1 processed."
6929f0e3e31a363ae329dee0,The California Building,pro,SME,true,,COMMUNICATIONS,Review response master,true,"Jul 22, 2026, 3:56:38 PM","Jul 22, 2026, 5:39:12 PM",FAILED,Agent execution failed
5d652541b6dd0d0022186a5a,TWO KEENS,pro,Mid-Market,true,,OPERATIONS,Vacancy task detector,true,"Jul 22, 2026, 3:56:51 AM","Jul 22, 2026, 4:39:24 AM",DONE,Done **Vacancy readiness sweep complete**: no issues flagged.
690e2a5fbef5c5b447994fc8,Seashell Vacation Rentals,pro,SME,true,,OPERATIONS,Inquiry expiry manager,true,"Jul 22, 2026, 3:57:50 PM","Jul 22, 2026, 9:38:57 PM",DONE,"Scanned 2 inquiries, none required action."
690e2a5fbef5c5b447994fc8,Seashell Vacation Rentals,pro,SME,true,,OPERATIONS,Inquiry expiry manager,true,"Jul 22, 2026, 3:57:50 PM","Jul 22, 2026, 5:39:35 PM",DONE,"Scanned 2 inquiries, none required action."
693c29621efcceb4712e3202,GuestSpaces Vacation Rentals,pro,SME,true,,OPERATIONS,Risky reservation detector,true,"Jul 22, 2026, 3:58:07 PM","Jul 22, 2026, 5:41:04 PM",DONE,"Scored 20 reservations; 7 flagged as High or Critical risk, Administration tasks created."
6924bb4bb4a7e2ab11030bc7,MJ Homes,pro,SMB,true,,OPERATIONS,Calendar conflict detector,true,"Jul 22, 2026, 3:58:28 PM","Jul 22, 2026, 9:39:15 PM",DONE,No double bookings detected across scanned listings.
6924bb4bb4a7e2ab11030bc7,MJ Homes,pro,SMB,true,,OPERATIONS,Calendar conflict detector,true,"Jul 22, 2026, 3:58:28 PM","Jul 22, 2026, 5:39:25 PM",DONE,"Scanned 2 listings, no double bookings detected."
6924bb4bb4a7e2ab11030bc7,MJ Homes,pro,SMB,true,,OPERATIONS,Check-in readiness,true,"Jul 22, 2026, 3:58:36 PM","Jul 22, 2026, 11:39:39 PM",DONE,Today's check-in readiness run could not be completed; review any imminent check-ins manually.
690e2a5fbef5c5b447994fc8,Seashell Vacation Rentals,pro,SME,true,,COMMUNICATIONS,Review response master,true,"Jul 22, 2026, 4:02:09 PM","Jul 22, 2026, 9:39:14 PM",DONE,Failed: No reviews scanned; unable to process run.
690e2a5fbef5c5b447994fc8,Seashell Vacation Rentals,pro,SME,true,,COMMUNICATIONS,Review response master,true,"Jul 22, 2026, 4:02:09 PM","Jul 22, 2026, 5:39:16 PM",FAILED,Agent execution failed
69bdbe984a4da1c92d8bc43a,Host-me,pro,Mid-Market,true,,OPERATIONS,Calendar block monitor,true,"Jul 22, 2026, 4:10:11 PM","Jul 22, 2026, 4:33:50 PM",DONE,Flagged 25 calendar blocks needing review across 1614 block events.
69bdbe984a4da1c92d8bc43a,Host-me,pro,Mid-Market,true,,OPERATIONS,Calendar conflict detector,true,"Jul 22, 2026, 4:10:21 PM","Jul 23, 2026, 12:39:13 AM",DONE,Four listings scanned with no double booking conflicts detected.
69bdbe984a4da1c92d8bc43a,Host-me,pro,Mid-Market,true,,OPERATIONS,Calendar conflict detector,true,"Jul 22, 2026, 4:10:21 PM","Jul 22, 2026, 8:39:27 PM",DONE,"Scanned 3 listings, no double bookings found."
69bdbe984a4da1c92d8bc43a,Host-me,pro,Mid-Market,true,,OPERATIONS,Calendar conflict detector,true,"Jul 22, 2026, 4:10:21 PM","Jul 22, 2026, 4:34:17 PM",DONE,"Scanned 5 listings, found 2 conflicts in Ontario 4631[r3]."
69bdbe984a4da1c92d8bc43a,Host-me,pro,Mid-Market,true,,OPERATIONS,Check-in readiness,true,"Jul 22, 2026, 4:10:36 PM","Jul 22, 2026, 10:39:07 PM",FAILED,Agent execution failed
60fed25d9e3dd8002da530e5,Seth Hillenmeyer,pro,Mid-Market,true,,OPERATIONS,Check-in readiness,true,"Jul 22, 2026, 4:10:43 PM","Jul 22, 2026, 10:39:14 PM",FAILED,Agent execution failed
60fed25d9e3dd8002da530e5,Seth Hillenmeyer,pro,Mid-Market,true,,OPERATIONS,Inquiry expiry manager,true,"Jul 22, 2026, 4:11:02 PM","Jul 23, 2026, 12:39:11 AM",FAILED,Agent execution failed
60fed25d9e3dd8002da530e5,Seth Hillenmeyer,pro,Mid-Market,true,,OPERATIONS,Inquiry expiry manager,true,"Jul 22, 2026, 4:11:02 PM","Jul 22, 2026, 8:39:07 PM",FAILED,Agent execution failed
69bdbe984a4da1c92d8bc43a,Host-me,pro,Mid-Market,true,,OPERATIONS,Commitment keeper,true,"Jul 22, 2026, 4:11:12 PM","Jul 22, 2026, 4:35:14 PM",DONE,"```json
{
  ""short"": ""Scanned 149 reservations; 20 have open commitments, 15 notes posted and 5 could not be posted."",
  ""long"": ""Scanned 149 upcoming and in-stay reservations; 20 have promises to the"
60fed25d9e3dd8002da530e5,Seth Hillenmeyer,pro,Mid-Market,true,,COMMUNICATIONS,Review response master,true,"Jul 22, 2026, 4:12:33 PM","Jul 23, 2026, 12:39:14 AM",DONE,Done No reviews scanned
60fed25d9e3dd8002da530e5,Seth Hillenmeyer,pro,Mid-Market,true,,COMMUNICATIONS,Review response master,true,"Jul 22, 2026, 4:12:33 PM","Jul 22, 2026, 8:38:55 PM",FAILED,Agent execution failed
69bdbe984a4da1c92d8bc43a,Host-me,pro,Mid-Market,true,,OPERATIONS,Inquiry expiry manager,true,"Jul 22, 2026, 4:12:49 PM","Jul 23, 2026, 12:39:11 AM",FAILED,Agent execution failed
69bdbe984a4da1c92d8bc43a,Host-me,pro,Mid-Market,true,,OPERATIONS,Inquiry expiry manager,true,"Jul 22, 2026, 4:12:49 PM","Jul 22, 2026, 8:39:24 PM",DONE,Processed 1 inquiry: evaluated and recommended for decline.
69bdbe984a4da1c92d8bc43a,Host-me,pro,Mid-Market,true,,OPERATIONS,Inquiry expiry manager,true,"Jul 22, 2026, 4:12:49 PM","Jul 22, 2026, 4:34:38 PM",DONE,Processed 1 inquiry: evaluated and recommended for decline.
60fed25d9e3dd8002da530e5,Seth Hillenmeyer,pro,Mid-Market,true,,OPERATIONS,Stay status reconciler,true,"Jul 22, 2026, 4:13:29 PM","Jul 23, 2026, 12:39:02 AM",FAILED,Agent execution failed
69bdbe984a4da1c92d8bc43a,Host-me,pro,Mid-Market,true,,OPERATIONS,Maintenance tracker,true,"Jul 22, 2026, 4:14:23 PM","Jul 22, 2026, 4:34:48 PM",DONE,Done **No maintenance tasks in the last 60 days**: 0 properties flagged.
69bdbe984a4da1c92d8bc43a,Host-me,pro,Mid-Market,true,,OPERATIONS,Reservation duplicate detector,true,"Jul 22, 2026, 4:14:28 PM","Jul 22, 2026, 4:35:14 PM",DONE,Flagged 1 suspected duplicate booking across 82 upcoming reservations.
697a888697c71aa6720b0d83,Sunset Residences,pro,SMB,true,,OPERATIONS,Risky reservation detector,true,"Jul 22, 2026, 4:14:44 PM","Jul 23, 2026, 12:39:16 AM",DONE,"Scored 1 reservation; scored Low or Medium risk, no action needed."
697a888697c71aa6720b0d83,Sunset Residences,pro,SMB,true,,COMMUNICATIONS,Review response master,true,"Jul 22, 2026, 4:14:54 PM","Jul 23, 2026, 12:39:02 AM",DONE,Done No reviews scanned in this run.
697a888697c71aa6720b0d83,Sunset Residences,pro,SMB,true,,COMMUNICATIONS,Review response master,true,"Jul 22, 2026, 4:14:54 PM","Jul 22, 2026, 8:39:01 PM",FAILED,Agent execution failed
69bdbe984a4da1c92d8bc43a,Host-me,pro,Mid-Market,true,,OPERATIONS,Reservation handoff brief,true,"Jul 22, 2026, 4:14:57 PM","Jul 22, 2026, 4:36:00 PM",DONE,"19 reservations arriving July 22-23, 2026. Multiple guests have outstanding balances totaling over CAD 25,000; prioritize payment collection and check-in confirmations."
69bdbe984a4da1c92d8bc43a,Host-me,pro,Mid-Market,true,,OPERATIONS,Risky reservation detector,true,"Jul 22, 2026, 4:15:41 PM","Jul 22, 2026, 4:37:26 PM",DONE,"Scored 40 reservations; 4 flagged as High risk, Administration tasks created."
69bdbe984a4da1c92d8bc43a,Host-me,pro,Mid-Market,true,,OPERATIONS,Stay status reconciler,true,"Jul 22, 2026, 4:16:14 PM","Jul 23, 2026, 12:39:44 AM",DONE,"Corrected 13 stay statuses: set 10 to checked-out, marked 3 checked-in."
69bdbe984a4da1c92d8bc43a,Host-me,pro,Mid-Market,true,,OPERATIONS,Stay status reconciler,true,"Jul 22, 2026, 4:16:14 PM","Jul 22, 2026, 4:36:19 PM",DONE,"Corrected 48 stay statuses: marked 37 checked-in, set 11 to checked-out."
69bdbe984a4da1c92d8bc43a,Host-me,pro,Mid-Market,true,,OPERATIONS,Team access review,true,"Jul 22, 2026, 4:16:27 PM","Jul 22, 2026, 4:36:09 PM",DONE,21 team members. 2 things to review.
69bdbe984a4da1c92d8bc43a,Host-me,pro,Mid-Market,true,,OPERATIONS,Vacancy task detector,true,"Jul 22, 2026, 4:16:43 PM","Jul 22, 2026, 4:36:07 PM",DONE,Done **Vacancy readiness sweep complete**: No action needed.
69bdbe984a4da1c92d8bc43a,Host-me,pro,Mid-Market,true,,OPERATIONS,Weekly Operation Brief,true,"Jul 22, 2026, 4:16:53 PM","Jul 22, 2026, 4:36:23 PM",DONE,"Solid week with strong activity: 133 check-ins and 89 reviews came through, but your task backlog is piling up at 300 open items and needs attention."
69bdbe984a4da1c92d8bc43a,Host-me,pro,Mid-Market,true,,COMMUNICATIONS,Review response master,true,"Jul 22, 2026, 4:17:38 PM","Jul 23, 2026, 12:39:09 AM",FAILED,Agent execution failed
69bdbe984a4da1c92d8bc43a,Host-me,pro,Mid-Market,true,,COMMUNICATIONS,Review response master,true,"Jul 22, 2026, 4:17:38 PM","Jul 22, 2026, 8:38:59 PM",FAILED,Agent execution failed
69bdbe984a4da1c92d8bc43a,Host-me,pro,Mid-Market,true,,COMMUNICATIONS,Saved replies optimizer,true,"Jul 22, 2026, 4:17:48 PM","Jul 22, 2026, 4:54:23 PM",DONE,Action needed **78 listings need template updates**: Reviewed 838 saved replies across 78 listings.
6830b0309bf7f8c07ec24266,Indulge Vacation Rentals,pro,SME,true,,OPERATIONS,Calendar conflict detector,true,"Jul 22, 2026, 4:18:02 PM","Jul 22, 2026, 11:39:08 PM",DONE,One listing scanned: no double bookings detected.
6830b0309bf7f8c07ec24266,Indulge Vacation Rentals,pro,SME,true,,OPERATIONS,Calendar conflict detector,true,"Jul 22, 2026, 4:18:02 PM","Jul 22, 2026, 7:39:13 PM",DONE,No double bookings detected across scanned listings.
69bdbe984a4da1c92d8bc43a,Host-me,pro,Mid-Market,true,,ACCOUNTING,Advance deposit checker,true,"Jul 22, 2026, 4:18:07 PM","Jul 22, 2026, 4:36:05 PM",DONE,Action needed 9 reservations with outstanding advanced deposits: 151 scanned this period.
69bdbe984a4da1c92d8bc43a,Host-me,pro,Mid-Market,true,,ACCOUNTING,Monthly cancelled reservations,true,"Jul 22, 2026, 4:18:16 PM","Jul 22, 2026, 4:35:37 PM",DONE,"```json
{
  ""short"": ""Action needed, 138 canceled reservations (22.8% of 606) with check-ins this month."",
  ""long"": ""The scan of canceled reservations with a check-in date in the current month found "
69bdbe984a4da1c92d8bc43a,Host-me,pro,Mid-Market,true,,FINANCE,Tax Configuration Audit,true,"Jul 22, 2026, 4:18:59 PM","Jul 22, 2026, 4:36:14 PM",DONE,Action needed **2 cities have tax setup differences**: 80 properties scanned; review 26 outliers.
69bdbe984a4da1c92d8bc43a,Host-me,pro,Mid-Market,true,,FINANCE,Unpaid reservation tracker,true,"Jul 22, 2026, 4:19:10 PM","Jul 22, 2026, 4:36:51 PM",DONE,"```json
{""short"":""Action needed 149 reservations flagged with $480,045.24 underpaid: Scanned 389 reservations; review before month-end close."",""long"":""This month's unpaid reservation scan evaluated 38"
6830b0309bf7f8c07ec24266,Indulge Vacation Rentals,pro,SME,true,,OPERATIONS,Inquiry expiry manager,true,"Jul 22, 2026, 4:19:24 PM","Jul 22, 2026, 11:39:21 PM",DONE,"Scanned 0 inquiries, none required action."
6830b0309bf7f8c07ec24266,Indulge Vacation Rentals,pro,SME,true,,OPERATIONS,Inquiry expiry manager,true,"Jul 22, 2026, 4:19:24 PM","Jul 22, 2026, 7:39:11 PM",DONE,"Scanned 0 inquiries, no action required."
67eec01f48a9aa094fae1a11,Everblue Properties,pro,Mid-Market,true,,COMMUNICATIONS,Review response master,true,"Jul 22, 2026, 4:20:12 PM","Jul 22, 2026, 11:39:00 PM",DONE,"Failed: No reviews processed: Scanned 4 reviews, none eligible."
67eec01f48a9aa094fae1a11,Everblue Properties,pro,Mid-Market,true,,COMMUNICATIONS,Review response master,true,"Jul 22, 2026, 4:20:12 PM","Jul 22, 2026, 7:39:21 PM",FAILED,Agent execution failed
68e1480f455d7fda43611baa,Trevor Drew,pro,SMB,true,,OPERATIONS,Check-in readiness,true,"Jul 22, 2026, 4:20:49 PM","Jul 22, 2026, 11:39:01 PM",FAILED,Agent execution failed
6830b0309bf7f8c07ec24266,Indulge Vacation Rentals,pro,SME,true,,OPERATIONS,Risky reservation detector,true,"Jul 22, 2026, 4:22:03 PM","Jul 22, 2026, 7:39:47 PM",DONE,"Scored 9 reservations; 2 flagged as High or Critical risk, Administration tasks created."
68e1480f455d7fda43611baa,Trevor Drew,pro,SMB,true,,OPERATIONS,Risky reservation detector,true,"Jul 22, 2026, 4:23:56 PM","Jul 22, 2026, 5:39:35 PM",DONE,"Scored 2 reservations; 1 flagged as High risk, Administration task created."
5fc53c49bdc1ba0030c3936a,Jim Grady,pro,SME,true,,COMMUNICATIONS,Saved replies optimizer,true,"Jul 22, 2026, 4:27:12 PM","Jul 22, 2026, 4:36:23 PM",FAILED,Agent execution failed
69445327b144f2e7b105cf45,Oak Street Capital LLC ,pro,SMB,true,,OPERATIONS,Check-in readiness,true,"Jul 22, 2026, 4:29:48 PM","Jul 22, 2026, 10:39:23 PM",FAILED,Agent execution failed
69445327b144f2e7b105cf45,Oak Street Capital LLC ,pro,SMB,true,,OPERATIONS,Inquiry expiry manager,true,"Jul 22, 2026, 4:29:53 PM","Jul 23, 2026, 12:39:12 AM",DONE,Sweep completed with no inquiries to process.
69445327b144f2e7b105cf45,Oak Street Capital LLC ,pro,SMB,true,,OPERATIONS,Inquiry expiry manager,true,"Jul 22, 2026, 4:29:53 PM","Jul 22, 2026, 8:39:18 PM",FAILED,Agent execution failed
69445327b144f2e7b105cf45,Oak Street Capital LLC ,pro,SMB,true,,COMMUNICATIONS,Review response master,true,"Jul 22, 2026, 4:30:10 PM","Jul 23, 2026, 12:39:02 AM",FAILED,Agent execution failed
69445327b144f2e7b105cf45,Oak Street Capital LLC ,pro,SMB,true,,COMMUNICATIONS,Review response master,true,"Jul 22, 2026, 4:30:10 PM","Jul 22, 2026, 8:39:14 PM",FAILED,Agent execution failed
6953d4933b2d1f36d1b33d44,PK Holidays,pro,SME,true,,OPERATIONS,Inquiry expiry manager,true,"Jul 22, 2026, 4:32:45 PM","Jul 23, 2026, 12:39:12 AM",FAILED,Agent execution failed
6953d4933b2d1f36d1b33d44,PK Holidays,pro,SME,true,,OPERATIONS,Inquiry expiry manager,true,"Jul 22, 2026, 4:32:45 PM","Jul 22, 2026, 8:39:02 PM",DONE,"Scanned 0 inquiries, no action taken."
6953d4933b2d1f36d1b33d44,PK Holidays,pro,SME,true,,OPERATIONS,Risky reservation detector,true,"Jul 22, 2026, 4:32:55 PM","Jul 22, 2026, 8:39:16 PM",DONE,"Scored 5 reservations; 2 flagged as High risk, Administration tasks created."
69bdbe984a4da1c92d8bc43a,Host-me,pro,Mid-Market,true,,OPERATIONS,Maintenance block agent,true,"Jul 22, 2026, 4:33:05 PM","Jul 23, 2026, 12:38:55 AM",DONE,Failed No maintenance tasks were scanned; check workflow configuration.
69bdbe984a4da1c92d8bc43a,Host-me,pro,Mid-Market,true,,OPERATIONS,Maintenance block agent,true,"Jul 22, 2026, 4:33:05 PM","Jul 22, 2026, 11:39:04 PM",DONE,Failed No maintenance tasks were scanned.
69bdbe984a4da1c92d8bc43a,Host-me,pro,Mid-Market,true,,OPERATIONS,Maintenance block agent,true,"Jul 22, 2026, 4:33:05 PM","Jul 22, 2026, 10:39:06 PM",DONE,Failed No maintenance tasks were scanned; unable to process maintenance blocks.
69bdbe984a4da1c92d8bc43a,Host-me,pro,Mid-Market,true,,OPERATIONS,Maintenance block agent,true,"Jul 22, 2026, 4:33:05 PM","Jul 22, 2026, 9:39:17 PM",DONE,Failed No maintenance tasks were scanned; workflow did not process any listings.
69bdbe984a4da1c92d8bc43a,Host-me,pro,Mid-Market,true,,OPERATIONS,Maintenance block agent,true,"Jul 22, 2026, 4:33:05 PM","Jul 22, 2026, 8:39:12 PM",DONE,Failed No maintenance tasks were scanned.
69bdbe984a4da1c92d8bc43a,Host-me,pro,Mid-Market,true,,OPERATIONS,Maintenance block agent,true,"Jul 22, 2026, 4:33:05 PM","Jul 22, 2026, 7:39:11 PM",DONE,Failed No maintenance tasks were scanned; unable to process.
69bdbe984a4da1c92d8bc43a,Host-me,pro,Mid-Market,true,,OPERATIONS,Maintenance block agent,true,"Jul 22, 2026, 4:33:05 PM","Jul 22, 2026, 6:39:13 PM",DONE,Failed No maintenance tasks were scanned.
69bdbe984a4da1c92d8bc43a,Host-me,pro,Mid-Market,true,,OPERATIONS,Maintenance block agent,true,"Jul 22, 2026, 4:33:05 PM","Jul 22, 2026, 5:39:25 PM",DONE,Failed No maintenance tasks were scanned; check workflow configuration.
69bdbe984a4da1c92d8bc43a,Host-me,pro,Mid-Market,true,,OPERATIONS,Maintenance block agent,true,"Jul 22, 2026, 4:33:05 PM","Jul 22, 2026, 4:34:51 PM",DONE,Failed No maintenance tasks were scanned; check system connectivity.
632a193d8d005000330bca94,Urban Furnished ,pro,SME,true,,OPERATIONS,Check-in readiness,true,"Jul 22, 2026, 5:17:43 PM","Jul 22, 2026, 10:39:13 PM",DONE,Today's check-in readiness run could not be completed; review any imminent check-ins manually.
632a193d8d005000330bca94,Urban Furnished ,pro,SME,true,,COMMUNICATIONS,Saved replies optimizer,true,"Jul 22, 2026, 5:18:37 PM","Jul 22, 2026, 6:18:54 PM",FAILED,Agent execution timed out
632a193d8d005000330bca94,Urban Furnished ,pro,SME,true,,COMMUNICATIONS,Review response master,true,"Jul 22, 2026, 5:20:17 PM","Jul 23, 2026, 12:38:52 AM",DONE,Failed: No reviews scanned; unable to process run.
632a193d8d005000330bca94,Urban Furnished ,pro,SME,true,,COMMUNICATIONS,Review response master,true,"Jul 22, 2026, 5:20:17 PM","Jul 22, 2026, 8:38:58 PM",FAILED,Agent execution failed
69e67d2299ab54f5bdf04de6,Low Tide Retreats LLC,pro,SMB,true,,COMMUNICATIONS,Review response master,true,"Jul 22, 2026, 5:26:07 PM","Jul 23, 2026, 12:38:52 AM",DONE,Done No reviews scanned in this run.
69e67d2299ab54f5bdf04de6,Low Tide Retreats LLC,pro,SMB,true,,COMMUNICATIONS,Review response master,true,"Jul 22, 2026, 5:26:07 PM","Jul 22, 2026, 8:38:51 PM",FAILED,Agent execution failed
68f7babc669647d6ff17de31,david@alpinerp.com,pro,SMB,true,,OPERATIONS,Calendar conflict detector,true,"Jul 22, 2026, 5:26:28 PM","Jul 22, 2026, 11:38:52 PM",DONE,No double bookings detected in scan.
68f7babc669647d6ff17de31,david@alpinerp.com,pro,SMB,true,,OPERATIONS,Calendar conflict detector,true,"Jul 22, 2026, 5:26:28 PM","Jul 22, 2026, 7:38:51 PM",DONE,Double booking check completed with no conflicts found.
68f7babc669647d6ff17de31,david@alpinerp.com,pro,SMB,true,,OPERATIONS,Inquiry expiry manager,true,"Jul 22, 2026, 5:27:55 PM","Jul 22, 2026, 11:38:52 PM",DONE,No inquiries were scanned in this sweep.
68f7babc669647d6ff17de31,david@alpinerp.com,pro,SMB,true,,OPERATIONS,Inquiry expiry manager,true,"Jul 22, 2026, 5:27:55 PM","Jul 22, 2026, 7:38:52 PM",DONE,"Scanned 0 inquiries, no action taken."
68f7babc669647d6ff17de31,david@alpinerp.com,pro,SMB,true,,COMMUNICATIONS,Review response master,true,"Jul 22, 2026, 5:30:53 PM","Jul 22, 2026, 11:39:03 PM",DONE,"Action needed 1 suggested reply to constructive feedback: Scanned 1 review, 1 eligible."
68f7babc669647d6ff17de31,david@alpinerp.com,pro,SMB,true,,COMMUNICATIONS,Review response master,true,"Jul 22, 2026, 5:30:53 PM","Jul 22, 2026, 7:38:55 PM",FAILED,Agent execution failed
68f7babc669647d6ff17de31,david@alpinerp.com,pro,SMB,true,,COMMUNICATIONS,Saved replies optimizer,true,"Jul 22, 2026, 5:31:05 PM","Jul 22, 2026, 5:33:50 PM",DONE,Action needed **13 listings need template updates**: Reviewed 130 saved replies across 13 listings.
68f7babc669647d6ff17de31,david@alpinerp.com,pro,SMB,true,,OPERATIONS,Risky reservation detector,true,"Jul 22, 2026, 5:31:58 PM","Jul 22, 2026, 7:39:02 PM",DONE,"Scored 3 reservations; all scored Low or Medium, no action needed."
5bead1b2ffc666003ea00e17,Be London,pro,Mid-Market,true,,OPERATIONS,Weekly Operation Brief,true,"Jul 22, 2026, 5:38:59 PM","Jul 22, 2026, 5:39:43 PM",DONE,"A solid week with strong guest flow, but your task backlog is piling up at 300 open items and needs attention. The inbox has 23 unanswered messages waiting for replies."
5bead1b2ffc666003ea00e17,Be London,pro,Mid-Market,true,,OPERATIONS,Maintenance tracker,true,"Jul 22, 2026, 5:39:44 PM","Jul 22, 2026, 5:40:00 PM",DONE,Done **No maintenance tasks in the last 60 days**: 0 properties flagged.
6a5ae8e74a4c267b3be2d390,Hi-Desert Dwellings,pro,Mid-Market,false,,OPERATIONS,Calendar conflict detector,true,"Jul 22, 2026, 5:44:23 PM","Jul 22, 2026, 11:39:03 PM",DONE,"Scanned 1 listing, no double booking conflicts found."
6a5ae8e74a4c267b3be2d390,Hi-Desert Dwellings,pro,Mid-Market,false,,OPERATIONS,Calendar conflict detector,true,"Jul 22, 2026, 5:44:23 PM","Jul 22, 2026, 7:39:09 PM",DONE,"Three listings scanned, no double bookings detected."
6a5ae8e74a4c267b3be2d390,Hi-Desert Dwellings,pro,Mid-Market,false,,OPERATIONS,Risky reservation detector,true,"Jul 22, 2026, 5:44:47 PM","Jul 22, 2026, 7:39:40 PM",DONE,"Scored 32 reservations; all scored Low or Medium, no action needed."
6a5ae8e74a4c267b3be2d390,Hi-Desert Dwellings,pro,Mid-Market,false,,COMMUNICATIONS,Review response master,true,"Jul 22, 2026, 5:45:43 PM","Jul 22, 2026, 11:38:52 PM",DONE,Failed: No reviews scanned or processed.
6a5ae8e74a4c267b3be2d390,Hi-Desert Dwellings,pro,Mid-Market,false,,COMMUNICATIONS,Review response master,true,"Jul 22, 2026, 5:45:43 PM","Jul 22, 2026, 7:38:51 PM",FAILED,Agent execution failed
621973f87008bb0033bd4947,Bear Stay LLC,pro,Mid-Market,true,,OPERATIONS,Calendar conflict detector,true,"Jul 22, 2026, 5:47:07 PM","Jul 23, 2026, 12:38:53 AM",DONE,Scanned 1 listing; no double bookings detected.
621973f87008bb0033bd4947,Bear Stay LLC,pro,Mid-Market,true,,OPERATIONS,Calendar conflict detector,true,"Jul 22, 2026, 5:47:07 PM","Jul 22, 2026, 8:39:03 PM",DONE,"Scanned 3 listings, no double bookings found."
5a68a9b91e2ba70015056bc6,Kevin Boer,pro,SMB,true,,OPERATIONS,Inquiry expiry manager,true,"Jul 22, 2026, 5:47:13 PM","Jul 22, 2026, 11:38:53 PM",DONE,Scan completed with no inquiries to process.
5a68a9b91e2ba70015056bc6,Kevin Boer,pro,SMB,true,,OPERATIONS,Inquiry expiry manager,true,"Jul 22, 2026, 5:47:13 PM","Jul 22, 2026, 7:38:52 PM",DONE,"Scanned 0 inquiries, no action taken."
5a68a9b91e2ba70015056bc6,Kevin Boer,pro,SMB,true,,COMMUNICATIONS,Review response master,true,"Jul 22, 2026, 5:47:40 PM","Jul 22, 2026, 11:38:52 PM",DONE,Done No reviews to process: scanned 0.
5a68a9b91e2ba70015056bc6,Kevin Boer,pro,SMB,true,,COMMUNICATIONS,Review response master,true,"Jul 22, 2026, 5:47:40 PM","Jul 22, 2026, 7:38:58 PM",FAILED,Agent execution failed
5a68a9b91e2ba70015056bc6,Kevin Boer,pro,SMB,true,,OPERATIONS,Risky reservation detector,true,"Jul 22, 2026, 5:47:46 PM","Jul 22, 2026, 7:39:03 PM",DONE,"Scored 1 reservation; all scored Low or Medium, no action needed."
621973f87008bb0033bd4947,Bear Stay LLC,pro,Mid-Market,true,,OPERATIONS,Check-in readiness,false,"Jul 22, 2026, 5:47:57 PM","Jul 22, 2026, 6:39:27 PM",DONE,Reviewed 9 reservations checking in within the next 24 hours; all 9 need attention.
621973f87008bb0033bd4947,Bear Stay LLC,pro,Mid-Market,true,,OPERATIONS,Inquiry expiry manager,true,"Jul 22, 2026, 5:48:40 PM","Jul 23, 2026, 12:38:52 AM",DONE,"Scanned 0 inquiries, no action needed."
621973f87008bb0033bd4947,Bear Stay LLC,pro,Mid-Market,true,,OPERATIONS,Inquiry expiry manager,true,"Jul 22, 2026, 5:48:40 PM","Jul 22, 2026, 8:38:52 PM",DONE,"Scanned 0 inquiries, no action taken."
621973f87008bb0033bd4947,Bear Stay LLC,pro,Mid-Market,true,,COMMUNICATIONS,Review response master,true,"Jul 22, 2026, 5:50:30 PM","Jul 23, 2026, 12:39:00 AM",DONE,Done: No reviews to process: Scanned 0 reviews.
621973f87008bb0033bd4947,Bear Stay LLC,pro,Mid-Market,true,,COMMUNICATIONS,Review response master,true,"Jul 22, 2026, 5:50:30 PM","Jul 22, 2026, 8:38:51 PM",FAILED,Agent execution failed
621973f87008bb0033bd4947,Bear Stay LLC,pro,Mid-Market,true,,OPERATIONS,Risky reservation detector,true,"Jul 22, 2026, 5:50:58 PM","Jul 23, 2026, 12:40:18 AM",DONE,"Scored 25 reservations; 9 flagged as High or Critical risk, Administration tasks created."
6470a2c5bf09b100435fa18c,Del Mar Vacations,pro,SME,true,,FINANCE,Unpaid reservation tracker,true,"Jul 22, 2026, 5:53:14 PM","Jul 22, 2026, 5:55:07 PM",DONE,"```json
{
  ""short"": ""Action needed 159 reservations flagged with $501,965.82 underpaid: Scanned 1917 total; review before month-end close."",
  ""long"": ""This month's unpaid reservation scan evaluated "
668ffa2ff6abdb39ff57bb6f,O-Lac inc,pro,SMB,true,,OPERATIONS,Calendar conflict detector,true,"Jul 22, 2026, 6:11:19 PM","Jul 23, 2026, 12:39:03 AM",FAILED,Agent execution failed
668ffa2ff6abdb39ff57bb6f,O-Lac inc,pro,SMB,true,,OPERATIONS,Calendar conflict detector,true,"Jul 22, 2026, 6:11:19 PM","Jul 22, 2026, 8:39:10 PM",DONE,No double bookings detected across scanned listings.
668ffa2ff6abdb39ff57bb6f,O-Lac inc,pro,SMB,true,,OPERATIONS,Check-in readiness,true,"Jul 22, 2026, 6:12:24 PM","Jul 22, 2026, 10:39:11 PM",DONE,Today's check-in readiness run could not be completed; review any imminent check-ins manually.
668ffa2ff6abdb39ff57bb6f,O-Lac inc,pro,SMB,true,,OPERATIONS,Inquiry expiry manager,true,"Jul 22, 2026, 6:14:25 PM","Jul 23, 2026, 12:38:52 AM",DONE,Sweep completed with no inquiries to process.
668ffa2ff6abdb39ff57bb6f,O-Lac inc,pro,SMB,true,,OPERATIONS,Inquiry expiry manager,true,"Jul 22, 2026, 6:14:25 PM","Jul 22, 2026, 8:38:52 PM",DONE,No inquiries were available to scan in this sweep.
67891f000560667fb69d98af,Soltire Stays,pro,Mid-Market,true,,ACCOUNTING,Advance deposit checker,true,"Jul 22, 2026, 6:17:20 PM","Jul 22, 2026, 6:20:03 PM",DONE,Action needed 98 reservations with outstanding advanced deposits: 124 scanned this period.
668ffa2ff6abdb39ff57bb6f,O-Lac inc,pro,SMB,true,,OPERATIONS,Stay status reconciler,true,"Jul 22, 2026, 6:17:44 PM","Jul 23, 2026, 12:39:21 AM",DONE,All 4 in-stay reservations already had consistent stay status; nothing to correct.
668ffa2ff6abdb39ff57bb6f,O-Lac inc,pro,SMB,true,,COMMUNICATIONS,Review response master,true,"Jul 22, 2026, 6:19:47 PM","Jul 23, 2026, 12:38:59 AM",DONE,Done No reviews to process: 0 scanned.
668ffa2ff6abdb39ff57bb6f,O-Lac inc,pro,SMB,true,,COMMUNICATIONS,Review response master,true,"Jul 22, 2026, 6:19:47 PM","Jul 22, 2026, 8:38:53 PM",FAILED,Agent execution failed
67891f000560667fb69d98af,Soltire Stays,pro,Mid-Market,true,,OPERATIONS,Inquiry expiry manager,true,"Jul 22, 2026, 6:20:52 PM","Jul 22, 2026, 11:39:14 PM",DONE,No inquiries were found to process in this sweep.
67891f000560667fb69d98af,Soltire Stays,pro,Mid-Market,true,,OPERATIONS,Inquiry expiry manager,true,"Jul 22, 2026, 6:20:52 PM","Jul 22, 2026, 7:39:00 PM",DONE,"Scanned 0 inquiries, no action required."
67891f000560667fb69d98af,Soltire Stays,pro,Mid-Market,true,,OPERATIONS,Risky reservation detector,true,"Jul 22, 2026, 6:23:06 PM","Jul 22, 2026, 11:39:15 PM",FAILED,Agent execution failed
6051f000c60c59002ca9341d,Ian Jarrett,pro,SME,true,,OPERATIONS,Calendar conflict detector,true,"Jul 22, 2026, 6:24:36 PM","Jul 22, 2026, 11:39:18 PM",DONE,No double bookings detected across scanned listings.
6051f000c60c59002ca9341d,Ian Jarrett,pro,SME,true,,OPERATIONS,Calendar conflict detector,true,"Jul 22, 2026, 6:24:36 PM","Jul 22, 2026, 7:39:13 PM",DONE,No double bookings detected across scanned listings.
6051f000c60c59002ca9341d,Ian Jarrett,pro,SME,true,,OPERATIONS,Risky reservation detector,true,"Jul 22, 2026, 6:25:45 PM","Jul 22, 2026, 11:39:33 PM",DONE,"Scored 11 reservations; 1 flagged as High risk, Administration task created."
63fcbdb08d3003003df423bb,"Jon, Bellwether Property",pro,Mid-Market,true,,OPERATIONS,Commitment keeper,true,"Jul 22, 2026, 6:32:43 PM","Jul 22, 2026, 6:48:12 PM",DONE,"```json
{
  ""short"": ""Scanned 110 reservations; 20 have open commitments, 14 notes posted and 6 could not be posted."",
  ""long"": ""Scanned 110 upcoming and in-stay reservations; 20 have promises to the"
69ba95974a4da1c92d8bc2ec,MELISSA HOSPITALITY SINGLE MEMBER S.A.,pro,Mid-Market,true,,OPERATIONS,Inquiry expiry manager,true,"Jul 22, 2026, 6:47:13 PM","Jul 22, 2026, 9:39:12 PM",DONE,"Scanned 0 inquiries, no action taken."
698e53ac9ac3e61b0163e77a,Sun Haven Collection,pro,Mid-Market,true,,COMMUNICATIONS,Saved replies optimizer,true,"Jul 22, 2026, 6:47:35 PM","Jul 22, 2026, 6:48:55 PM",DONE,Done **All 10 reviewed templates look solid**: 10 listings scanned; no changes suggested.
69ba95974a4da1c92d8bc2ec,MELISSA HOSPITALITY SINGLE MEMBER S.A.,pro,Mid-Market,true,,COMMUNICATIONS,Review response master,true,"Jul 22, 2026, 6:50:19 PM","Jul 22, 2026, 9:39:14 PM",DONE,Done No reviews to process: 0 scanned.
6a49495151a9cc0a45fe2ad2,3L Properties,pro,SMB,false,,COMMUNICATIONS,Review response master,true,"Jul 22, 2026, 6:56:56 PM","Jul 22, 2026, 9:39:15 PM",DONE,Done No reviews scanned.
6a49495151a9cc0a45fe2ad2,3L Properties,pro,SMB,false,,OPERATIONS,Calendar conflict detector,true,"Jul 22, 2026, 6:57:58 PM","Jul 22, 2026, 9:39:15 PM",DONE,No double bookings detected in this scan.
6a49495151a9cc0a45fe2ad2,3L Properties,pro,SMB,false,,OPERATIONS,Check-in readiness,true,"Jul 22, 2026, 6:58:14 PM","Jul 22, 2026, 11:39:08 PM",FAILED,Agent execution failed
67e1b8e0c8b52d834dcb8b0d,Stay NJ,pro,SMB,true,,OPERATIONS,Check-in readiness,true,"Jul 22, 2026, 7:02:13 PM","Jul 22, 2026, 10:39:21 PM",DONE,Today's check-in readiness run could not be completed; review any imminent check-ins manually.
64908860b7fd2a002ceaa505,Arivia Villas,pro,SMB,true,,COMMUNICATIONS,Review response master,true,"Jul 22, 2026, 7:12:29 PM","Jul 22, 2026, 9:39:04 PM",DONE,"Failed: No reviews scanned or processed: Scanned 1 review, 0 eligible."
64908860b7fd2a002ceaa505,Arivia Villas,pro,SMB,true,,OPERATIONS,Risky reservation detector,true,"Jul 22, 2026, 7:13:40 PM","Jul 22, 2026, 9:39:29 PM",DONE,"Scored 10 reservations; all scored Low or Medium, no action needed."
64908860b7fd2a002ceaa505,Arivia Villas,pro,SMB,true,,OPERATIONS,Calendar conflict detector,true,"Jul 22, 2026, 7:14:08 PM","Jul 22, 2026, 9:39:06 PM",DONE,No double bookings detected across scanned listings.
625eabc1e6143d003241451b,Tanya Svoboda,pro,Mid-Market,true,,OPERATIONS,Inquiry expiry manager,true,"Jul 22, 2026, 7:16:42 PM","Jul 23, 2026, 12:39:09 AM",DONE,"Scanned 0 inquiries, no action taken."
625eabc1e6143d003241451b,Tanya Svoboda,pro,Mid-Market,true,,OPERATIONS,Inquiry expiry manager,true,"Jul 22, 2026, 7:16:42 PM","Jul 22, 2026, 8:39:00 PM",DONE,No inquiries were scanned in this sweep.
68dcb569455d7fda43611a67,Rajur Holdings,pro,SMB,true,,COMMUNICATIONS,Review response master,true,"Jul 22, 2026, 7:18:29 PM","Jul 23, 2026, 12:39:11 AM",DONE,Failed: No reviews scanned or processed.
68dcb569455d7fda43611a67,Rajur Holdings,pro,SMB,true,,COMMUNICATIONS,Review response master,true,"Jul 22, 2026, 7:18:29 PM","Jul 22, 2026, 8:38:58 PM",FAILED,Agent execution failed
62cc441b4613d60033629136,Memories Vacation Home Management,pro,SME,true,,FINANCE,Tax Configuration Audit,true,"Jul 22, 2026, 7:19:25 PM","Jul 22, 2026, 7:21:20 PM",DONE,"```json
{""short"":""Action needed **9 cities have tax setup differences**: 229 properties scanned; review outliers in Kissimmee and Davenport."",""long"":""This tax configuration audit scanned 229 propertie"
68dcb569455d7fda43611a67,Rajur Holdings,pro,SMB,true,,OPERATIONS,Commitment keeper,true,"Jul 22, 2026, 7:20:27 PM","Jul 22, 2026, 7:42:17 PM",DONE,"```json
{
  ""short"": ""Scanned 136 reservations; 16 have open commitments, 10 notes posted and 6 could not be posted."",
  ""long"": ""Scanned 136 upcoming and in-stay reservations; 16 have promises to the"
68dcb569455d7fda43611a67,Rajur Holdings,pro,SMB,true,,OPERATIONS,Maintenance tracker,true,"Jul 22, 2026, 7:20:41 PM","Jul 22, 2026, 7:27:30 PM",DONE,Done **No maintenance tasks in the last 60 days**: 0 properties flagged.
68dcb569455d7fda43611a67,Rajur Holdings,pro,SMB,true,,OPERATIONS,Inquiry expiry manager,true,"Jul 22, 2026, 7:21:06 PM","Jul 23, 2026, 12:39:13 AM",DONE,"Scanned 0 inquiries, no action taken."
68dcb569455d7fda43611a67,Rajur Holdings,pro,SMB,true,,OPERATIONS,Inquiry expiry manager,true,"Jul 22, 2026, 7:21:06 PM","Jul 22, 2026, 8:39:10 PM",DONE,Sweep completed with no inquiries to process.
68dcb569455d7fda43611a67,Rajur Holdings,pro,SMB,true,,OPERATIONS,Inquiry expiry manager,true,"Jul 22, 2026, 7:21:06 PM","Jul 22, 2026, 7:23:53 PM",DONE,No inquiries were scanned in this sweep.
68f032f8e4f9efbe702b8d4a,Big Island Vacation Properties,pro,Mid-Market,true,,COMMUNICATIONS,Review response master,true,"Jul 22, 2026, 7:26:02 PM","Jul 22, 2026, 10:39:11 PM",DONE,Done No reviews scanned.
68f032f8e4f9efbe702b8d4a,Big Island Vacation Properties,pro,Mid-Market,true,,OPERATIONS,Risky reservation detector,true,"Jul 22, 2026, 7:26:06 PM","Jul 22, 2026, 10:39:32 PM",DONE,"Scored 7 reservations; all scored Low or Medium, no action needed."
62cc441b4613d60033629136,Memories Vacation Home Management,pro,SME,true,,OPERATIONS,Check-in readiness,true,"Jul 22, 2026, 7:27:46 PM","Jul 22, 2026, 10:40:14 PM",DONE,Reviewed 34 reservations checking in within the next 24 hours; all 34 need attention.
6955293d3b2d1f36d1b33d85,Petrus Fourie,pro,SMB,true,,OPERATIONS,Calendar conflict detector,true,"Jul 22, 2026, 7:40:29 PM","Jul 22, 2026, 10:39:12 PM",DONE,No double bookings detected during scan.
6955293d3b2d1f36d1b33d85,Petrus Fourie,pro,SMB,true,,OPERATIONS,Risky reservation detector,true,"Jul 22, 2026, 7:40:47 PM","Jul 22, 2026, 10:39:13 PM",DONE,"Scored 1 reservation; all scored Low or Medium, no action needed."
69c0b77e0dbdf1eea85fc3c2,Booking,pro,SMB,true,,OPERATIONS,Cleaning conflict detector,true,"Jul 22, 2026, 7:51:07 PM","Jul 22, 2026, 10:39:06 PM",DONE,Done **No cleaning schedule conflicts**: schedule is clear.
69c0b77e0dbdf1eea85fc3c2,Booking,pro,SMB,true,,COMMUNICATIONS,Review response master,true,"Jul 22, 2026, 7:52:23 PM","Jul 23, 2026, 12:39:11 AM",FAILED,Agent execution failed
69c0b77e0dbdf1eea85fc3c2,Booking,pro,SMB,true,,COMMUNICATIONS,Review response master,true,"Jul 22, 2026, 7:52:23 PM","Jul 22, 2026, 8:39:18 PM",FAILED,Agent execution failed
5dc4724781b892001fd17fdc,Cyclinn,pro,SME,true,,FINANCE,Tax Configuration Audit,true,"Jul 22, 2026, 7:55:50 PM","Jul 22, 2026, 7:58:05 PM",DONE,Done **All cities share consistent tax setups**: 384 properties scanned; no variances.
6901f1fc32feafcbded99b08,Atmos properties,pro,SMB,true,,COMMUNICATIONS,Review response master,true,"Jul 22, 2026, 8:00:51 PM","Jul 22, 2026, 10:38:57 PM",FAILED,Agent execution failed
6901f1fc32feafcbded99b08,Atmos properties,pro,SMB,true,,FINANCE,Unpaid reservation tracker,true,"Jul 22, 2026, 8:02:05 PM","Jul 22, 2026, 8:02:43 PM",DONE,"Action needed 8 reservations flagged with $9,287.53 underpaid: Scanned 17 reservations; review before month-end close."
647df114dead930054e452db,Home Free Furnished Rentals,pro,SMB,true,,OPERATIONS,Check-in readiness,true,"Jul 22, 2026, 8:04:07 PM","Jul 22, 2026, 10:39:11 PM",FAILED,Agent execution failed
647df114dead930054e452db,Home Free Furnished Rentals,pro,SMB,true,,OPERATIONS,Inquiry expiry manager,true,"Jul 22, 2026, 8:04:16 PM","Jul 23, 2026, 12:38:53 AM",DONE,"Scanned 0 inquiries, no action needed."
679ce0ac85f74b5fe968cf7e,Trails to Ales Realty LLC,pro,SMB,true,,OPERATIONS,Inquiry expiry manager,true,"Jul 22, 2026, 8:04:38 PM","Jul 23, 2026, 12:39:07 AM",DONE,"Scanned 0 inquiries, no action taken."
679ce0ac85f74b5fe968cf7e,Trails to Ales Realty LLC,pro,SMB,true,,COMMUNICATIONS,Review response master,true,"Jul 22, 2026, 8:05:00 PM","Jul 23, 2026, 12:39:12 AM",DONE,Done No reviews to process: Scanned 0 reviews.
6901f1fc32feafcbded99b08,Atmos properties,pro,SMB,true,,COMMUNICATIONS,Negative review challenger,true,"Jul 22, 2026, 8:08:55 PM","Jul 22, 2026, 11:38:53 PM",DONE,No eligible bad reviews in the last 24 hours; nothing to review.
6901f1fc32feafcbded99b08,Atmos properties,pro,SMB,true,,OPERATIONS,Calendar conflict detector,true,"Jul 22, 2026, 8:09:21 PM","Jul 22, 2026, 10:39:02 PM",FAILED,Agent execution failed
6901f1fc32feafcbded99b08,Atmos properties,pro,SMB,true,,OPERATIONS,Commitment keeper,true,"Jul 22, 2026, 8:10:30 PM","Jul 22, 2026, 10:39:16 PM",DONE,Scanned 8 reservations; 5 have open commitments and all notes were posted.
6901f1fc32feafcbded99b08,Atmos properties,pro,SMB,true,,OPERATIONS,Inquiry expiry manager,true,"Jul 22, 2026, 8:10:43 PM","Jul 22, 2026, 10:39:12 PM",DONE,"Scanned 0 inquiries, no action required."
6901f1fc32feafcbded99b08,Atmos properties,pro,SMB,true,,OPERATIONS,Review to task dispatcher,true,"Jul 22, 2026, 8:11:49 PM","Jul 22, 2026, 11:39:10 PM",DONE,No bad reviews in the last 24 hours; no maintenance action needed.
66a3c50b54a137fab72e3e5e,Conserjeria Sierra Madrid,pro,Mid-Market,true,,COMMUNICATIONS,Saved replies optimizer,true,"Jul 22, 2026, 8:14:52 PM","Jul 22, 2026, 9:11:19 PM",DONE,Done **All reviewed templates look solid**: 23 listings scanned; no changes suggested.
6a1f5115bd25c7223a4a9a91,Hostin,pro,Mid-Market,true,,COMMUNICATIONS,Saved replies optimizer,true,"Jul 22, 2026, 8:17:06 PM","Jul 22, 2026, 8:20:50 PM",DONE,Done **Saved-replies review completed**: 61 listings scanned; 1 listing reviewed.
6a1f5115bd25c7223a4a9a91,Hostin,pro,Mid-Market,true,,COMMUNICATIONS,Saved replies optimizer,true,"Jul 22, 2026, 8:17:06 PM","Jul 22, 2026, 8:19:56 PM",DONE,Done **All 61 listings skipped**: No saved replies to review this cycle.
6a1f5115bd25c7223a4a9a91,Hostin,pro,Mid-Market,true,,COMMUNICATIONS,Review response master,true,"Jul 22, 2026, 8:24:10 PM","Jul 22, 2026, 9:39:17 PM",DONE,Failed: No reviews processed; scanned count incomplete.
69430522b144f2e7b105cf04,Suitesecu Rentals,pro,SMB,true,,OPERATIONS,Check-in readiness,true,"Jul 22, 2026, 8:38:46 PM","Jul 22, 2026, 11:39:24 PM",DONE,Today's check-in readiness run could not be completed; review any imminent check-ins manually.
69430522b144f2e7b105cf04,Suitesecu Rentals,pro,SMB,true,,OPERATIONS,Calendar conflict detector,true,"Jul 22, 2026, 8:39:16 PM","Jul 22, 2026, 9:39:17 PM",DONE,Scanned 5 listings on 2026-07-22; no double bookings detected.
66a3c50b54a137fab72e3e5e,Conserjeria Sierra Madrid,pro,Mid-Market,true,,COMMUNICATIONS,Review response master,true,"Jul 22, 2026, 9:06:12 PM","Jul 22, 2026, 10:38:52 PM",DONE,Done: No reviews scanned in this run.
66a3c50b54a137fab72e3e5e,Conserjeria Sierra Madrid,pro,Mid-Market,true,,FINANCE,Tax Configuration Audit,true,"Jul 22, 2026, 9:06:29 PM","Jul 22, 2026, 9:06:57 PM",DONE,Action needed **1 city has inconsistent tax configurations**: 13 properties scanned; 3 distinct setups in Albufeira.
66a3c50b54a137fab72e3e5e,Conserjeria Sierra Madrid,pro,Mid-Market,true,,FINANCE,Unpaid reservation tracker,true,"Jul 22, 2026, 9:07:12 PM","Jul 22, 2026, 9:07:38 PM",DONE,Action needed 4 reservations flagged with $624.99 underpaid: Scanned 230 reservations; review before month-end close.
66a3c50b54a137fab72e3e5e,Conserjeria Sierra Madrid,pro,Mid-Market,true,,OPERATIONS,Risky reservation detector,true,"Jul 22, 2026, 9:09:57 PM","Jul 22, 2026, 10:39:34 PM",DONE,"Scored 20 reservations; 3 flagged as High risk, Administration tasks created."
66a3c50b54a137fab72e3e5e,Conserjeria Sierra Madrid,pro,Mid-Market,true,,OPERATIONS,Calendar conflict detector,true,"Jul 22, 2026, 9:11:16 PM","Jul 22, 2026, 10:38:53 PM",DONE,Scanned 2 listings; no double bookings detected.
66847af24bd396ee968c2ea3,The Hill's Posh Lifestyle Experience LLC,pro,Mid-Market,true,,OPERATIONS,Check-in readiness,true,"Jul 22, 2026, 9:14:23 PM","Jul 22, 2026, 11:39:13 PM",DONE,Reviewed 7 reservations checking in within the next 24 hours; all 7 need attention.
5cae1cd01963d20020ac1a48,STAE-Homes,pro,Mid-Market,true,,DISTRIBUTION,Airbnb quality detector,true,"Jul 22, 2026, 9:25:13 AM","Jul 22, 2026, 10:26:16 AM",DONE,
5b45b51856881a00bb767d5d,TravelHost Africa,pro,SMB,true,,OPERATIONS,Calendar conflict detector,true,"Jul 22, 2026, 9:39:13 PM","Jul 22, 2026, 10:39:11 PM",DONE,No double bookings detected during scan.