Account ID,Account Name,Created At,Created At Date,Segment,Package,CSM,Active?,Paying?,account_status,In Room Overview
6a54a93c42bd9b3495811d5c,,2026-07-13T09:00:46,2026-07-13,Unknown,,,,,,false
6a54a99942bd9b3495811d5d,,2026-07-13T09:02:19,2026-07-13,Unknown,,,,,,false
6a54a9ba6a17b0450b943237,,2026-07-13T09:02:50,2026-07-13,Unknown,,,,,,false
6a54a9f642bd9b3495811d5e,,2026-07-13T09:03:51,2026-07-13,Unknown,,,,,,false
6a54aa4f42bd9b3495811d5f,,2026-07-13T09:05:21,2026-07-13,Unknown,,,,,,false
6a54aaa7822d5ec0aa899c3a,,2026-07-13T09:06:49,2026-07-13,Unknown,,,,,,false
6a54ab15822d5ec0aa899c3b,,2026-07-13T09:08:38,2026-07-13,Unknown,,,,,,false
6a54ab6b822d5ec0aa899c3c,,2026-07-13T09:10:05,2026-07-13,Unknown,,,,,,false
6a54ab8a822d5ec0aa899c3d,,2026-07-13T09:10:36,2026-07-13,Unknown,,,,,,false
6a54abb942bd9b3495811d60,,2026-07-13T09:11:23,2026-07-13,Unknown,,,,,,false
6a54ac0e42bd9b3495811d61,,2026-07-13T09:12:48,2026-07-13,Unknown,,,,,,false
6a54ac59822d5ec0aa899c3e,,2026-07-13T09:14:03,2026-07-13,Unknown,,,,,,false
6a54aca7822d5ec0aa899c3f,,2026-07-13T09:15:21,2026-07-13,Unknown,,,,,,false
6a54acf442bd9b3495811d62,,2026-07-13T09:16:38,2026-07-13,Unknown,,,,,,false
6a54adbf42bd9b3495811d63,NACEY FAMILY PTY LTD,2026-07-13T09:20:02,2026-07-13,SMB,pro,Nelson Sing,true,false,active,true
6a54aeeb42bd9b3495811d64,,2026-07-13T09:25:01,2026-07-13,Unknown,,,,,,false
6a54af5842bd9b3495811d65,,2026-07-13T09:26:49,2026-07-13,Unknown,,,,,,false
6a54b0a342bd9b3495811d66,,2026-07-13T09:32:21,2026-07-13,Unknown,,,,,,false
6a54b27b822d5ec0aa899c40,,2026-07-13T09:40:13,2026-07-13,Unknown,,,,,,false
6a54b2b142bd9b3495811d67,,2026-07-13T09:41:07,2026-07-13,Unknown,,,,,,false
6a54b39942bd9b3495811d68,,2026-07-13T09:44:59,2026-07-13,Unknown,,,,,,false
6a54b3e442bd9b3495811d69,,2026-07-13T09:46:14,2026-07-13,Unknown,,,,,,false
6a54b50c822d5ec0aa899c41,,2026-07-13T09:51:10,2026-07-13,Unknown,,,,,,false
6a54b7ac42bd9b3495811d6a,,2026-07-13T10:02:22,2026-07-13,Unknown,,,,,,false
6a54ba1642bd9b3495811d6c,,2026-07-13T10:12:40,2026-07-13,Unknown,,,,,,false
6a54bc53822d5ec0aa899c45,,2026-07-13T10:22:15,2026-07-13,Unknown,,,,,,false
6a54bd86822d5ec0aa899c46,,2026-07-13T10:27:20,2026-07-13,Unknown,,,,,,false
6a54bd8e42bd9b3495811d6d,,2026-07-13T10:27:28,2026-07-13,Unknown,,,,,,false
6a54be1142bd9b3495811d6e,Dietrich Lasa,2026-07-13T10:29:38,2026-07-13,SMB,lite,HubSpot Integration,true,false,active,true
6a54be1e822d5ec0aa899c47,,2026-07-13T10:29:51,2026-07-13,Unknown,,,,,,false
6a54beb2822d5ec0aa899c48,,2026-07-13T10:32:20,2026-07-13,Unknown,,,,,,false
6a54bfb842bd9b3495811d6f,,2026-07-13T10:36:41,2026-07-13,Unknown,,,,,,false
6a54c1c1822d5ec0aa899c49,,2026-07-13T10:45:23,2026-07-13,Unknown,,,,,,false
6a54c1e942bd9b3495811d70,,2026-07-13T10:46:03,2026-07-13,Unknown,,,,,,false
6a54c3e442bd9b3495811d71,,2026-07-13T10:54:29,2026-07-13,Unknown,,,,,,false
6a54c83d324dded28b29a076,Stephen Kissous,2026-07-13T11:13:02,2026-07-13,SMB,pro,Guesty Support,true,true,active,true
6a54ce0efd3689604eedcb03,,2026-07-13T11:37:52,2026-07-13,Unknown,,,,,,false
6a54ce77fd3689604eedcb04,,2026-07-13T11:39:37,2026-07-13,Unknown,,,,,,false
6a54d10efd3689604eedcb05,,2026-07-13T11:50:40,2026-07-13,Unknown,,,,,,false
6a54d60fad4888fb08ff062a,Eddy  Alvarez Almirón ,2026-07-13T12:12:01,2026-07-13,SMB,lite,HubSpot Integration,true,false,active,true
6a54d635fd3689604eedcb06,,2026-07-13T12:12:38,2026-07-13,Unknown,,,,,,false
6a54d7c7ad4888fb08ff062b,,2026-07-13T12:19:21,2026-07-13,Unknown,,,,,,false
6a54d820fd3689604eedcb07,,2026-07-13T12:20:50,2026-07-13,Unknown,,,,,,false
6a54dd3cad4888fb08ff062d,,2026-07-13T12:42:38,2026-07-13,Unknown,,,,,,false
6a54df49ad4888fb08ff062e,,2026-07-13T12:51:23,2026-07-13,Unknown,,,,,,false
6a54e193ad4888fb08ff062f,,2026-07-13T13:01:09,2026-07-13,Unknown,,,,,,false
6a54e1caad4888fb08ff0630,,2026-07-13T13:02:03,2026-07-13,Unknown,,,,,,false
6a54e1e5ad4888fb08ff0631,,2026-07-13T13:02:31,2026-07-13,Unknown,,,,,,false
6a54e23dad4888fb08ff0632,,2026-07-13T13:03:59,2026-07-13,Unknown,,,,,,false
6a54e29cad4888fb08ff0633,,2026-07-13T13:05:34,2026-07-13,Unknown,,,,,,false
6a54e2f1fd3689604eedcb08,,2026-07-13T13:06:59,2026-07-13,Unknown,,,,,,false
6a54e344ad4888fb08ff0634,,2026-07-13T13:08:22,2026-07-13,Unknown,,,,,,false
6a54e38fad4888fb08ff0635,,2026-07-13T13:09:36,2026-07-13,Unknown,,,,,,false
6a54e3dafd3689604eedcb09,,2026-07-13T13:10:52,2026-07-13,Unknown,,,,,,false
6a54e426fd3689604eedcb0a,,2026-07-13T13:12:07,2026-07-13,Unknown,,,,,,false
6a54e489ad4888fb08ff0636,,2026-07-13T13:13:46,2026-07-13,Unknown,,,,,,false
6a54e4d4ad4888fb08ff0637,,2026-07-13T13:15:02,2026-07-13,Unknown,,,,,,false
6a54e4defd3689604eedcb0b,,2026-07-13T13:15:11,2026-07-13,Unknown,,,,,,false
6a54e51bad4888fb08ff0638,,2026-07-13T13:16:12,2026-07-13,Unknown,,,,,,false
6a54e6d0fd3689604eedcb0c,brandy reese,2026-07-13T13:23:30,2026-07-13,SMB,lite,HubSpot Integration,true,false,active,true
6a54e7effd3689604eedcb0d,,2026-07-13T13:28:17,2026-07-13,Unknown,,,,,,false
6a54e9dead4888fb08ff0639,,2026-07-13T13:36:32,2026-07-13,Unknown,,,,,,false
6a54ed79ad4888fb08ff063a,,2026-07-13T13:51:55,2026-07-13,Unknown,,,,,,false
6a54ee83fd3689604eedcb0e,,2026-07-13T13:56:21,2026-07-13,Unknown,,,,,,false
6a54f1dbfd3689604eedcb0f,,2026-07-13T14:10:37,2026-07-13,Unknown,,,,,,false
6a54f23dfd3689604eedcb10,,2026-07-13T14:12:14,2026-07-13,Unknown,,,,,,false
6a54f250ad4888fb08ff063b,,2026-07-13T14:12:37,2026-07-13,Unknown,,,,,,false
6a54f34dad4888fb08ff063c,,2026-07-13T14:16:50,2026-07-13,Unknown,,,,,,false
6a54f522fd3689604eedcb12,,2026-07-13T14:24:36,2026-07-13,Unknown,,,,,,false
6a54f598fd3689604eedcb13,Angel Zhou,2026-07-13T14:26:34,2026-07-13,SMB,lite,Nicholas Nasrollahi,true,false,active,true
6a54f6ccfd3689604eedcb14,,2026-07-13T14:31:43,2026-07-13,Unknown,,,,,,false
6a54f825fd3689604eedcb15,,2026-07-13T14:37:26,2026-07-13,Unknown,,,,,,false
6a54f8fafd3689604eedcb16,,2026-07-13T14:41:01,2026-07-13,Unknown,,,,,,false
6a54f9107faead68cb4d1ef3,,2026-07-13T14:41:21,2026-07-13,Unknown,,,,,,false
6a54f966fd3689604eedcb17,Raquelle  Crear,2026-07-13T14:42:48,2026-07-13,SMB,lite,HubSpot Integration,true,false,active,true
6a54f9b6ad4888fb08ff063d,,2026-07-13T14:44:10,2026-07-13,Unknown,,,,,,false
6a54fa6fad4888fb08ff063e,,2026-07-13T14:47:14,2026-07-13,Unknown,,,,,,false
6a54fbcbfd3689604eedcb18,,2026-07-13T14:53:01,2026-07-13,Unknown,,,,,,false
6a54fc27fd3689604eedcb19,,2026-07-13T14:54:33,2026-07-13,Unknown,,,,,,false
6a54fc8ead4888fb08ff063f,,2026-07-13T14:56:16,2026-07-13,Unknown,,,,,,false
6a54fc9ead4888fb08ff0640,,2026-07-13T14:56:32,2026-07-13,Unknown,,,,,,false
6a54feb6fd3689604eedcb1a,NAMIT GUPTA,2026-07-13T15:05:28,2026-07-13,SMB,lite,HubSpot Integration,true,false,active,true
6a54ff00ad4888fb08ff0642,,2026-07-13T15:06:42,2026-07-13,Unknown,,,,,,false
6a54ff19fd3689604eedcb1b,,2026-07-13T15:07:06,2026-07-13,Unknown,,,,,,false
6a54ff9dfd3689604eedcb1c,,2026-07-13T15:09:19,2026-07-13,Unknown,,,,,,false
6a54ffa9ad4888fb08ff0643,,2026-07-13T15:09:34,2026-07-13,Unknown,,,,,,false
6a550073fd3689604eedcb1d,Brace Helgeson,2026-07-13T15:12:54,2026-07-13,SMB,lite,Guesty Marketing,true,false,active,true
6a5502c9ad4888fb08ff0644,,2026-07-13T15:22:51,2026-07-13,Unknown,,,,,,false
6a550357fd3689604eedcb1e,,2026-07-13T15:25:13,2026-07-13,Unknown,,,,,,false
6a5504daad4888fb08ff0645,Alex Owens,2026-07-13T15:31:40,2026-07-13,SMB,lite,HubSpot Integration,true,false,active,true
6a5505acfd3689604eedcb1f,,2026-07-13T15:35:10,2026-07-13,Unknown,,,,,,false
6a5507a0fd3689604eedcb20,,2026-07-13T15:43:30,2026-07-13,Unknown,,,,,,false
6a550979fd3689604eedcb21,,2026-07-13T15:51:25,2026-07-13,Unknown,,,,,,false
6a550bc2ad4888fb08ff0648,,2026-07-13T16:01:08,2026-07-13,Unknown,,,,,,false
6a550d52fd3689604eedcb22,,2026-07-13T16:07:49,2026-07-13,Unknown,,,,,,false
6a5512bcfd3689604eedcb23,,2026-07-13T16:30:54,2026-07-13,Unknown,,,,,,false
6a5519c4ad4888fb08ff0649,,2026-07-13T17:00:54,2026-07-13,Unknown,,,,,,false
6a551a14ad4888fb08ff064a,,2026-07-13T17:02:14,2026-07-13,Unknown,,,,,,false
6a551a6cad4888fb08ff064b,,2026-07-13T17:03:43,2026-07-13,Unknown,,,,,,false
6a551ac7ad4888fb08ff064c,,2026-07-13T17:05:13,2026-07-13,Unknown,,,,,,false
6a551b30ad4888fb08ff064d,,2026-07-13T17:06:57,2026-07-13,Unknown,,,,,,false
6a551ba5ad4888fb08ff064e,,2026-07-13T17:08:55,2026-07-13,Unknown,,,,,,false
6a551bf3fd3689604eedcb24,,2026-07-13T17:10:17,2026-07-13,Unknown,,,,,,false
6a551c46ad4888fb08ff064f,,2026-07-13T17:11:42,2026-07-13,Unknown,,,,,,false
6a551eafad4888fb08ff0650,Jennifer FitzGerald,2026-07-13T17:21:53,2026-07-13,SMB,lite,HubSpot Integration,true,false,active,true
6a551fa0ad4888fb08ff0651,,2026-07-13T17:25:53,2026-07-13,Unknown,,,,,,false
6a552145ad4888fb08ff0652,,2026-07-13T17:32:55,2026-07-13,Unknown,,,,,,false
6a5523a4fd3689604eedcb26,,2026-07-13T17:43:02,2026-07-13,Unknown,,,,,,false
6a5524d2ad4888fb08ff0653,,2026-07-13T17:48:04,2026-07-13,Unknown,,,,,,false
6a552adaad4888fb08ff0654,,2026-07-13T18:13:48,2026-07-13,Unknown,,,,,,false
6a552f90fd3689604eedcb28,,2026-07-13T18:33:54,2026-07-13,Unknown,,,,,,false
6a55322fad4888fb08ff0655,,2026-07-13T18:45:05,2026-07-13,Unknown,,,,,,false
6a55338ead4888fb08ff0656,,2026-07-13T18:50:56,2026-07-13,Unknown,,,,,,false
6a553442fd3689604eedcb29,,2026-07-13T18:53:56,2026-07-13,Unknown,,,,,,false
6a553533ad4888fb08ff0657,,2026-07-13T18:57:57,2026-07-13,Unknown,,,,,,false
6a553645fd3689604eedcb2a,Michael Oladepo,2026-07-13T19:02:31,2026-07-13,SMB,lite,HubSpot Integration,true,false,active,true
6a5537c1ad4888fb08ff0658,Spyros Darzentas,2026-07-13T19:08:51,2026-07-13,SMB,pro,Daniel Sanchez,true,false,active,true
6a5537d5fd3689604eedcb2b,,2026-07-13T19:09:11,2026-07-13,Unknown,,,,,,false
6a553949ad4888fb08ff0659,daniel lumb,2026-07-13T19:15:23,2026-07-13,SMB,lite,HubSpot Integration,true,false,active,true
6a5539bdad4888fb08ff065a,,2026-07-13T19:17:19,2026-07-13,Unknown,,,,,,false
6a5539d2fd3689604eedcb2c,,2026-07-13T19:17:40,2026-07-13,Unknown,,,,,,false
6a553b37fd3689604eedcb2d,Christian  Joly ,2026-07-13T19:23:37,2026-07-13,SMB,lite,HubSpot Integration,true,false,active,true
6a553dcfad4888fb08ff065b,,2026-07-13T19:34:41,2026-07-13,Unknown,,,,,,false
6a553e35fd3689604eedcb2e,,2026-07-13T19:36:23,2026-07-13,Unknown,,,,,,false
6a553f5ead4888fb08ff065c,,2026-07-13T19:41:20,2026-07-13,Unknown,,,,,,false
6a554043ad4888fb08ff065d,,2026-07-13T19:45:09,2026-07-13,Unknown,,,,,,false
6a5541e1ad4888fb08ff065e,Keyla Cavalcante,2026-07-13T19:52:03,2026-07-13,SMB,lite,HubSpot Integration,true,false,active,true
6a55452afd3689604eedcb2f,,2026-07-13T20:06:04,2026-07-13,Unknown,,,,,,false
6a5545aead4888fb08ff065f,Ditron Corker,2026-07-13T20:08:16,2026-07-13,SMB,lite,HubSpot Integration,true,false,active,true
6a554986ad4888fb08ff0660,,2026-07-13T20:24:40,2026-07-13,Unknown,,,,,,false
6a554a3cfd3689604eedcb31,,2026-07-13T20:27:42,2026-07-13,Unknown,,,,,,false
6a554ac0ad4888fb08ff0661,,2026-07-13T20:29:57,2026-07-13,Unknown,,,,,,false
6a554f6ead4888fb08ff0663,,2026-07-13T20:49:52,2026-07-13,Unknown,,,,,,false
6a555124ad4888fb08ff0664,mohammad alam,2026-07-13T20:57:10,2026-07-13,SMB,lite,HubSpot Integration,true,false,active,true
6a5556e3fd3689604eedcb33,,2026-07-13T21:21:41,2026-07-13,Unknown,,,,,,false
6a55575990356182c371ee12,,2026-07-13T21:23:38,2026-07-13,Unknown,,,,,,false
6a555a8190356182c371ee13,,2026-07-13T21:37:07,2026-07-13,Unknown,,,,,,false
6a555bacfd3689604eedcb34,,2026-07-13T21:42:05,2026-07-13,Unknown,,,,,,false
6a555bb4fd3689604eedcb35,,2026-07-13T21:42:14,2026-07-13,Unknown,,,,,,false
6a555c83fd3689604eedcb36,Apartment at Portales Punta Cana,2026-07-13T21:45:41,2026-07-13,SMB,lite,HubSpot Integration,true,false,active,true
6a555f6490356182c371ee14,,2026-07-13T21:57:59,2026-07-13,Unknown,,,,,,false
6a555fd090356182c371ee15,Ernest Persinger,2026-07-13T21:59:45,2026-07-13,SMB,lite,HubSpot Integration,true,false,active,true
6a555fe390356182c371ee16,Hrodric Estate,2026-07-13T22:00:05,2026-07-13,SMB,pro,Ramiro Peña‌,true,false,active,true
6a55611490356182c371ee17,William Ramos,2026-07-13T22:05:11,2026-07-13,SMB,lite,HubSpot Integration,true,false,active,true
6a556a0ffd3689604eedcb37,,2026-07-13T22:43:30,2026-07-13,Unknown,,,,,,false
6a556a49fd3689604eedcb38,,2026-07-13T22:44:26,2026-07-13,Unknown,,,,,,false
6a556ef5fd3689604eedcb39,,2026-07-13T23:04:23,2026-07-13,Unknown,,,,,,false
6a55774f876bc73219186403,,2026-07-13T23:40:00,2026-07-13,Unknown,,,,,,false
6a557867876bc73219186404,,2026-07-13T23:44:41,2026-07-13,Unknown,,,,,,false
6a557c17876bc73219186405,,2026-07-14T00:00:24,2026-07-14,Unknown,,,,,,false
6a557c60fd3689604eedcb3b,Jeff Warnick,2026-07-14T00:01:38,2026-07-14,SMB,lite,HubSpot Integration,true,false,active,true
6a557dd7876bc73219186406,,2026-07-14T00:07:53,2026-07-14,Unknown,,,,,,false
6a557f02fd3689604eedcb3c,Grethel  Espinoza,2026-07-14T00:12:52,2026-07-14,SMB,lite,HubSpot Integration,true,false,active,true
6a558650876bc73219186407,,2026-07-14T00:44:02,2026-07-14,Unknown,,,,,,false
6a5586d2876bc73219186408,,2026-07-14T00:46:12,2026-07-14,Unknown,,,,,,false
6a5586f8876bc73219186409,Lynsey Champion,2026-07-14T00:46:49,2026-07-14,SMB,lite,HubSpot Integration,true,false,active,true
6a55881d876bc7321918640a,jim Selner,2026-07-14T00:51:43,2026-07-14,SMB,lite,HubSpot Integration,true,false,active,true
6a558ae3fd3689604eedcb3d,,2026-07-14T01:03:33,2026-07-14,Unknown,,,,,,false
6a558fa3fd3689604eedcb3e,,2026-07-14T01:23:49,2026-07-14,Unknown,,,,,,false
6a5592b2fd3689604eedcb3f,,2026-07-14T01:36:52,2026-07-14,Unknown,,,,,,false
6a559760876bc7321918640b,,2026-07-14T01:56:50,2026-07-14,Unknown,,,,,,false
6a559858fd3689604eedcb40,,2026-07-14T02:00:58,2026-07-14,Unknown,,,,,,false
6a559e9bfd3689604eedcb41,,2026-07-14T02:27:44,2026-07-14,Unknown,,,,,,false
6a559fa9876bc7321918640c,Reanna Bellini-Sarieh,2026-07-14T02:32:14,2026-07-14,SMB,lite,HubSpot Integration,true,false,active,true
6a55a49e876bc7321918640d,,2026-07-14T02:53:21,2026-07-14,Unknown,,,,,,false
6a55a8effd3689604eedcb42,,2026-07-14T03:11:45,2026-07-14,Unknown,,,,,,false
6a55aa7dfd3689604eedcb44,,2026-07-14T03:18:23,2026-07-14,Unknown,,,,,,false
6a55ac8d5c9a91d8b820e83f,,2026-07-14T03:27:10,2026-07-14,Unknown,,,,,,false
6a55b17a5c9a91d8b820e840,,2026-07-14T03:48:14,2026-07-14,Unknown,,,,,,false
6a55b998fd3689604eedcb45,,2026-07-14T04:22:49,2026-07-14,Unknown,,,,,,false
6a55c28d5c9a91d8b820e841,,2026-07-14T05:01:03,2026-07-14,Unknown,,,,,,false
6a55c2e6fd3689604eedcb47,,2026-07-14T05:02:32,2026-07-14,Unknown,,,,,,false
6a55c346fd3689604eedcb48,,2026-07-14T05:04:08,2026-07-14,Unknown,,,,,,false
6a55c3a4fd3689604eedcb49,,2026-07-14T05:05:42,2026-07-14,Unknown,,,,,,false
6a55c414fd3689604eedcb4a,,2026-07-14T05:07:35,2026-07-14,Unknown,,,,,,false
6a55c468fd3689604eedcb4b,,2026-07-14T05:08:58,2026-07-14,Unknown,,,,,,false
6a55c4c35c9a91d8b820e843,,2026-07-14T05:10:28,2026-07-14,Unknown,,,,,,false
6a55c5115c9a91d8b820e844,,2026-07-14T05:11:47,2026-07-14,Unknown,,,,,,false
6a55c565fd3689604eedcb4c,,2026-07-14T05:13:11,2026-07-14,Unknown,,,,,,false
6a55c5b65c9a91d8b820e845,,2026-07-14T05:14:32,2026-07-14,Unknown,,,,,,false
6a55c6065c9a91d8b820e846,,2026-07-14T05:15:51,2026-07-14,Unknown,,,,,,false
6a55c6535c9a91d8b820e847,,2026-07-14T05:17:09,2026-07-14,Unknown,,,,,,false
6a55c67bfd3689604eedcb4d,,2026-07-14T05:17:49,2026-07-14,Unknown,,,,,,false
6a55c99ffd3689604eedcb4e,,2026-07-14T05:31:13,2026-07-14,Unknown,,,,,,false
6a55ca07fd3689604eedcb4f,,2026-07-14T05:32:56,2026-07-14,Unknown,,,,,,false
6a55ca44fd3689604eedcb50,,2026-07-14T05:33:58,2026-07-14,Unknown,,,,,,false
6a55cd78fd3689604eedcb51,,2026-07-14T05:47:38,2026-07-14,Unknown,,,,,,false
6a55d3affd3689604eedcb52,,2026-07-14T06:14:08,2026-07-14,Unknown,,,,,,false
6a55d461fd3689604eedcb53,,2026-07-14T06:17:07,2026-07-14,Unknown,,,,,,false
6a55d5875c9a91d8b820e848,,2026-07-14T06:22:01,2026-07-14,Unknown,,,,,,false
6a55d609fd3689604eedcb54,,2026-07-14T06:24:11,2026-07-14,Unknown,,,,,,false
6a55dddb5c9a91d8b820e84a,,2026-07-14T06:57:33,2026-07-14,Unknown,,,,,,false
6a55df25fd3689604eedcb56,,2026-07-14T07:03:04,2026-07-14,Unknown,,,,,,false
6a55df915c9a91d8b820e84c,,2026-07-14T07:04:51,2026-07-14,Unknown,,,,,,false
6a55dfad5c9a91d8b820e84d,,2026-07-14T07:05:19,2026-07-14,Unknown,,,,,,false
6a55e0695c9a91d8b820e84e,,2026-07-14T07:08:27,2026-07-14,Unknown,,,,,,false
6a55e0bf5c9a91d8b820e84f,,2026-07-14T07:09:53,2026-07-14,Unknown,,,,,,false
6a55e79afd3689604eedcb58,Kristian&Mariann Solaas,2026-07-14T07:39:10,2026-07-14,SMB,lite,HubSpot Integration,true,false,active,true
6a55e8fd5c9a91d8b820e850,,2026-07-14T07:45:05,2026-07-14,Unknown,,,,,,false
6a55e9f15c9a91d8b820e851,,2026-07-14T07:49:07,2026-07-14,Unknown,,,,,,false
6a55e9fdfd3689604eedcb59,,2026-07-14T07:49:18,2026-07-14,Unknown,,,,,,false
6a55eae7fd3689604eedcb5a,,2026-07-14T07:53:13,2026-07-14,Unknown,,,,,,false
6a55ecd0fd3689604eedcb5b,,2026-07-14T08:01:22,2026-07-14,Unknown,,,,,,false
6a55edaafd3689604eedcb5c,,2026-07-14T08:05:00,2026-07-14,Unknown,,,,,,false
6a55f0bb5c9a91d8b820e852,,2026-07-14T08:18:04,2026-07-14,Unknown,,,,,,false
6a55f4b65c9a91d8b820e854,,2026-07-14T08:35:04,2026-07-14,Unknown,,,,,,false
6a55f5965c9a91d8b820e855,,2026-07-14T08:38:48,2026-07-14,Unknown,,,,,,false
6a55f763fd3689604eedcb5f,,2026-07-14T08:46:29,2026-07-14,Unknown,,,,,,false
6a55f9355c9a91d8b820e856,,2026-07-14T08:54:15,2026-07-14,Unknown,,,,,,false
6a55fac0fd3689604eedcb60,,2026-07-14T09:00:50,2026-07-14,Unknown,,,,,,false
6a55faf9fd3689604eedcb61,,2026-07-14T09:01:47,2026-07-14,Unknown,,,,,,false
6a55fb3a5c9a91d8b820e857,,2026-07-14T09:02:52,2026-07-14,Unknown,,,,,,false
6a55fb96fd3689604eedcb62,,2026-07-14T09:04:24,2026-07-14,Unknown,,,,,,false
6a55fbf1fd3689604eedcb63,,2026-07-14T09:05:55,2026-07-14,Unknown,,,,,,false
6a55fc505c9a91d8b820e858,,2026-07-14T09:07:29,2026-07-14,Unknown,,,,,,false
6a55fcabfd3689604eedcb64,,2026-07-14T09:09:01,2026-07-14,Unknown,,,,,,false
6a55fce15c9a91d8b820e859,,2026-07-14T09:09:54,2026-07-14,Unknown,,,,,,false
6a55fcfffd3689604eedcb65,,2026-07-14T09:10:25,2026-07-14,Unknown,,,,,,false
6a55fd4a5c9a91d8b820e85a,,2026-07-14T09:11:40,2026-07-14,Unknown,,,,,,false
6a55fd8bfd3689604eedcb66,,2026-07-14T09:12:45,2026-07-14,Unknown,,,,,,false
6a55fd9cfd3689604eedcb67,,2026-07-14T09:13:02,2026-07-14,Unknown,,,,,,false
6a55fdedfd3689604eedcb68,,2026-07-14T09:14:23,2026-07-14,Unknown,,,,,,false
6a55fdfa5c9a91d8b820e85b,,2026-07-14T09:14:36,2026-07-14,Unknown,,,,,,false
6a55fe3b5c9a91d8b820e85c,,2026-07-14T09:15:41,2026-07-14,Unknown,,,,,,false
6a55fe87fd3689604eedcb69,,2026-07-14T09:16:57,2026-07-14,Unknown,,,,,,false
6a55fe88fd3689604eedcb6a,,2026-07-14T09:16:57,2026-07-14,Unknown,,,,,,false
6a55ff615c9a91d8b820e85d,,2026-07-14T09:20:35,2026-07-14,Unknown,,,,,,false
6a5601e35c9a91d8b820e85e,,2026-07-14T09:31:17,2026-07-14,Unknown,,,,,,false
6a5603185c9a91d8b820e85f,,2026-07-14T09:36:26,2026-07-14,Unknown,,,,,,false
6a560b12fd3689604eedcb6b,,2026-07-14T10:10:29,2026-07-14,Unknown,,,,,,false
6a560b62fd3689604eedcb6c,,2026-07-14T10:11:48,2026-07-14,Unknown,,,,,,false
6a560f1cfd3689604eedcb6d,,2026-07-14T10:27:42,2026-07-14,Unknown,,,,,,false
6a56113b5c9a91d8b820e860,,2026-07-14T10:36:45,2026-07-14,Unknown,,,,,,false
6a561145fd3689604eedcb6e,,2026-07-14T10:36:55,2026-07-14,Unknown,,,,,,false
6a561159fd3689604eedcb6f,,2026-07-14T10:37:15,2026-07-14,Unknown,,,,,,false
6a5611735c9a91d8b820e861,,2026-07-14T10:37:40,2026-07-14,Unknown,,,,,,false
6a5613675c9a91d8b820e863,,2026-07-14T10:46:01,2026-07-14,Unknown,,,,,,false
6a5617955c9a91d8b820e864,,2026-07-14T11:03:51,2026-07-14,Unknown,,,,,,false
6a5617b1fd3689604eedcb71,,2026-07-14T11:04:19,2026-07-14,Unknown,,,,,,false
6a561a475c9a91d8b820e865,,2026-07-14T11:15:21,2026-07-14,Unknown,,,,,,false
6a561a95fd3689604eedcb72,,2026-07-14T11:16:39,2026-07-14,Unknown,,,,,,false
6a561e085c9a91d8b820e867,,2026-07-14T11:31:22,2026-07-14,Unknown,,,,,,false
6a561e79fd3689604eedcb73,Adam Munder,2026-07-14T11:33:18,2026-07-14,SMB,lite,HubSpot Integration,true,false,active,true
6a562042fd3689604eedcb74,,2026-07-14T11:40:51,2026-07-14,Unknown,,,,,,false
6a5620eafd3689604eedcb75,,2026-07-14T11:43:40,2026-07-14,Unknown,,,,,,false
6a5621b05c9a91d8b820e868,,2026-07-14T11:46:58,2026-07-14,Unknown,,,,,,false
6a562669fd3689604eedcb76,,2026-07-14T12:07:07,2026-07-14,Unknown,,,,,,false
6a5626a2fd3689604eedcb77,,2026-07-14T12:08:04,2026-07-14,Unknown,,,,,,false
6a56270dfd3689604eedcb78,Abderrahim et-tilemsany,2026-07-14T12:09:51,2026-07-14,SMB,lite,HubSpot Integration,true,false,active,true
6a562824fd3689604eedcb79,,2026-07-14T12:14:31,2026-07-14,Unknown,,,,,,false
6a5629435c9a91d8b820e86a,,2026-07-14T12:19:18,2026-07-14,Unknown,,,,,,false
6a562bde5c9a91d8b820e86b,,2026-07-14T12:30:23,2026-07-14,Unknown,,,,,,false
6a562bee5c9a91d8b820e86c,,2026-07-14T12:30:39,2026-07-14,Unknown,,,,,,false
6a562dfffd3689604eedcb7b,,2026-07-14T12:39:28,2026-07-14,Unknown,,,,,,false
6a562e805c9a91d8b820e86d,,2026-07-14T12:41:40,2026-07-14,Unknown,,,,,,false
6a563072fd3689604eedcb7c,,2026-07-14T12:49:56,2026-07-14,Unknown,,,,,,false
6a5633005c9a91d8b820e86e,,2026-07-14T13:00:51,2026-07-14,Unknown,,,,,,false
6a5633615c9a91d8b820e86f,,2026-07-14T13:02:27,2026-07-14,Unknown,,,,,,false
6a5633befd3689604eedcb7d,,2026-07-14T13:04:00,2026-07-14,Unknown,,,,,,false
6a5634195c9a91d8b820e871,,2026-07-14T13:05:30,2026-07-14,Unknown,,,,,,false
6a5634335c9a91d8b820e872,,2026-07-14T13:05:58,2026-07-14,Unknown,,,,,,false
6a5634775c9a91d8b820e873,,2026-07-14T13:07:05,2026-07-14,Unknown,,,,,,false
6a5634ca5c9a91d8b820e874,,2026-07-14T13:08:29,2026-07-14,Unknown,,,,,,false
6a56351b5c9a91d8b820e875,,2026-07-14T13:09:49,2026-07-14,Unknown,,,,,,false
6a563568fd3689604eedcb7e,,2026-07-14T13:11:06,2026-07-14,Unknown,,,,,,false
6a563569fd3689604eedcb7f,,2026-07-14T13:11:07,2026-07-14,Unknown,,,,,,false
6a5635b7fd3689604eedcb80,,2026-07-14T13:12:25,2026-07-14,Unknown,,,,,,false
6a5635e4fd3689604eedcb81,,2026-07-14T13:13:09,2026-07-14,Unknown,,,,,,false
6a5636075c9a91d8b820e876,,2026-07-14T13:13:45,2026-07-14,Unknown,,,,,,false
6a56365cfd3689604eedcb82,,2026-07-14T13:15:09,2026-07-14,Unknown,,,,,,false
6a5636aa5c9a91d8b820e877,,2026-07-14T13:16:27,2026-07-14,Unknown,,,,,,false
6a563711fd3689604eedcb83,,2026-07-14T13:18:11,2026-07-14,Unknown,,,,,,false
6a5637255c9a91d8b820e878,,2026-07-14T13:18:31,2026-07-14,Unknown,,,,,,false
6a56417cfd3689604eedcb84,,2026-07-14T14:02:41,2026-07-14,Unknown,,,,,,false
6a5641dc5c9a91d8b820e879,Trevia McCoy,2026-07-14T14:04:13,2026-07-14,SMB,lite,HubSpot Integration,true,false,active,true
6a56423dfd3689604eedcb85,,2026-07-14T14:05:50,2026-07-14,Unknown,,,,,,false
6a564245fd3689604eedcb86,,2026-07-14T14:05:58,2026-07-14,Unknown,,,,,,false
6a564255fd3689604eedcb87,,2026-07-14T14:06:15,2026-07-14,Unknown,,,,,,false
6a5643f85c9a91d8b820e87a,,2026-07-14T14:13:14,2026-07-14,Unknown,,,,,,false
6a5647bb5c9a91d8b820e87b,,2026-07-14T14:29:17,2026-07-14,Unknown,,,,,,false
6a564800fd3689604eedcb89,,2026-07-14T14:30:26,2026-07-14,Unknown,,,,,,false
6a564a4bfd3689604eedcb8a,Stephen Thompson,2026-07-14T14:40:13,2026-07-14,SMB,lite,Arianna Manni,true,false,active,true
6a564abbfd3689604eedcb8b,,2026-07-14T14:42:06,2026-07-14,Unknown,,,,,,false
6a564d25fd3689604eedcb8c,,2026-07-14T14:52:23,2026-07-14,Unknown,,,,,,false
6a564f895c9a91d8b820e87c,,2026-07-14T15:02:35,2026-07-14,Unknown,,,,,,false
6a565214fd3689604eedcb8e,,2026-07-14T15:13:28,2026-07-14,Unknown,,,,,,false
6a56552afd3689604eedcb8f,,2026-07-14T15:26:36,2026-07-14,Unknown,,,,,,false
6a565567fd3689604eedcb90,,2026-07-14T15:27:37,2026-07-14,Unknown,,,,,,false
6a5656c0fd3689604eedcb92,Hans Hormann,2026-07-14T15:33:23,2026-07-14,SMB,lite,none,true,false,active,true
6a5658405c9a91d8b820e87f,,2026-07-14T15:39:45,2026-07-14,Unknown,,,,,,false
6a565b67fd3689604eedcb93,,2026-07-14T15:53:15,2026-07-14,Unknown,,,,,,false
6a565c005c9a91d8b820e881,,2026-07-14T15:55:46,2026-07-14,Unknown,,,,,,false
6a566255fd3689604eedcb95,,2026-07-14T16:22:48,2026-07-14,Unknown,,,,,,false
6a5663e85c9a91d8b820e883,India Blanding ,2026-07-14T16:29:30,2026-07-14,SMB,lite,HubSpot Integration,true,false,active,true
6a566422fd3689604eedcb96,Eric Van Grootheest ,2026-07-14T16:30:29,2026-07-14,SMB,lite,HubSpot Integration,true,false,active,true
6a566781fd3689604eedcb97,,2026-07-14T16:44:51,2026-07-14,Unknown,,,,,,false
6a566788fd3689604eedcb98,,2026-07-14T16:44:58,2026-07-14,Unknown,,,,,,false
6a5668735c9a91d8b820e884,,2026-07-14T16:48:53,2026-07-14,Unknown,,,,,,false
6a566ace5c9a91d8b820e885,,2026-07-14T16:58:56,2026-07-14,Unknown,,,,,,false
6a566b40fd3689604eedcb99,,2026-07-14T17:00:50,2026-07-14,Unknown,,,,,,false
6a566ba0fd3689604eedcb9a,,2026-07-14T17:02:26,2026-07-14,Unknown,,,,,,false
6a566c045c9a91d8b820e886,,2026-07-14T17:04:06,2026-07-14,Unknown,,,,,,false
6a566c6cfd3689604eedcb9b,,2026-07-14T17:05:50,2026-07-14,Unknown,,,,,,false
6a566cc9fd3689604eedcb9c,,2026-07-14T17:07:22,2026-07-14,Unknown,,,,,,false
6a566d285c9a91d8b820e887,,2026-07-14T17:08:58,2026-07-14,Unknown,,,,,,false
6a566d81fd3689604eedcb9d,,2026-07-14T17:10:27,2026-07-14,Unknown,,,,,,false
6a566dd25c9a91d8b820e888,,2026-07-14T17:11:49,2026-07-14,Unknown,,,,,,false
6a566e25fd3689604eedcb9e,,2026-07-14T17:13:12,2026-07-14,Unknown,,,,,,false
6a566e515c9a91d8b820e889,,2026-07-14T17:13:55,2026-07-14,Unknown,,,,,,false
6a566e7afd3689604eedcb9f,,2026-07-14T17:14:36,2026-07-14,Unknown,,,,,,false
6a566ecd5c9a91d8b820e88a,,2026-07-14T17:15:58,2026-07-14,Unknown,,,,,,false
6a566f1cfd3689604eedcba0,,2026-07-14T17:17:18,2026-07-14,Unknown,,,,,,false
6a56720d5c9a91d8b820e88b,,2026-07-14T17:29:50,2026-07-14,Unknown,,,,,,false
6a567366fd3689604eedcba1,,2026-07-14T17:35:35,2026-07-14,Unknown,,,,,,false
6a567740fd3689604eedcba3,,2026-07-14T17:52:02,2026-07-14,Unknown,,,,,,false
6a5678ce5c9a91d8b820e88c,,2026-07-14T17:58:39,2026-07-14,Unknown,,,,,,false
6a567abefd3689604eedcba4,,2026-07-14T18:06:55,2026-07-14,Unknown,,,,,,false
6a567b66fa74661747556b0d,,2026-07-14T18:09:42,2026-07-14,Unknown,,,,,,false
6a567bb1d042dec20800694d,,2026-07-14T18:10:57,2026-07-14,Unknown,,,,,,false
6a567be0fa74661747556b0e,,2026-07-14T18:11:44,2026-07-14,Unknown,,,,,,false
6a567deefd3689604eedcba5,,2026-07-14T18:20:33,2026-07-14,Unknown,,,,,,false
6a567df6fd3689604eedcba6,,2026-07-14T18:20:40,2026-07-14,Unknown,,,,,,false
6a567fcb5c9a91d8b820e88f,,2026-07-14T18:28:29,2026-07-14,Unknown,,,,,,false
6a5680a8fd3689604eedcba7,,2026-07-14T18:32:10,2026-07-14,Unknown,,,,,,false
6a5683e35c9a91d8b820e891,,2026-07-14T18:45:57,2026-07-14,Unknown,,,,,,false
6a5685265c9a91d8b820e892,,2026-07-14T18:51:20,2026-07-14,Unknown,,,,,,false
6a5687f55c9a91d8b820e893,Matthew Walshe,2026-07-14T19:03:19,2026-07-14,SMB,lite,HubSpot Integration,true,false,active,true
6a5689ee5c9a91d8b820e894,,2026-07-14T19:11:44,2026-07-14,Unknown,,,,,,false
6a568a7d5c9a91d8b820e895,,2026-07-14T19:14:07,2026-07-14,Unknown,,,,,,false
6a568bbcfd3689604eedcba8,,2026-07-14T19:19:27,2026-07-14,Unknown,,,,,,false
6a568beb5c9a91d8b820e896,,2026-07-14T19:20:13,2026-07-14,Unknown,,,,,,false
6a568c775c9a91d8b820e897,,2026-07-14T19:22:32,2026-07-14,Unknown,,,,,,false
6a568cf0fd3689604eedcba9,,2026-07-14T19:24:34,2026-07-14,Unknown,,,,,,false
6a569103fd3689604eedcbab,,2026-07-14T19:41:58,2026-07-14,Unknown,,,,,,false
6a56917afd3689604eedcbac,,2026-07-14T19:43:56,2026-07-14,Unknown,,,,,,false
6a5692215c9a91d8b820e898,,2026-07-14T19:46:43,2026-07-14,Unknown,,,,,,false
6a5693295c9a91d8b820e899,Rael Hadley,2026-07-14T19:51:07,2026-07-14,SMB,lite,HubSpot Integration,true,false,active,true
6a56941e5c9a91d8b820e89a,,2026-07-14T19:55:13,2026-07-14,Unknown,,,,,,false
6a5694295c9a91d8b820e89b,,2026-07-14T19:55:26,2026-07-14,Unknown,,,,,,false
6a569442fd3689604eedcbad,,2026-07-14T19:55:48,2026-07-14,Unknown,,,,,,false
6a56972ffd3689604eedcbae,,2026-07-14T20:08:17,2026-07-14,Unknown,,,,,,false
6a5698935c9a91d8b820e89d,,2026-07-14T20:14:13,2026-07-14,Unknown,,,,,,false
6a569dba5c9a91d8b820e8a0,,2026-07-14T20:36:12,2026-07-14,Unknown,,,,,,false
6a56a374fd3689604eedcbb0,,2026-07-14T21:00:38,2026-07-14,Unknown,,,,,,false
6a56a43dfd3689604eedcbb1,,2026-07-14T21:03:58,2026-07-14,Unknown,,,,,,false
6a56a56e5c9a91d8b820e8a1,,2026-07-14T21:09:04,2026-07-14,Unknown,,,,,,false
6a56a5cbfd3689604eedcbb2,Leanne  Bardell,2026-07-14T21:10:37,2026-07-14,SMB,lite,HubSpot Integration,true,false,active,true
6a56a6affd3689604eedcbb3,,2026-07-14T21:14:25,2026-07-14,Unknown,,,,,,false
6a56ac605c9a91d8b820e8a2,,2026-07-14T21:38:42,2026-07-14,Unknown,,,,,,false
6a56adf35c9a91d8b820e8a3,,2026-07-14T21:45:25,2026-07-14,Unknown,,,,,,false
6a56ae455c9a91d8b820e8a5,,2026-07-14T21:46:47,2026-07-14,Unknown,,,,,,false
6a56b3555c9a91d8b820e8a6,,2026-07-14T22:08:23,2026-07-14,Unknown,,,,,,false
6a56b78e5c9a91d8b820e8a7,Justin Tremblay,2026-07-14T22:26:24,2026-07-14,SMB,lite,HubSpot Integration,true,false,active,true
6a56bcff5c9a91d8b820e8a8,,2026-07-14T22:49:37,2026-07-14,Unknown,,,,,,false
6a56be2d5c9a91d8b820e8a9,,2026-07-14T22:54:39,2026-07-14,Unknown,,,,,,false
6a56bfd55c9a91d8b820e8ab,,2026-07-14T23:01:43,2026-07-14,Unknown,,,,,,false
6a56bffefd3689604eedcbb4,,2026-07-14T23:02:25,2026-07-14,Unknown,,,,,,false
6a56cc335c9a91d8b820e8ad,,2026-07-14T23:54:29,2026-07-14,Unknown,,,,,,false
6a56ccd55c9a91d8b820e8ae,,2026-07-14T23:57:11,2026-07-14,Unknown,,,,,,false
6a56cff55c9a91d8b820e8af,,2026-07-15T00:10:31,2026-07-15,Unknown,,,,,,false
6a56d22d5c9a91d8b820e8b0,Michael  ash,2026-07-15T00:19:59,2026-07-15,SMB,lite,HubSpot Integration,false,false,inactive_cancelled_within_1yr,true
6a56d709fd3689604eedcbb6,,2026-07-15T00:40:43,2026-07-15,Unknown,,,,,,false
6a56d899fd3689604eedcbb7,,2026-07-15T00:47:26,2026-07-15,Unknown,,,,,,false
6a56d93b5c9a91d8b820e8b1,,2026-07-15T00:50:05,2026-07-15,Unknown,,,,,,false
6a56da555c9a91d8b820e8b2,,2026-07-15T00:54:47,2026-07-15,Unknown,,,,,,false
6a56dbf0fd3689604eedcbb8,,2026-07-15T01:01:38,2026-07-15,Unknown,,,,,,false
6a56e1f95c9a91d8b820e8b3,,2026-07-15T01:27:23,2026-07-15,Unknown,,,,,,false
6a56e34e5c9a91d8b820e8b4,,2026-07-15T01:33:03,2026-07-15,Unknown,,,,,,false
6a56e7a05c9a91d8b820e8b5,,2026-07-15T01:51:30,2026-07-15,Unknown,,,,,,false
6a56e844fd3689604eedcbb9,,2026-07-15T01:54:14,2026-07-15,Unknown,,,,,,false
6a56e8e5fd3689604eedcbba,,2026-07-15T01:56:56,2026-07-15,Unknown,,,,,,false
6a56eadbfd3689604eedcbbb,,2026-07-15T02:05:17,2026-07-15,Unknown,,,,,,false
6a56eb615c9a91d8b820e8b6,,2026-07-15T02:07:30,2026-07-15,Unknown,,,,,,false
6a56eb62fd3689604eedcbbc,,2026-07-15T02:07:31,2026-07-15,Unknown,,,,,,false
6a56edbbfd3689604eedcbbd,,2026-07-15T02:17:33,2026-07-15,Unknown,,,,,,false
6a56eed75c9a91d8b820e8b7,,2026-07-15T02:22:17,2026-07-15,Unknown,,,,,,false
6a56f12d5c9a91d8b820e8b9,,2026-07-15T02:32:15,2026-07-15,Unknown,,,,,,false
6a56f791fd3689604eedcbbf,,2026-07-15T02:59:31,2026-07-15,Unknown,,,,,,false
6a56f90b5c9a91d8b820e8bb,,2026-07-15T03:05:49,2026-07-15,Unknown,,,,,,false
6a56fa495c9a91d8b820e8bc,,2026-07-15T03:11:07,2026-07-15,Unknown,,,,,,false
6a56fcad5c9a91d8b820e8bd,,2026-07-15T03:21:19,2026-07-15,Unknown,,,,,,false
6a56fe3dfd3689604eedcbc0,,2026-07-15T03:27:59,2026-07-15,Unknown,,,,,,false
6a57066e5c9a91d8b820e8bf,,2026-07-15T04:02:56,2026-07-15,Unknown,,,,,,false
6a570751fd3689604eedcbc2,,2026-07-15T04:06:42,2026-07-15,Unknown,,,,,,false
6a570af75c9a91d8b820e8c0,,2026-07-15T04:22:17,2026-07-15,Unknown,,,,,,false
6a570c0b5c9a91d8b820e8c1,Priscilla Niemi,2026-07-15T04:26:53,2026-07-15,SMB,lite,HubSpot Integration,true,false,active,true
6a57140b5c9a91d8b820e8c2,,2026-07-15T05:01:01,2026-07-15,Unknown,,,,,,false
6a57145f5c9a91d8b820e8c3,,2026-07-15T05:02:24,2026-07-15,Unknown,,,,,,false
6a5714b85c9a91d8b820e8c4,,2026-07-15T05:03:54,2026-07-15,Unknown,,,,,,false
6a57151efd3689604eedcbc3,,2026-07-15T05:05:36,2026-07-15,Unknown,,,,,,false
6a57157b5c9a91d8b820e8c5,,2026-07-15T05:07:09,2026-07-15,Unknown,,,,,,false
6a5715d55c9a91d8b820e8c6,,2026-07-15T05:08:39,2026-07-15,Unknown,,,,,,false
6a57162ffd3689604eedcbc4,,2026-07-15T05:10:09,2026-07-15,Unknown,,,,,,false
6a57167cfd3689604eedcbc5,,2026-07-15T05:11:26,2026-07-15,Unknown,,,,,,false
6a5716cafd3689604eedcbc6,,2026-07-15T05:12:44,2026-07-15,Unknown,,,,,,false
6a5717165c9a91d8b820e8c7,,2026-07-15T05:14:00,2026-07-15,Unknown,,,,,,false
6a571760fd3689604eedcbc7,,2026-07-15T05:15:13,2026-07-15,Unknown,,,,,,false
6a5717adfd3689604eedcbc8,,2026-07-15T05:16:31,2026-07-15,Unknown,,,,,,false
6a57186bfd3689604eedcbc9,Andrew Pereira,2026-07-15T05:19:43,2026-07-15,SMB,lite,HubSpot Integration,true,false,active,true
6a57207b5c9a91d8b820e8c8,,2026-07-15T05:54:05,2026-07-15,Unknown,,,,,,false
6a572466fd3689604eedcbcb,Andreen Raymond,2026-07-15T06:10:49,2026-07-15,SMB,lite,HubSpot Integration,true,false,active,true
6a572fa55c9a91d8b820e8ca,,2026-07-15T06:58:47,2026-07-15,Unknown,,,,,,false
6a573075fd3689604eedcbce,,2026-07-15T07:02:15,2026-07-15,Unknown,,,,,,false
6a573164fd3689604eedcbcf,,2026-07-15T07:06:14,2026-07-15,Unknown,,,,,,false
6a573ef15c9a91d8b820e8cb,,2026-07-15T08:04:04,2026-07-15,Unknown,,,,,,false
6a573f04fd3689604eedcbd0,,2026-07-15T08:04:22,2026-07-15,Unknown,,,,,,false
6a57404b5c9a91d8b820e8cc,,2026-07-15T08:09:49,2026-07-15,Unknown,,,,,,false
6a574809fd3689604eedcbd2,,2026-07-15T08:42:51,2026-07-15,Unknown,,,,,,false
6a57480c5c9a91d8b820e8ce,,2026-07-15T08:42:54,2026-07-15,Unknown,,,,,,false
6a5748e4fd3689604eedcbd3,,2026-07-15T08:46:30,2026-07-15,Unknown,,,,,,false
6a574b25fd3689604eedcbd4,,2026-07-15T08:56:07,2026-07-15,Unknown,,,,,,false
6a574bd9fd3689604eedcbd5,,2026-07-15T08:59:07,2026-07-15,Unknown,,,,,,false
6a574c355c9a91d8b820e8cf,,2026-07-15T09:00:38,2026-07-15,Unknown,,,,,,false
6a574c8afd3689604eedcbd6,,2026-07-15T09:02:03,2026-07-15,Unknown,,,,,,false
6a574ce65c9a91d8b820e8d0,,2026-07-15T09:03:36,2026-07-15,Unknown,,,,,,false
6a574d3efd3689604eedcbd7,,2026-07-15T09:05:04,2026-07-15,Unknown,,,,,,false
6a574d755c9a91d8b820e8d1,,2026-07-15T09:06:00,2026-07-15,Unknown,,,,,,false
6a574dc85c9a91d8b820e8d2,,2026-07-15T09:07:22,2026-07-15,Unknown,,,,,,false
6a574e1ffd3689604eedcbd8,,2026-07-15T09:08:49,2026-07-15,Unknown,,,,,,false
6a574e6ffd3689604eedcbd9,,2026-07-15T09:10:09,2026-07-15,Unknown,,,,,,false
6a574ec1fd3689604eedcbda,,2026-07-15T09:11:31,2026-07-15,Unknown,,,,,,false
6a574f0b5c9a91d8b820e8d3,,2026-07-15T09:12:44,2026-07-15,Unknown,,,,,,false
6a574f50fd3689604eedcbdb,,2026-07-15T09:13:53,2026-07-15,Unknown,,,,,,false
6a574f9a5c9a91d8b820e8d4,,2026-07-15T09:15:08,2026-07-15,Unknown,,,,,,false
6a575119fd3689604eedcbdc,,2026-07-15T09:21:34,2026-07-15,Unknown,,,,,,false
6a575195fd3689604eedcbdd,,2026-07-15T09:23:35,2026-07-15,Unknown,,,,,,false
6a575203fd3689604eedcbde,,2026-07-15T09:25:24,2026-07-15,Unknown,,,,,,false
6a57543f5c9a91d8b820e8d5,,2026-07-15T09:34:57,2026-07-15,Unknown,,,,,,false
6a5755fcfd3689604eedcbdf,,2026-07-15T09:42:22,2026-07-15,Unknown,,,,,,false
6a575768fd3689604eedcbe0,,2026-07-15T09:48:26,2026-07-15,Unknown,,,,,,false
6a57577e5c9a91d8b820e8d7,,2026-07-15T09:48:50,2026-07-15,Unknown,,,,,,false
6a5761545c9a91d8b820e8d8,,2026-07-15T10:30:45,2026-07-15,Unknown,,,,,,false
6a5762b45c9a91d8b820e8d9,,2026-07-15T10:36:41,2026-07-15,Unknown,,,,,,false
6a5767fd5c9a91d8b820e8db,,2026-07-15T10:59:11,2026-07-15,Unknown,,,,,,false
6a576865fd3689604eedcbe1,,2026-07-15T11:00:56,2026-07-15,Unknown,,,,,,false
6a57687afd3689604eedcbe2,Alicia  Burton,2026-07-15T11:01:16,2026-07-15,SMB,lite,HubSpot Integration,true,false,active,true
6a5768c45c9a91d8b820e8dd,,2026-07-15T11:02:29,2026-07-15,Unknown,,,,,,false
6a576d185c9a91d8b820e8e0,,2026-07-15T11:20:58,2026-07-15,Unknown,,,,,,false
6a576e095c9a91d8b820e8e1,,2026-07-15T11:24:58,2026-07-15,Unknown,,,,,,false
6a5770045c9a91d8b820e8e2,,2026-07-15T11:33:26,2026-07-15,Unknown,,,,,,false
6a5771c1fd3689604eedcbe3,,2026-07-15T11:40:50,2026-07-15,Unknown,,,,,,false
6a5772e9fd3689604eedcbe4,,2026-07-15T11:45:49,2026-07-15,Unknown,,,,,,false
6a577315fd3689604eedcbe5,,2026-07-15T11:46:31,2026-07-15,Unknown,,,,,,false
6a57736bfd3689604eedcbe6,,2026-07-15T11:47:57,2026-07-15,Unknown,,,,,,false
6a5774f9fd3689604eedcbe7,,2026-07-15T11:54:36,2026-07-15,Unknown,,,,,,false
6a57759a5c9a91d8b820e8e3,,2026-07-15T11:57:16,2026-07-15,Unknown,,,,,,false
6a57763f5c9a91d8b820e8e4,,2026-07-15T12:00:01,2026-07-15,Unknown,,,,,,false
6a577c27fd3689604eedcbe8,,2026-07-15T12:25:13,2026-07-15,Unknown,,,,,,false
6a577dc8fd3689604eedcbe9,,2026-07-15T12:32:11,2026-07-15,Unknown,,,,,,false
6a577f2ffd3689604eedcbea,Dee Wally,2026-07-15T12:38:09,2026-07-15,SMB,lite,HubSpot Integration,true,false,active,true
6a578135fd3689604eedcbeb,,2026-07-15T12:46:47,2026-07-15,Unknown,,,,,,false
6a578138fd3689604eedcbec,,2026-07-15T12:46:49,2026-07-15,Unknown,,,,,,false
6a5781ba5c9a91d8b820e8e7,,2026-07-15T12:49:00,2026-07-15,Unknown,,,,,,false
6a57828cfd3689604eedcbed,,2026-07-15T12:52:30,2026-07-15,Unknown,,,,,,false
6a57837efd3689604eedcbef,,2026-07-15T12:56:32,2026-07-15,Unknown,,,,,,false
6a5784775c9a91d8b820e8e8,,2026-07-15T13:00:41,2026-07-15,Unknown,,,,,,false
6a5784cd5c9a91d8b820e8e9,,2026-07-15T13:02:07,2026-07-15,Unknown,,,,,,false
6a5784f85c9a91d8b820e8ea,,2026-07-15T13:02:53,2026-07-15,Unknown,,,,,,false
6a578529fd3689604eedcbf0,,2026-07-15T13:03:39,2026-07-15,Unknown,,,,,,false
6a57857f5c9a91d8b820e8eb,,2026-07-15T13:05:06,2026-07-15,Unknown,,,,,,false
6a5785b5fd3689604eedcbf1,,2026-07-15T13:05:59,2026-07-15,Unknown,,,,,,false
6a5785d45c9a91d8b820e8ed,,2026-07-15T13:06:30,2026-07-15,Unknown,,,,,,false
6a57862afd3689604eedcbf2,,2026-07-15T13:07:56,2026-07-15,Unknown,,,,,,false
6a578675fd3689604eedcbf3,,2026-07-15T13:09:11,2026-07-15,Unknown,,,,,,false
6a5786ab5c9a91d8b820e8ee,,2026-07-15T13:10:04,2026-07-15,Unknown,,,,,,false
6a5786c5fd3689604eedcbf4,,2026-07-15T13:10:31,2026-07-15,Unknown,,,,,,false
6a578715fd3689604eedcbf5,,2026-07-15T13:11:51,2026-07-15,Unknown,,,,,,false
6a578767fd3689604eedcbf6,,2026-07-15T13:13:13,2026-07-15,Unknown,,,,,,false
6a578778fd3689604eedcbf7,,2026-07-15T13:13:30,2026-07-15,Unknown,,,,,,false
6a5787acfd3689604eedcbf8,,2026-07-15T13:14:21,2026-07-15,Unknown,,,,,,false
6a5787fe5c9a91d8b820e8ef,,2026-07-15T13:15:44,2026-07-15,Unknown,,,,,,false
6a5789eefd3689604eedcbf9,,2026-07-15T13:24:00,2026-07-15,Unknown,,,,,,false
6a578a7cfd3689604eedcbfb,,2026-07-15T13:26:22,2026-07-15,Unknown,,,,,,false
6a578a84fd3689604eedcbfc,,2026-07-15T13:26:29,2026-07-15,Unknown,,,,,,false
6a578b935c9a91d8b820e8f0,,2026-07-15T13:31:01,2026-07-15,Unknown,,,,,,false
6a578c6afd3689604eedcbfd,,2026-07-15T13:34:35,2026-07-15,Unknown,,,,,,false
6a578d585c9a91d8b820e8f1,,2026-07-15T13:38:34,2026-07-15,Unknown,,,,,,false
6a578d96fd3689604eedcbfe,,2026-07-15T13:39:36,2026-07-15,Unknown,,,,,,false
6a578eb4fd3689604eedcbff,,2026-07-15T13:44:22,2026-07-15,Unknown,,,,,,false
6a578efbfd3689604eedcc00,,2026-07-15T13:45:32,2026-07-15,Unknown,,,,,,false
6a578f465c9a91d8b820e8f2,,2026-07-15T13:46:48,2026-07-15,Unknown,,,,,,false
6a57929a5c9a91d8b820e8f3,,2026-07-15T14:01:00,2026-07-15,Unknown,,,,,,false
6a579404fd3689604eedcc01,,2026-07-15T14:07:02,2026-07-15,Unknown,,,,,,false
6a5794385c9a91d8b820e8f4,,2026-07-15T14:07:57,2026-07-15,Unknown,,,,,,false
6a579816fd3689604eedcc03,Steven Smith,2026-07-15T14:24:24,2026-07-15,SMB,lite,HubSpot Integration,true,false,active,true
6a579a78fd3689604eedcc04,,2026-07-15T14:34:34,2026-07-15,Unknown,,,,,,false
6a579a815c9a91d8b820e8f5,,2026-07-15T14:34:42,2026-07-15,Unknown,,,,,,false
6a579d025c9a91d8b820e8f6,,2026-07-15T14:45:27,2026-07-15,Unknown,,,,,,false
6a579d625c9a91d8b820e8f7,,2026-07-15T14:47:00,2026-07-15,Unknown,,,,,,false
6a579e42fd3689604eedcc05,,2026-07-15T14:50:44,2026-07-15,Unknown,,,,,,false
6a57a1c7fd3689604eedcc06,,2026-07-15T15:05:46,2026-07-15,Unknown,,,,,,false
6a57a2e32a2b170013001538,,2026-07-15T15:10:27,2026-07-15,Unknown,,,,,,false
6a57a74c5c9a91d8b820e8f9,,2026-07-15T15:29:18,2026-07-15,Unknown,,,,,,false
6a57a9495c9a91d8b820e8fa,,2026-07-15T15:37:47,2026-07-15,Unknown,,,,,,false
6a57aa2a5c9a91d8b820e8fc,,2026-07-15T15:41:32,2026-07-15,Unknown,,,,,,false
6a57ae085c9a91d8b820e8fe,Priyanshu kumar,2026-07-15T15:58:02,2026-07-15,SMB,lite,HubSpot Integration,true,false,active,true
6a57ae6c5c9a91d8b820e8ff,,2026-07-15T15:59:42,2026-07-15,Unknown,,,,,,false
6a57af22fd3689604eedcc07,,2026-07-15T16:02:44,2026-07-15,Unknown,,,,,,false
6a57b0d75c9a91d8b820e900,,2026-07-15T16:10:01,2026-07-15,Unknown,,,,,,false
6a57b1fe5c9a91d8b820e902,,2026-07-15T16:14:55,2026-07-15,Unknown,,,,,,false
6a57b23d5c9a91d8b820e904,,2026-07-15T16:15:59,2026-07-15,Unknown,,,,,,false
6a57b3a9fd3689604eedcc08,,2026-07-15T16:22:03,2026-07-15,Unknown,,,,,,false
6a57b402fd3689604eedcc09,,2026-07-15T16:23:32,2026-07-15,Unknown,,,,,,false
6a57b4f75c9a91d8b820e905,Jamal Jawhar,2026-07-15T16:27:37,2026-07-15,SMB,lite,HubSpot Integration,true,false,active,true
6a57b6fd5c9a91d8b820e906,,2026-07-15T16:36:16,2026-07-15,Unknown,,,,,,false
6a57b8b95c9a91d8b820e907,,2026-07-15T16:43:38,2026-07-15,Unknown,,,,,,false
6a57baebfd3689604eedcc0a,,2026-07-15T16:53:03,2026-07-15,Unknown,,,,,,false
6a57bbf95c9a91d8b820e908,Sean Rich,2026-07-15T16:57:31,2026-07-15,SMB,lite,HubSpot Integration,true,false,active,true
6a57bcb65c9a91d8b820e909,,2026-07-15T17:00:40,2026-07-15,Unknown,,,,,,false
6a57bd13fd3689604eedcc0b,,2026-07-15T17:02:13,2026-07-15,Unknown,,,,,,false
6a57bd73fd3689604eedcc0c,,2026-07-15T17:03:49,2026-07-15,Unknown,,,,,,false
6a57bdda5c9a91d8b820e90a,,2026-07-15T17:05:31,2026-07-15,Unknown,,,,,,false
6a57be39fd3689604eedcc0d,,2026-07-15T17:07:07,2026-07-15,Unknown,,,,,,false
6a57be97fd3689604eedcc0e,,2026-07-15T17:08:50,2026-07-15,Unknown,,,,,,false
6a57bef05c9a91d8b820e90b,,2026-07-15T17:10:10,2026-07-15,Unknown,,,,,,false
6a57bf3b5c9a91d8b820e90c,,2026-07-15T17:11:25,2026-07-15,Unknown,,,,,,false
6a57bf91fd3689604eedcc0f,,2026-07-15T17:12:51,2026-07-15,Unknown,,,,,,false
6a57bfe05c9a91d8b820e90d,,2026-07-15T17:14:10,2026-07-15,Unknown,,,,,,false
6a57c0325c9a91d8b820e90e,,2026-07-15T17:15:32,2026-07-15,Unknown,,,,,,false
6a57c0825c9a91d8b820e90f,,2026-07-15T17:16:52,2026-07-15,Unknown,,,,,,false
6a57c7285c9a91d8b820e910,,2026-07-15T17:45:14,2026-07-15,Unknown,,,,,,false
6a57c7805c9a91d8b820e911,,2026-07-15T17:46:42,2026-07-15,Unknown,,,,,,false
6a57c7abfd3689604eedcc11,,2026-07-15T17:47:24,2026-07-15,Unknown,,,,,,false
6a57c8af5c9a91d8b820e912,,2026-07-15T17:51:46,2026-07-15,Unknown,,,,,,false
6a57cc1dfd3689604eedcc12,,2026-07-15T18:06:23,2026-07-15,Unknown,,,,,,false
6a57cc955c9a91d8b820e913,,2026-07-15T18:08:23,2026-07-15,Unknown,,,,,,false
6a57cd56fd3689604eedcc13,,2026-07-15T18:11:36,2026-07-15,Unknown,,,,,,false
6a57ce245c9a91d8b820e914,,2026-07-15T18:15:02,2026-07-15,Unknown,,,,,,false
6a57d3205c9a91d8b820e915,,2026-07-15T18:36:18,2026-07-15,Unknown,,,,,,false
6a57d41e5c9a91d8b820e916,,2026-07-15T18:40:35,2026-07-15,Unknown,,,,,,false
6a57d4fd5c9a91d8b820e917,,2026-07-15T18:44:14,2026-07-15,Unknown,,,,,,false
6a57d7a15c9a91d8b820e918,,2026-07-15T18:55:30,2026-07-15,Unknown,,,,,,false
6a57d8ee5c9a91d8b820e919,,2026-07-15T19:01:04,2026-07-15,Unknown,,,,,,false
6a57d9215c9a91d8b820e91a,,2026-07-15T19:01:55,2026-07-15,Unknown,,,,,,false
6a57d9f2fd3689604eedcc17,,2026-07-15T19:05:24,2026-07-15,Unknown,,,,,,false
6a57ddb05c9a91d8b820e91b,,2026-07-15T19:21:22,2026-07-15,Unknown,,,,,,false
6a57df2f5c9a91d8b820e91c,,2026-07-15T19:27:46,2026-07-15,Unknown,,,,,,false
6a57e3895c9a91d8b820e91d,,2026-07-15T19:46:19,2026-07-15,Unknown,,,,,,false
6a57e4b25c9a91d8b820e91f,,2026-07-15T19:51:16,2026-07-15,Unknown,,,,,,false
6a57e5265c9a91d8b820e920,,2026-07-15T19:53:11,2026-07-15,Unknown,,,,,,false
6a57e59d5c9a91d8b820e921,Theodore Cook,2026-07-15T19:55:11,2026-07-15,SMB,lite,HubSpot Integration,true,false,active,true
6a57e637fd3689604eedcc19,,2026-07-15T19:57:44,2026-07-15,Unknown,,,,,,false
6a57e640fd3689604eedcc1a,,2026-07-15T19:57:54,2026-07-15,Unknown,,,,,,false
6a57e97afd3689604eedcc1b,,2026-07-15T20:11:41,2026-07-15,Unknown,,,,,,false
6a57ea4dfd3689604eedcc1c,,2026-07-15T20:15:11,2026-07-15,Unknown,,,,,,false
6a57eb0dfd3689604eedcc1d,,2026-07-15T20:18:23,2026-07-15,Unknown,,,,,,false
6a57eb925c9a91d8b820e922,,2026-07-15T20:20:36,2026-07-15,Unknown,,,,,,false
6a57eb9ffd3689604eedcc1e,,2026-07-15T20:20:48,2026-07-15,Unknown,,,,,,false
6a57f0635c9a91d8b820e924,,2026-07-15T20:41:09,2026-07-15,Unknown,,,,,,false
6a57f3c25c9a91d8b820e925,,2026-07-15T20:55:32,2026-07-15,Unknown,,,,,,false
6a57f4a15c9a91d8b820e926,,2026-07-15T20:59:15,2026-07-15,Unknown,,,,,,false
6a57f8ebfd3689604eedcc20,,2026-07-15T21:17:36,2026-07-15,Unknown,,,,,,false
6a57fb1ffa74661747556b0f,,2026-07-15T21:26:55,2026-07-15,Unknown,,,,,,false
6a580211fd3689604eedcc21,,2026-07-15T21:56:35,2026-07-15,Unknown,,,,,,false
6a58082ffd3689604eedcc22,,2026-07-15T22:22:42,2026-07-15,Unknown,,,,,,false
6a58091a5c9a91d8b820e929,Tracy Lightsey,2026-07-15T22:26:36,2026-07-15,SMB,lite,HubSpot Integration,true,false,active,true
6a58099bfd3689604eedcc23,,2026-07-15T22:28:47,2026-07-15,Unknown,,,,,,false
6a580c485c9a91d8b820e92a,,2026-07-15T22:40:10,2026-07-15,Unknown,,,,,,false
6a580cc25c9a91d8b820e92b,,2026-07-15T22:42:12,2026-07-15,Unknown,,,,,,false
6a58110b5c9a91d8b820e92c,,2026-07-15T23:00:29,2026-07-15,Unknown,,,,,,false
6a5812a1fd3689604eedcc24,Shrikar Somayajula,2026-07-15T23:07:15,2026-07-15,SMB,lite,HubSpot Integration,true,false,active,true
6a5812a5fd3689604eedcc25,,2026-07-15T23:07:18,2026-07-15,Unknown,,,,,,false
6a5816675c9a91d8b820e92d,,2026-07-15T23:23:23,2026-07-15,Unknown,,,,,,false
6a581cadfd3689604eedcc26,,2026-07-15T23:50:07,2026-07-15,Unknown,,,,,,false
6a581d48fd3689604eedcc27,,2026-07-15T23:52:42,2026-07-15,Unknown,,,,,,false
6a581e675c9a91d8b820e92e,,2026-07-15T23:57:29,2026-07-15,Unknown,,,,,,false
6a581fdc5c9a91d8b820e92f,,2026-07-16T00:03:42,2026-07-16,Unknown,,,,,,false
6a5827eefd3689604eedcc28,,2026-07-16T00:38:08,2026-07-16,Unknown,,,,,,false
6a582d69fd3689604eedcc29,,2026-07-16T01:01:31,2026-07-16,Unknown,,,,,,false
6a583bdcfd3689604eedcc2a,,2026-07-16T02:03:10,2026-07-16,Unknown,,,,,,false
6a583e37fd3689604eedcc2b,,2026-07-16T02:13:13,2026-07-16,Unknown,,,,,,false
6a58402cfd3689604eedcc2c,,2026-07-16T02:21:34,2026-07-16,Unknown,,,,,,false
6a5843cefd3689604eedcc2d,John  Antar,2026-07-16T02:37:04,2026-07-16,SMB,lite,HubSpot Integration,true,false,active,true
6a5844255c9a91d8b820e931,,2026-07-16T02:38:31,2026-07-16,Unknown,,,,,,false
6a58492bfd3689604eedcc2e,,2026-07-16T02:59:57,2026-07-16,Unknown,,,,,,false
6a584ca7fd3689604eedcc30,,2026-07-16T03:14:49,2026-07-16,Unknown,,,,,,false
6a584e8d5c9a91d8b820e932,,2026-07-16T03:22:56,2026-07-16,Unknown,,,,,,false
6a58508efd3689604eedcc31,Tim Caro,2026-07-16T03:31:28,2026-07-16,SMB,lite,none,true,false,active,true
6a585518fd3689604eedcc32,,2026-07-16T03:50:50,2026-07-16,Unknown,,,,,,false
6a585a9ffd3689604eedcc33,,2026-07-16T04:14:25,2026-07-16,Unknown,,,,,,false
6a585be2fd3689604eedcc34,,2026-07-16T04:19:48,2026-07-16,Unknown,,,,,,false
6a585db95c9a91d8b820e934,,2026-07-16T04:27:38,2026-07-16,Unknown,,,,,,false
6a585f275c9a91d8b820e935,,2026-07-16T04:33:45,2026-07-16,Unknown,,,,,,false
6a5863125c9a91d8b820e936,Gustavo Silveira,2026-07-16T04:50:28,2026-07-16,SMB,lite,HubSpot Integration,true,false,active,true
6a5865915c9a91d8b820e937,,2026-07-16T05:01:07,2026-07-16,Unknown,,,,,,false
6a5865f25c9a91d8b820e938,,2026-07-16T05:02:44,2026-07-16,Unknown,,,,,,false
6a58662b5c9a91d8b820e939,,2026-07-16T05:03:41,2026-07-16,Unknown,,,,,,false
6a586650fd3689604eedcc35,,2026-07-16T05:04:18,2026-07-16,Unknown,,,,,,false
6a5866875c9a91d8b820e93a,,2026-07-16T05:05:12,2026-07-16,Unknown,,,,,,false
6a5866b25c9a91d8b820e93b,,2026-07-16T05:05:56,2026-07-16,Unknown,,,,,,false
6a5867315c9a91d8b820e93c,,2026-07-16T05:08:02,2026-07-16,Unknown,,,,,,false
6a5867345c9a91d8b820e93d,,2026-07-16T05:08:06,2026-07-16,Unknown,,,,,,false
6a586793fd3689604eedcc36,,2026-07-16T05:09:41,2026-07-16,Unknown,,,,,,false
6a5867effd3689604eedcc37,,2026-07-16T05:11:13,2026-07-16,Unknown,,,,,,false
6a58683dfd3689604eedcc38,,2026-07-16T05:12:31,2026-07-16,Unknown,,,,,,false
6a5868705c9a91d8b820e93e,,2026-07-16T05:13:22,2026-07-16,Unknown,,,,,,false
6a58688ffd3689604eedcc39,,2026-07-16T05:13:53,2026-07-16,Unknown,,,,,,false
6a5868adfd3689604eedcc3a,,2026-07-16T05:14:23,2026-07-16,Unknown,,,,,,false
6a5868e1fd3689604eedcc3b,,2026-07-16T05:15:14,2026-07-16,Unknown,,,,,,false
6a5868e85c9a91d8b820e93f,,2026-07-16T05:15:22,2026-07-16,Unknown,,,,,,false
6a58692d5c9a91d8b820e940,,2026-07-16T05:16:31,2026-07-16,Unknown,,,,,,false
6a586978fd3689604eedcc3c,,2026-07-16T05:17:46,2026-07-16,Unknown,,,,,,false
6a586b6afd3689604eedcc3d,,2026-07-16T05:26:03,2026-07-16,Unknown,,,,,,false
6a587151fd3689604eedcc3e,,2026-07-16T05:51:15,2026-07-16,Unknown,,,,,,false
6a5872df5c9a91d8b820e941,,2026-07-16T05:57:53,2026-07-16,Unknown,,,,,,false
6a587412fd3689604eedcc40,,2026-07-16T06:03:00,2026-07-16,Unknown,,,,,,false
6a5879f15c9a91d8b820e942,,2026-07-16T06:28:05,2026-07-16,Unknown,,,,,,false
6a587a255c9a91d8b820e943,,2026-07-16T06:28:54,2026-07-16,Unknown,,,,,,false
6a587b24fd3689604eedcc42,,2026-07-16T06:33:10,2026-07-16,Unknown,,,,,,false
6a587d865c9a91d8b820e944,,2026-07-16T06:43:22,2026-07-16,Unknown,,,,,,false
6a587de2fd3689604eedcc43,,2026-07-16T06:44:52,2026-07-16,Unknown,,,,,,false
6a587e2a5c9a91d8b820e945,,2026-07-16T06:46:04,2026-07-16,Unknown,,,,,,false
6a587ea0fd3689604eedcc44,,2026-07-16T06:48:02,2026-07-16,Unknown,,,,,,false
6a587fca5c9a91d8b820e947,,2026-07-16T06:53:00,2026-07-16,Unknown,,,,,,false
6a5881c25c9a91d8b820e948,,2026-07-16T07:01:24,2026-07-16,Unknown,,,,,,false
6a5881d85c9a91d8b820e949,,2026-07-16T07:01:45,2026-07-16,Unknown,,,,,,false
6a588271fd3689604eedcc45,,2026-07-16T07:04:19,2026-07-16,Unknown,,,,,,false
6a588393fd3689604eedcc46,,2026-07-16T07:09:09,2026-07-16,Unknown,,,,,,false
6a588442fd3689604eedcc47,,2026-07-16T07:12:04,2026-07-16,Unknown,,,,,,false
6a58850dfd3689604eedcc48,,2026-07-16T07:15:26,2026-07-16,Unknown,,,,,,false
6a588606fd3689604eedcc49,,2026-07-16T07:19:36,2026-07-16,Unknown,,,,,,false
6a58882cfd3689604eedcc4a,,2026-07-16T07:28:46,2026-07-16,Unknown,,,,,,false
6a588a74fd3689604eedcc4b,,2026-07-16T07:38:30,2026-07-16,Unknown,,,,,,false
6a588c5afd3689604eedcc4c,,2026-07-16T07:46:36,2026-07-16,Unknown,,,,,,false
6a58903e5c9a91d8b820e94b,,2026-07-16T08:03:11,2026-07-16,Unknown,,,,,,false
6a5892c65c9a91d8b820e94c,,2026-07-16T08:14:00,2026-07-16,Unknown,,,,,,false
6a5893de5c9a91d8b820e94e,,2026-07-16T08:18:39,2026-07-16,Unknown,,,,,,false
6a5896015c9a91d8b820e94f,,2026-07-16T08:27:47,2026-07-16,Unknown,,,,,,false
6a5897cc5c9a91d8b820e950,,2026-07-16T08:35:26,2026-07-16,Unknown,,,,,,false
6a589a4f5c9a91d8b820e951,,2026-07-16T08:46:09,2026-07-16,Unknown,,,,,,false
6a589db75c9a91d8b820e952,,2026-07-16T09:00:41,2026-07-16,Unknown,,,,,,false
6a589e0e5c9a91d8b820e953,,2026-07-16T09:02:08,2026-07-16,Unknown,,,,,,false
6a589e8331bd42c1e64066d8,,2026-07-16T09:04:05,2026-07-16,Unknown,,,,,,false
6a589ef75c9a91d8b820e954,,2026-07-16T09:06:01,2026-07-16,Unknown,,,,,,false
6a589f5231bd42c1e64066d9,,2026-07-16T09:07:31,2026-07-16,Unknown,,,,,,false
6a589f9d31bd42c1e64066da,,2026-07-16T09:08:47,2026-07-16,Unknown,,,,,,false
6a589fd85c9a91d8b820e955,,2026-07-16T09:09:46,2026-07-16,Unknown,,,,,,false
6a589ff35c9a91d8b820e956,,2026-07-16T09:10:12,2026-07-16,Unknown,,,,,,false
6a58a0185c9a91d8b820e957,,2026-07-16T09:10:50,2026-07-16,Unknown,,,,,,false
6a58a03e5c9a91d8b820e958,,2026-07-16T09:11:28,2026-07-16,Unknown,,,,,,false
6a58a08e31bd42c1e64066db,,2026-07-16T09:12:48,2026-07-16,Unknown,,,,,,false
6a58a0d731bd42c1e64066dd,,2026-07-16T09:14:01,2026-07-16,Unknown,,,,,,false
6a58a12331bd42c1e64066de,,2026-07-16T09:15:17,2026-07-16,Unknown,,,,,,false
6a58a16c31bd42c1e64066df,,2026-07-16T09:16:30,2026-07-16,Unknown,,,,,,false
6a58a30231bd42c1e64066e0,,2026-07-16T09:23:16,2026-07-16,Unknown,,,,,,false
6a58a47d5c9a91d8b820e959,,2026-07-16T09:29:34,2026-07-16,Unknown,,,,,,false
6a58a56131bd42c1e64066e1,,2026-07-16T09:33:23,2026-07-16,Unknown,,,,,,false
6a58a6665c9a91d8b820e95a,,2026-07-16T09:37:43,2026-07-16,Unknown,,,,,,false
6a58a71a5c9a91d8b820e95b,,2026-07-16T09:40:44,2026-07-16,Unknown,,,,,,false
6a58af5e5c9a91d8b820e95c,,2026-07-16T10:16:00,2026-07-16,Unknown,,,,,,false
6a58b1b15c9a91d8b820e95d,,2026-07-16T10:25:55,2026-07-16,Unknown,,,,,,false
6a58b31d5c9a91d8b820e95e,,2026-07-16T10:31:58,2026-07-16,Unknown,,,,,,false
6a58b3bd5c9a91d8b820e95f,,2026-07-16T10:34:38,2026-07-16,Unknown,,,,,,false
6a58b4f05c9a91d8b820e960,,2026-07-16T10:39:45,2026-07-16,Unknown,,,,,,false
6a58b56631bd42c1e64066e2,,2026-07-16T10:41:44,2026-07-16,Unknown,,,,,,false
6a58b65631bd42c1e64066e3,,2026-07-16T10:45:44,2026-07-16,Unknown,,,,,,false
6a58b6e35c9a91d8b820e961,,2026-07-16T10:48:05,2026-07-16,Unknown,,,,,,false
6a58b74531bd42c1e64066e4,,2026-07-16T10:49:43,2026-07-16,Unknown,,,,,,false
6a58b86b31bd42c1e64066e5,,2026-07-16T10:54:37,2026-07-16,Unknown,,,,,,false
6a58b8b331bd42c1e64066e6,,2026-07-16T10:55:49,2026-07-16,Unknown,,,,,,false
6a58be3e31bd42c1e64066e7,Oran Nahman,2026-07-16T11:19:28,2026-07-16,SMB,lite,HubSpot Integration,true,false,active,true
6a58be945c9a91d8b820e962,,2026-07-16T11:20:54,2026-07-16,Unknown,,,,,,false
6a58c29731bd42c1e64066e8,,2026-07-16T11:38:02,2026-07-16,Unknown,,,,,,false
6a58c4335c9a91d8b820e963,Abdulhadi Alshamrani,2026-07-16T11:44:52,2026-07-16,SMB,lite,HubSpot Integration,true,false,active,true
6a58ca3343f2989566ea9ee5,,2026-07-16T12:10:30,2026-07-16,Unknown,,,,,,false
6a58ca595c9a91d8b820e964,,2026-07-16T12:11:07,2026-07-16,Unknown,,,,,,false
6a58d03631bd42c1e64066e9,,2026-07-16T12:36:08,2026-07-16,Unknown,,,,,,false
6a58d1275c9a91d8b820e966,,2026-07-16T12:40:10,2026-07-16,Unknown,,,,,,false
6a58d20a5c9a91d8b820e967,,2026-07-16T12:43:56,2026-07-16,Unknown,,,,,,false
6a58d24231bd42c1e64066ea,,2026-07-16T12:44:52,2026-07-16,Unknown,,,,,,false
6a58d37531bd42c1e64066eb,,2026-07-16T12:49:59,2026-07-16,Unknown,,,,,,false
6a58d3945c9a91d8b820e968,,2026-07-16T12:50:30,2026-07-16,Unknown,,,,,,false
6a58d44f5c9a91d8b820e969,,2026-07-16T12:53:36,2026-07-16,Unknown,,,,,,false
6a58d4c55c9a91d8b820e96a,AMBER MERTES,2026-07-16T12:55:35,2026-07-16,SMB,lite,HubSpot Integration,true,false,active,true
6a58d55d5c9a91d8b820e96b,,2026-07-16T12:58:06,2026-07-16,Unknown,,,,,,false
6a58d5625c9a91d8b820e96c,,2026-07-16T12:58:12,2026-07-16,Unknown,,,,,,false
6a58d5d85c9a91d8b820e96d,,2026-07-16T13:00:10,2026-07-16,Unknown,,,,,,false
6a58d5f95c9a91d8b820e96e,,2026-07-16T13:00:43,2026-07-16,Unknown,,,,,,false
6a58d6555c9a91d8b820e96f,,2026-07-16T13:02:15,2026-07-16,Unknown,,,,,,false
6a58d6cb5c9a91d8b820e970,,2026-07-16T13:04:13,2026-07-16,Unknown,,,,,,false
6a58d75731bd42c1e64066ef,,2026-07-16T13:06:33,2026-07-16,Unknown,,,,,,false
6a58d7b05c9a91d8b820e972,,2026-07-16T13:08:02,2026-07-16,Unknown,,,,,,false
6a58d7bb5c9a91d8b820e973,,2026-07-16T13:08:13,2026-07-16,Unknown,,,,,,false
6a58d82831bd42c1e64066f0,,2026-07-16T13:10:03,2026-07-16,Unknown,,,,,,false
6a58d87c5c9a91d8b820e974,,2026-07-16T13:11:26,2026-07-16,Unknown,,,,,,false
6a58d8c75c9a91d8b820e975,,2026-07-16T13:12:41,2026-07-16,Unknown,,,,,,false
6a58d9115c9a91d8b820e976,,2026-07-16T13:13:55,2026-07-16,Unknown,,,,,,false
6a58d95e31bd42c1e64066f1,,2026-07-16T13:15:12,2026-07-16,Unknown,,,,,,false
6a58d9b05c9a91d8b820e977,,2026-07-16T13:16:34,2026-07-16,Unknown,,,,,,false
6a58d9fc5c9a91d8b820e978,,2026-07-16T13:17:50,2026-07-16,Unknown,,,,,,false
6a58da6931bd42c1e64066f2,,2026-07-16T13:19:39,2026-07-16,Unknown,,,,,,false
6a58e23f31bd42c1e64066f3,,2026-07-16T13:53:05,2026-07-16,Unknown,,,,,,false
6a58e2945c9a91d8b820e97c,,2026-07-16T13:54:30,2026-07-16,Unknown,,,,,,false
6a58e7185c9a91d8b820e97d,,2026-07-16T14:13:46,2026-07-16,Unknown,,,,,,false
6a58e75431bd42c1e64066f4,,2026-07-16T14:14:46,2026-07-16,Unknown,,,,,,false
6a58e82031bd42c1e64066f5,,2026-07-16T14:18:10,2026-07-16,Unknown,,,,,,false
6a58e8805c9a91d8b820e97e,,2026-07-16T14:19:46,2026-07-16,Unknown,,,,,,false
6a58edbc31bd42c1e64066f8,,2026-07-16T14:42:06,2026-07-16,Unknown,,,,,,false
6a58ee1431bd42c1e64066fb,,2026-07-16T14:43:34,2026-07-16,Unknown,,,,,,false
6a58eea331bd42c1e64066fc,,2026-07-16T14:45:57,2026-07-16,Unknown,,,,,,false
6a58eed831bd42c1e64066fd,,2026-07-16T14:46:50,2026-07-16,Unknown,,,,,,false
6a58f1e14a4c267b3be2d2cf,,2026-07-16T14:59:48,2026-07-16,Unknown,,,,,,false
6a58f22531bd42c1e64066ff,,2026-07-16T15:00:55,2026-07-16,Unknown,,,,,,false
6a58f3224a4c267b3be2d2d0,,2026-07-16T15:05:09,2026-07-16,Unknown,,,,,,false
6a58f3484a4c267b3be2d2d2,,2026-07-16T15:05:46,2026-07-16,Unknown,,,,,,false
6a58f3c031bd42c1e6406705,,2026-07-16T15:07:46,2026-07-16,Unknown,,,,,,false
6a58f3cf4a4c267b3be2d2d4,,2026-07-16T15:08:01,2026-07-16,Unknown,,,,,,false
6a58f4244a4c267b3be2d2d6,,2026-07-16T15:09:26,2026-07-16,Unknown,,,,,,false
6a58f5174a4c267b3be2d2d7,,2026-07-16T15:13:28,2026-07-16,Unknown,,,,,,false
6a58f51f31bd42c1e6406708,,2026-07-16T15:13:37,2026-07-16,Unknown,,,,,,false
6a58f5584a4c267b3be2d2d8,,2026-07-16T15:14:34,2026-07-16,Unknown,,,,,,false
6a58f5714a4c267b3be2d2d9,,2026-07-16T15:15:00,2026-07-16,Unknown,,,,,,false
6a58f58a4a4c267b3be2d2da,,2026-07-16T15:15:24,2026-07-16,Unknown,,,,,,false
6a58f5f54a4c267b3be2d2db,,2026-07-16T15:17:11,2026-07-16,Unknown,,,,,,false
6a58f7b94a4c267b3be2d2de,,2026-07-16T15:24:43,2026-07-16,Unknown,,,,,,false
6a58f7ea31bd42c1e640670c,,2026-07-16T15:25:32,2026-07-16,Unknown,,,,,,false
6a58f8d24a4c267b3be2d2e1,,2026-07-16T15:29:25,2026-07-16,Unknown,,,,,,false
6a58f8d431bd42c1e640670e,,2026-07-16T15:29:26,2026-07-16,Unknown,,,,,,false
6a58f8f14a4c267b3be2d2e3,Josseline Pellerin,2026-07-16T15:29:55,2026-07-16,SMB,lite,HubSpot Integration,true,false,active,true
6a58fb354a4c267b3be2d2e4,,2026-07-16T15:39:35,2026-07-16,Unknown,,,,,,false
6a58fbc04a4c267b3be2d2e5,,2026-07-16T15:41:54,2026-07-16,Unknown,,,,,,false
6a58fbe94a4c267b3be2d2e6,,2026-07-16T15:42:35,2026-07-16,Unknown,,,,,,false
6a58fce131bd42c1e6406714,,2026-07-16T15:46:43,2026-07-16,Unknown,,,,,,false
6a58ff974a4c267b3be2d2e8,,2026-07-16T15:58:17,2026-07-16,Unknown,,,,,,false
6a5900a94a4c267b3be2d2e9,,2026-07-16T16:02:51,2026-07-16,Unknown,,,,,,false
6a59012931bd42c1e6406715,,2026-07-16T16:04:59,2026-07-16,Unknown,,,,,,false
6a59014e4a4c267b3be2d2ea,,2026-07-16T16:05:36,2026-07-16,Unknown,,,,,,false
6a5901b44a4c267b3be2d2eb,,2026-07-16T16:07:17,2026-07-16,Unknown,,,,,,false
6a59023f31bd42c1e6406716,,2026-07-16T16:09:37,2026-07-16,Unknown,,,,,,false
6a59055c31bd42c1e6406717,,2026-07-16T16:22:56,2026-07-16,Unknown,,,,,,false
6a5906ca31bd42c1e6406718,,2026-07-16T16:29:00,2026-07-16,Unknown,,,,,,false
6a5906f94a4c267b3be2d2ec,,2026-07-16T16:29:50,2026-07-16,Unknown,,,,,,false
6a59080e4a4c267b3be2d2ee,,2026-07-16T16:34:24,2026-07-16,Unknown,,,,,,false
6a5908da4a4c267b3be2d2ef,,2026-07-16T16:37:48,2026-07-16,Unknown,,,,,,false
6a5909684a4c267b3be2d2f1,,2026-07-16T16:40:12,2026-07-16,Unknown,,,,,,false
6a590a7c4a4c267b3be2d2f3,,2026-07-16T16:44:46,2026-07-16,Unknown,,,,,,false
6a590be231bd42c1e640671c,,2026-07-16T16:50:44,2026-07-16,Unknown,,,,,,false
6a590c4531bd42c1e640671e,,2026-07-16T16:52:23,2026-07-16,Unknown,,,,,,false
6a590cc04a4c267b3be2d2f7,,2026-07-16T16:54:27,2026-07-16,Unknown,,,,,,false
6a590e3a4a4c267b3be2d2f8,,2026-07-16T17:00:44,2026-07-16,Unknown,,,,,,false
6a590e9231bd42c1e640671f,,2026-07-16T17:02:12,2026-07-16,Unknown,,,,,,false
6a590ef331bd42c1e6406720,,2026-07-16T17:03:49,2026-07-16,Unknown,,,,,,false
6a590f4f4a4c267b3be2d2f9,,2026-07-16T17:05:21,2026-07-16,Unknown,,,,,,false
6a590fc531bd42c1e6406721,,2026-07-16T17:07:19,2026-07-16,Unknown,,,,,,false
6a590fd031bd42c1e6406722,Gerson Rocha,2026-07-16T17:07:30,2026-07-16,SMB,lite,HubSpot Integration,true,false,active,true
6a59103a31bd42c1e6406723,,2026-07-16T17:09:17,2026-07-16,Unknown,,,,,,false
6a59107e31bd42c1e6406724,,2026-07-16T17:10:24,2026-07-16,Unknown,,,,,,false
6a59109c31bd42c1e6406725,,2026-07-16T17:10:54,2026-07-16,Unknown,,,,,,false
6a5910ea31bd42c1e6406726,,2026-07-16T17:12:12,2026-07-16,Unknown,,,,,,false
6a59113c31bd42c1e6406727,,2026-07-16T17:13:34,2026-07-16,Unknown,,,,,,false
6a59118b31bd42c1e6406728,,2026-07-16T17:14:52,2026-07-16,Unknown,,,,,,false
6a5911db31bd42c1e6406729,,2026-07-16T17:16:13,2026-07-16,Unknown,,,,,,false
6a59122d31bd42c1e640672a,,2026-07-16T17:17:35,2026-07-16,Unknown,,,,,,false
6a59132031bd42c1e640672b,,2026-07-16T17:21:38,2026-07-16,Unknown,,,,,,false
6a59138d31bd42c1e640672c,,2026-07-16T17:23:27,2026-07-16,Unknown,,,,,,false
6a5913a631bd42c1e640672d,,2026-07-16T17:23:54,2026-07-16,Unknown,,,,,,false
6a59154131bd42c1e640672e,,2026-07-16T17:30:42,2026-07-16,Unknown,,,,,,false
6a59178331bd42c1e640672f,,2026-07-16T17:40:21,2026-07-16,Unknown,,,,,,false
6a59180f4a4c267b3be2d2fa,,2026-07-16T17:42:41,2026-07-16,Unknown,,,,,,false
6a591ac64a4c267b3be2d2fb,,2026-07-16T17:54:17,2026-07-16,Unknown,,,,,,false
6a591e094a4c267b3be2d2fd,,2026-07-16T18:08:11,2026-07-16,Unknown,,,,,,false
6a591ea531bd42c1e6406730,,2026-07-16T18:10:47,2026-07-16,Unknown,,,,,,false
6a591f2e31bd42c1e6406731,,2026-07-16T18:13:06,2026-07-16,Unknown,,,,,,false
6a591ff04a4c267b3be2d2fe,,2026-07-16T18:16:17,2026-07-16,Unknown,,,,,,false
6a5921a931bd42c1e6406732,,2026-07-16T18:23:39,2026-07-16,Unknown,,,,,,false
6a59231b4a4c267b3be2d2ff,,2026-07-16T18:29:49,2026-07-16,Unknown,,,,,,false
6a5925284a4c267b3be2d300,,2026-07-16T18:38:33,2026-07-16,Unknown,,,,,,false
6a5925d231bd42c1e6406733,,2026-07-16T18:41:24,2026-07-16,Unknown,,,,,,false
6a59274731bd42c1e6406734,,2026-07-16T18:47:37,2026-07-16,Unknown,,,,,,false
6a59277e31bd42c1e6406735,,2026-07-16T18:48:32,2026-07-16,Unknown,,,,,,false
6a5927ec31bd42c1e6406736,,2026-07-16T18:50:22,2026-07-16,Unknown,,,,,,false
6a592b0f4a4c267b3be2d301,,2026-07-16T19:03:44,2026-07-16,Unknown,,,,,,false
6a592e7531bd42c1e6406738,,2026-07-16T19:18:15,2026-07-16,Unknown,,,,,,false
6a592e9c4a4c267b3be2d303,,2026-07-16T19:18:54,2026-07-16,Unknown,,,,,,false
6a5938ca31bd42c1e640673c,,2026-07-16T20:02:20,2026-07-16,Unknown,,,,,,false
6a59394931bd42c1e640673d,,2026-07-16T20:04:27,2026-07-16,Unknown,,,,,,false
6a593ce84a4c267b3be2d304,,2026-07-16T20:19:54,2026-07-16,Unknown,,,,,,false
6a593e2c31bd42c1e640673e,Nicolas mounier,2026-07-16T20:25:18,2026-07-16,SMB,lite,HubSpot Integration,true,false,active,true
6a593eac4a4c267b3be2d305,,2026-07-16T20:27:26,2026-07-16,Unknown,,,,,,false
6a5940b14a4c267b3be2d306,,2026-07-16T20:36:03,2026-07-16,Unknown,,,,,,false
6a5941524a4c267b3be2d307,,2026-07-16T20:38:44,2026-07-16,Unknown,,,,,,false
6a59425f4a4c267b3be2d308,,2026-07-16T20:43:13,2026-07-16,Unknown,,,,,,false
6a5942d74a4c267b3be2d309,,2026-07-16T20:45:15,2026-07-16,Unknown,,,,,,false
6a5943184a4c267b3be2d30a,,2026-07-16T20:46:18,2026-07-16,Unknown,,,,,,false
6a5945f94d4506343d1b3a98,,2026-07-16T20:58:33,2026-07-16,Unknown,,,,,,false
6a59475a31bd42c1e640673f,,2026-07-16T21:04:28,2026-07-16,Unknown,,,,,,false
6a5947984a4c267b3be2d30b,,2026-07-16T21:05:30,2026-07-16,Unknown,,,,,,false
6a5947a431bd42c1e6406740,,2026-07-16T21:05:42,2026-07-16,Unknown,,,,,,false
6a594b1b31bd42c1e6406741,,2026-07-16T21:20:32,2026-07-16,Unknown,,,,,,false
6a594b9931bd42c1e6406742,,2026-07-16T21:22:35,2026-07-16,Unknown,,,,,,false
6a594be031bd42c1e6406743,Jana Pittman,2026-07-16T21:23:46,2026-07-16,SMB,lite,HubSpot Integration,true,false,active,true
6a5950b74a4c267b3be2d30c,,2026-07-16T21:44:25,2026-07-16,Unknown,,,,,,false
6a5952e031bd42c1e6406744,,2026-07-16T21:53:40,2026-07-16,Unknown,,,,,,false
6a5957324a4c267b3be2d30d,,2026-07-16T22:12:03,2026-07-16,Unknown,,,,,,false
6a59589531bd42c1e6406745,,2026-07-16T22:17:59,2026-07-16,Unknown,,,,,,false
6a5959cd31bd42c1e6406746,Keletso  Gaongalelwe,2026-07-16T22:23:11,2026-07-16,SMB,lite,HubSpot Integration,true,false,active,true
6a595ae731bd42c1e6406747,,2026-07-16T22:27:53,2026-07-16,Unknown,,,,,,false
6a595b6131bd42c1e6406748,,2026-07-16T22:29:55,2026-07-16,Unknown,,,,,,false
6a595c604a4c267b3be2d311,,2026-07-16T22:34:10,2026-07-16,Unknown,,,,,,false
6a595cd04a4c267b3be2d312,,2026-07-16T22:36:02,2026-07-16,Unknown,,,,,,false
6a595d394a4c267b3be2d313,,2026-07-16T22:37:48,2026-07-16,Unknown,,,,,,false
6a595d654a4c267b3be2d314,,2026-07-16T22:38:31,2026-07-16,Unknown,,,,,,false
6a595d9b4a4c267b3be2d315,Adriane Blackburn,2026-07-16T22:39:25,2026-07-16,SMB,lite,Millie Ishack,true,false,active,true
6a59672a31bd42c1e640674b,,2026-07-16T23:20:12,2026-07-16,Unknown,,,,,,false
6a59673031bd42c1e640674c,,2026-07-16T23:20:18,2026-07-16,Unknown,,,,,,false
6a596b8531bd42c1e640674d,,2026-07-16T23:38:49,2026-07-16,Unknown,,,,,,false
6a59738f31bd42c1e640674f,,2026-07-17T00:13:05,2026-07-17,Unknown,,,,,,false
6a5976334a4c267b3be2d316,,2026-07-17T00:24:21,2026-07-17,Unknown,,,,,,false
6a5977c84a4c267b3be2d317,,2026-07-17T00:31:06,2026-07-17,Unknown,,,,,,false
6a5979134a4c267b3be2d318,,2026-07-17T00:36:37,2026-07-17,Unknown,,,,,,false
6a597a4b4a4c267b3be2d319,,2026-07-17T00:41:49,2026-07-17,Unknown,,,,,,false
6a597e6331bd42c1e6406750,,2026-07-17T00:59:17,2026-07-17,Unknown,,,,,,false
6a5984a431bd42c1e6406751,,2026-07-17T01:25:58,2026-07-17,Unknown,,,,,,false
6a598d724a4c267b3be2d31a,,2026-07-17T02:03:32,2026-07-17,Unknown,,,,,,false
6a598eb131bd42c1e6406752,Shane McGuffin,2026-07-17T02:08:51,2026-07-17,SMB,lite,none,true,false,active,true
6a598fa74a4c267b3be2d31b,,2026-07-17T02:12:57,2026-07-17,Unknown,,,,,,false
6a5998a74a4c267b3be2d31c,,2026-07-17T02:51:22,2026-07-17,Unknown,,,,,,false
6a5998aa31bd42c1e6406754,,2026-07-17T02:51:26,2026-07-17,Unknown,,,,,,false
6a59993931bd42c1e6406755,,2026-07-17T02:53:47,2026-07-17,Unknown,,,,,,false
6a59a08c4a4c267b3be2d31d,,2026-07-17T03:25:02,2026-07-17,Unknown,,,,,,false
6a59a2164a4c267b3be2d31e,,2026-07-17T03:31:36,2026-07-17,Unknown,,,,,,false
6a59a3a24a4c267b3be2d31f,,2026-07-17T03:38:12,2026-07-17,Unknown,,,,,,false
6a59aa644a4c267b3be2d320,,2026-07-17T04:07:02,2026-07-17,Unknown,,,,,,false
6a59af3f4a4c267b3be2d322,,2026-07-17T04:27:45,2026-07-17,Unknown,,,,,,false
6a59b49f4a4c267b3be2d323,,2026-07-17T04:50:43,2026-07-17,Unknown,,,,,,false
6a59b6fa4a4c267b3be2d324,,2026-07-17T05:00:44,2026-07-17,Unknown,,,,,,false
6a59b75a4a4c267b3be2d325,,2026-07-17T05:02:20,2026-07-17,Unknown,,,,,,false
6a59b7bd4a4c267b3be2d326,,2026-07-17T05:03:58,2026-07-17,Unknown,,,,,,false
6a59b8144a4c267b3be2d327,,2026-07-17T05:05:26,2026-07-17,Unknown,,,,,,false
6a59b8734a4c267b3be2d328,,2026-07-17T05:07:01,2026-07-17,Unknown,,,,,,false
6a59b8d231bd42c1e6406757,,2026-07-17T05:08:36,2026-07-17,Unknown,,,,,,false
6a59b92f31bd42c1e6406758,,2026-07-17T05:10:09,2026-07-17,Unknown,,,,,,false
6a59b98131bd42c1e6406759,,2026-07-17T05:11:32,2026-07-17,Unknown,,,,,,false
6a59b9d54a4c267b3be2d329,,2026-07-17T05:12:54,2026-07-17,Unknown,,,,,,false
6a59ba2731bd42c1e640675b,,2026-07-17T05:14:17,2026-07-17,Unknown,,,,,,false
6a59ba3b4a4c267b3be2d32a,,2026-07-17T05:14:37,2026-07-17,Unknown,,,,,,false
6a59ba764a4c267b3be2d32b,,2026-07-17T05:15:36,2026-07-17,Unknown,,,,,,false
6a59bac34a4c267b3be2d32c,,2026-07-17T05:16:53,2026-07-17,Unknown,,,,,,false
6a59bc9e31bd42c1e640675c,,2026-07-17T05:24:49,2026-07-17,Unknown,,,,,,false
6a59c1ab4a4c267b3be2d32d,,2026-07-17T05:46:21,2026-07-17,Unknown,,,,,,false
6a59c36831bd42c1e640675d,,2026-07-17T05:53:46,2026-07-17,Unknown,,,,,,false
6a59ce9731bd42c1e640675e,,2026-07-17T06:41:30,2026-07-17,Unknown,,,,,,false
6a59d1364a4c267b3be2d32e,,2026-07-17T06:52:42,2026-07-17,Unknown,,,,,,false
6a59d4274a4c267b3be2d330,,2026-07-17T07:05:13,2026-07-17,Unknown,,,,,,false
6a59d46c4a4c267b3be2d331,,2026-07-17T07:06:22,2026-07-17,Unknown,,,,,,false
6a59d64731bd42c1e640675f,,2026-07-17T07:14:17,2026-07-17,Unknown,,,,,,false
6a59d7d531bd42c1e6406760,,2026-07-17T07:20:55,2026-07-17,Unknown,,,,,,false
6a59d81431bd42c1e6406761,,2026-07-17T07:21:57,2026-07-17,Unknown,,,,,,false
6a59da3131bd42c1e6406762,,2026-07-17T07:30:59,2026-07-17,Unknown,,,,,,false
6a59dda431bd42c1e6406763,,2026-07-17T07:45:44,2026-07-17,Unknown,,,,,,false
6a59ddf84a4c267b3be2d332,,2026-07-17T07:47:06,2026-07-17,Unknown,,,,,,false
6a59de194a4c267b3be2d333,,2026-07-17T07:47:39,2026-07-17,Unknown,,,,,,false
6a59de324a4c267b3be2d335,,2026-07-17T07:48:04,2026-07-17,Unknown,,,,,,false
6a59df4931bd42c1e6406766,,2026-07-17T07:52:42,2026-07-17,Unknown,,,,,,false
6a59e20c4a4c267b3be2d336,,2026-07-17T08:04:30,2026-07-17,Unknown,,,,,,false
6a59e3fd4a4c267b3be2d337,,2026-07-17T08:12:46,2026-07-17,Unknown,,,,,,false
6a59e46c31bd42c1e6406767,,2026-07-17T08:14:38,2026-07-17,Unknown,,,,,,false
6a59e65431bd42c1e640676a,,2026-07-17T08:22:46,2026-07-17,Unknown,,,,,,false
6a59e76731bd42c1e640676c,,2026-07-17T08:27:21,2026-07-17,Unknown,,,,,,false
6a59e87331bd42c1e640676d,,2026-07-17T08:31:49,2026-07-17,Unknown,,,,,,false
6a59ec584a4c267b3be2d339,,2026-07-17T08:48:26,2026-07-17,Unknown,,,,,,false
6a59ef394a4c267b3be2d33a,,2026-07-17T09:00:43,2026-07-17,Unknown,,,,,,false
6a59ef8a4a4c267b3be2d33b,,2026-07-17T09:02:04,2026-07-17,Unknown,,,,,,false
6a59efe731bd42c1e640676e,,2026-07-17T09:03:37,2026-07-17,Unknown,,,,,,false
6a59f04131bd42c1e640676f,,2026-07-17T09:05:07,2026-07-17,Unknown,,,,,,false
6a59f09931bd42c1e6406770,,2026-07-17T09:06:35,2026-07-17,Unknown,,,,,,false
6a59f0f04a4c267b3be2d33c,,2026-07-17T09:08:02,2026-07-17,Unknown,,,,,,false
6a59f0f131bd42c1e6406771,,2026-07-17T09:08:03,2026-07-17,Unknown,,,,,,false
6a59f1434a4c267b3be2d33d,,2026-07-17T09:09:25,2026-07-17,Unknown,,,,,,false
6a59f1904a4c267b3be2d33e,,2026-07-17T09:10:41,2026-07-17,Unknown,,,,,,false
6a59f1dc31bd42c1e6406772,,2026-07-17T09:11:58,2026-07-17,Unknown,,,,,,false
6a59f22e31bd42c1e6406773,,2026-07-17T09:13:20,2026-07-17,Unknown,,,,,,false
6a59f27f4a4c267b3be2d33f,,2026-07-17T09:14:40,2026-07-17,Unknown,,,,,,false
6a59f2824a4c267b3be2d340,,2026-07-17T09:14:43,2026-07-17,Unknown,,,,,,false
6a59f2ca31bd42c1e6406774,,2026-07-17T09:15:56,2026-07-17,Unknown,,,,,,false
6a59f2ea4a4c267b3be2d341,,2026-07-17T09:16:28,2026-07-17,Unknown,,,,,,false
6a59fba231bd42c1e6406775,,2026-07-17T09:53:39,2026-07-17,Unknown,,,,,,false
6a59fe664a4c267b3be2d343,,2026-07-17T10:05:28,2026-07-17,Unknown,,,,,,false
6a59ffa74a4c267b3be2d344,,2026-07-17T10:10:49,2026-07-17,Unknown,,,,,,false
6a5a03524a4c267b3be2d345,,2026-07-17T10:26:28,2026-07-17,Unknown,,,,,,false
6a5a06824a4c267b3be2d346,,2026-07-17T10:40:06,2026-07-17,Unknown,,,,,,false
6a5a082731bd42c1e6406776,,2026-07-17T10:47:04,2026-07-17,Unknown,,,,,,false
6a5a084831bd42c1e6406777,,2026-07-17T10:47:38,2026-07-17,Unknown,,,,,,false
6a5a08dd31bd42c1e6406778,,2026-07-17T10:50:07,2026-07-17,Unknown,,,,,,false
6a5a091931bd42c1e6406779,,2026-07-17T10:51:07,2026-07-17,Unknown,,,,,,false
6a5a0b104a4c267b3be2d347,,2026-07-17T10:59:30,2026-07-17,Unknown,,,,,,false
6a5a0b5931bd42c1e640677b,,2026-07-17T11:00:42,2026-07-17,Unknown,,,,,,false
6a5a0cd84a4c267b3be2d348,,2026-07-17T11:07:06,2026-07-17,Unknown,,,,,,false
6a5a0d4a4a4c267b3be2d349,Maiia Ragimova ,2026-07-17T11:09:00,2026-07-17,SMB,lite,HubSpot Integration,true,false,active,true
6a5a178f31bd42c1e640677c,,2026-07-17T11:52:49,2026-07-17,Unknown,,,,,,false
6a5a1a9231bd42c1e640677d,,2026-07-17T12:05:40,2026-07-17,Unknown,,,,,,false
6a5a1c7131bd42c1e640677e,,2026-07-17T12:13:39,2026-07-17,Unknown,,,,,,false
6a5a1c8531bd42c1e640677f,,2026-07-17T12:13:58,2026-07-17,Unknown,,,,,,false
6a5a229e31bd42c1e6406780,,2026-07-17T12:40:00,2026-07-17,Unknown,,,,,,false
6a5a236531bd42c1e6406781,,2026-07-17T12:43:19,2026-07-17,Unknown,,,,,,false
6a5a25724a4c267b3be2d34a,,2026-07-17T12:52:04,2026-07-17,Unknown,,,,,,false
6a5a277a4a4c267b3be2d34b,,2026-07-17T13:00:44,2026-07-17,Unknown,,,,,,false
6a5a27d731bd42c1e6406782,,2026-07-17T13:02:17,2026-07-17,Unknown,,,,,,false
6a5a28314a4c267b3be2d34c,,2026-07-17T13:03:47,2026-07-17,Unknown,,,,,,false
6a5a28874a4c267b3be2d34d,,2026-07-17T13:05:13,2026-07-17,Unknown,,,,,,false
6a5a28fc4a4c267b3be2d34e,,2026-07-17T13:07:10,2026-07-17,Unknown,,,,,,false
6a5a29564a4c267b3be2d34f,,2026-07-17T13:08:40,2026-07-17,Unknown,,,,,,false
6a5a29a44a4c267b3be2d350,,2026-07-17T13:09:58,2026-07-17,Unknown,,,,,,false
6a5a29f931bd42c1e6406783,,2026-07-17T13:11:23,2026-07-17,Unknown,,,,,,false
6a5a2a494a4c267b3be2d351,,2026-07-17T13:12:44,2026-07-17,Unknown,,,,,,false
6a5a2a994a4c267b3be2d352,,2026-07-17T13:14:03,2026-07-17,Unknown,,,,,,false
6a5a2ae931bd42c1e6406784,,2026-07-17T13:15:22,2026-07-17,Unknown,,,,,,false
6a5a2b344a4c267b3be2d353,,2026-07-17T13:16:38,2026-07-17,Unknown,,,,,,false
6a5a2b644a4c267b3be2d354,David Odey,2026-07-17T13:17:25,2026-07-17,SMB,lite,HubSpot Integration,true,false,active,true
6a5a2cdf31bd42c1e6406785,,2026-07-17T13:23:44,2026-07-17,Unknown,,,,,,false
6a5a2ecf31bd42c1e6406786,,2026-07-17T13:32:01,2026-07-17,Unknown,,,,,,false
6a5a300c4a4c267b3be2d355,,2026-07-17T13:37:18,2026-07-17,Unknown,,,,,,false
6a5a32fb4a4c267b3be2d356,,2026-07-17T13:49:49,2026-07-17,Unknown,,,,,,false
6a5a33dc4a4c267b3be2d357,,2026-07-17T13:53:35,2026-07-17,Unknown,,,,,,false
6a5a36df4a4c267b3be2d358,Mohamed Sajjad Thaika,2026-07-17T14:06:25,2026-07-17,SMB,lite,HubSpot Integration,true,false,active,true
6a5a37914a4c267b3be2d359,,2026-07-17T14:09:23,2026-07-17,Unknown,,,,,,false
6a5a37a44a4c267b3be2d35a,,2026-07-17T14:09:44,2026-07-17,Unknown,,,,,,false
6a5a38154a4c267b3be2d35b,,2026-07-17T14:11:34,2026-07-17,Unknown,,,,,,false
6a5a39c631bd42c1e6406788,,2026-07-17T14:18:48,2026-07-17,Unknown,,,,,,false
6a5a3b6631bd42c1e6406789,,2026-07-17T14:25:44,2026-07-17,Unknown,,,,,,false
6a5a3bf74a4c267b3be2d35c,,2026-07-17T14:28:09,2026-07-17,Unknown,,,,,,false
6a5a3f114a4c267b3be2d35d,,2026-07-17T14:41:23,2026-07-17,Unknown,,,,,,false
6a5a4bae4a4c267b3be2d35e,,2026-07-17T15:35:12,2026-07-17,Unknown,,,,,,false
6a5a4c984a4c267b3be2d35f,,2026-07-17T15:39:06,2026-07-17,Unknown,,,,,,false
6a5a4ccc4a4c267b3be2d360,,2026-07-17T15:39:58,2026-07-17,Unknown,,,,,,false
6a5a4d684a4c267b3be2d361,,2026-07-17T15:42:33,2026-07-17,Unknown,,,,,,false
6a5a52e24a4c267b3be2d362,,2026-07-17T16:05:56,2026-07-17,Unknown,,,,,,false
6a5a55904a4c267b3be2d363,,2026-07-17T16:17:22,2026-07-17,Unknown,,,,,,false
6a5a55e531bd42c1e640678a,,2026-07-17T16:18:47,2026-07-17,Unknown,,,,,,false
6a5a585a31bd42c1e640678b,,2026-07-17T16:29:19,2026-07-17,Unknown,,,,,,false
6a5a5c9631bd42c1e640678c,,2026-07-17T16:47:20,2026-07-17,Unknown,,,,,,false
6a5a5cb031bd42c1e640678d,,2026-07-17T16:47:46,2026-07-17,Unknown,,,,,,false
6a5a5ebb4a4c267b3be2d365,,2026-07-17T16:56:29,2026-07-17,Unknown,,,,,,false
6a5a5f4731bd42c1e640678e,,2026-07-17T16:58:49,2026-07-17,Unknown,,,,,,false
6a5a5fba4a4c267b3be2d366,,2026-07-17T17:00:45,2026-07-17,Unknown,,,,,,false
6a5a602c4a4c267b3be2d367,,2026-07-17T17:02:38,2026-07-17,Unknown,,,,,,false
6a5a608731bd42c1e640678f,,2026-07-17T17:04:10,2026-07-17,Unknown,,,,,,false
6a5a60e64a4c267b3be2d368,,2026-07-17T17:05:44,2026-07-17,Unknown,,,,,,false
6a5a60ef4a4c267b3be2d369,,2026-07-17T17:05:55,2026-07-17,Unknown,,,,,,false
6a5a614931bd42c1e6406790,,2026-07-17T17:07:23,2026-07-17,Unknown,,,,,,false
6a5a61a74a4c267b3be2d36a,,2026-07-17T17:08:57,2026-07-17,Unknown,,,,,,false
6a5a62014a4c267b3be2d36b,,2026-07-17T17:10:27,2026-07-17,Unknown,,,,,,false
6a5a62314a4c267b3be2d36c,,2026-07-17T17:11:15,2026-07-17,Unknown,,,,,,false
6a5a624f4a4c267b3be2d36d,,2026-07-17T17:11:45,2026-07-17,Unknown,,,,,,false
6a5a62a04a4c267b3be2d36e,,2026-07-17T17:13:06,2026-07-17,Unknown,,,,,,false
6a5a62f331bd42c1e6406791,,2026-07-17T17:14:29,2026-07-17,Unknown,,,,,,false
6a5a634931bd42c1e6406792,,2026-07-17T17:15:55,2026-07-17,Unknown,,,,,,false
6a5a639d31bd42c1e6406793,,2026-07-17T17:17:18,2026-07-17,Unknown,,,,,,false
6a5a67014a4c267b3be2d370,,2026-07-17T17:31:47,2026-07-17,Unknown,,,,,,false
6a5a681b31bd42c1e6406794,,2026-07-17T17:36:29,2026-07-17,Unknown,,,,,,false
6a5a68e14a4c267b3be2d371,,2026-07-17T17:39:46,2026-07-17,Unknown,,,,,,false
6a5a6ad531bd42c1e6406795,,2026-07-17T17:48:07,2026-07-17,Unknown,,,,,,false
6a5a6b3a4a4c267b3be2d372,,2026-07-17T17:49:48,2026-07-17,Unknown,,,,,,false
6a5a73fb4a4c267b3be2d373,,2026-07-17T18:27:09,2026-07-17,Unknown,,,,,,false
6a5a75464a4c267b3be2d375,,2026-07-17T18:32:42,2026-07-17,Unknown,,,,,,false
6a5a784031bd42c1e6406796,,2026-07-17T18:45:22,2026-07-17,Unknown,,,,,,false
6a5a78fa4a4c267b3be2d376,,2026-07-17T18:48:28,2026-07-17,Unknown,,,,,,false
6a5a7e9d4a4c267b3be2d377,,2026-07-17T19:12:31,2026-07-17,Unknown,,,,,,false
6a5a7f8e4a4c267b3be2d379,,2026-07-17T19:16:35,2026-07-17,Unknown,,,,,,false
6a5a82a34a4c267b3be2d37a,,2026-07-17T19:29:40,2026-07-17,Unknown,,,,,,false
6a5a83f54a4c267b3be2d37b,Dairon Lay,2026-07-17T19:35:18,2026-07-17,SMB,lite,HubSpot Integration,true,false,active,true
6a5a84d731bd42c1e6406797,,2026-07-17T19:39:05,2026-07-17,Unknown,,,,,,false
6a5a88f931bd42c1e6406798,,2026-07-17T19:56:43,2026-07-17,Unknown,,,,,,false
6a5a8acc31bd42c1e6406799,,2026-07-17T20:04:31,2026-07-17,Unknown,,,,,,false
6a5a8cb231bd42c1e640679a,,2026-07-17T20:12:36,2026-07-17,Unknown,,,,,,false
6a5a8cff31bd42c1e640679b,,2026-07-17T20:13:53,2026-07-17,Unknown,,,,,,false
6a5a8d914a4c267b3be2d37c,,2026-07-17T20:16:22,2026-07-17,Unknown,,,,,,false
6a5a8e534a4c267b3be2d37d,,2026-07-17T20:19:32,2026-07-17,Unknown,,,,,,false
6a5a8fb531bd42c1e640679c,,2026-07-17T20:25:27,2026-07-17,Unknown,,,,,,false
6a5a922a31bd42c1e640679d,,2026-07-17T20:35:56,2026-07-17,Unknown,,,,,,false
6a5a93204a4c267b3be2d37f,,2026-07-17T20:40:05,2026-07-17,Unknown,,,,,,false
6a5a93af4a4c267b3be2d380,,2026-07-17T20:42:25,2026-07-17,Unknown,,,,,,false
6a5a974631bd42c1e640679e,,2026-07-17T20:57:44,2026-07-17,Unknown,,,,,,false
6a5a9b324a4c267b3be2d381,,2026-07-17T21:14:27,2026-07-17,Unknown,,,,,,false
6a5a9d1131bd42c1e640679f,,2026-07-17T21:22:27,2026-07-17,Unknown,,,,,,false
6a5a9f7831bd42c1e64067a0,,2026-07-17T21:32:42,2026-07-17,Unknown,,,,,,false
6a5aa8de4a4c267b3be2d383,,2026-07-17T22:12:48,2026-07-17,Unknown,,,,,,false
6a5aa8ff31bd42c1e64067a2,,2026-07-17T22:13:21,2026-07-17,Unknown,,,,,,false
6a5aa9d64a4c267b3be2d384,,2026-07-17T22:16:55,2026-07-17,Unknown,,,,,,false
6a5aab4f4a4c267b3be2d386,,2026-07-17T22:23:13,2026-07-17,Unknown,,,,,,false
6a5aacaa31bd42c1e64067a3,,2026-07-17T22:29:00,2026-07-17,Unknown,,,,,,false
6a5aaed731bd42c1e64067a4,,2026-07-17T22:38:17,2026-07-17,Unknown,,,,,,false
6a5ab67e4a4c267b3be2d387,,2026-07-17T23:10:55,2026-07-17,Unknown,,,,,,false
6a5ab78f31bd42c1e64067a5,Gabriele  Mantovani,2026-07-17T23:15:30,2026-07-17,SMB,lite,Millie Ishack,true,false,active,true
6a5ab8864a4c267b3be2d388,Anabel Aliferis ,2026-07-17T23:19:36,2026-07-17,SMB,lite,HubSpot Integration,true,false,active,true
6a5ab9b34a4c267b3be2d389,,2026-07-17T23:24:37,2026-07-17,Unknown,,,,,,false
6a5abc034a4c267b3be2d38a,,2026-07-17T23:34:29,2026-07-17,Unknown,,,,,,false
6a5ac5484a4c267b3be2d38c,,2026-07-18T00:14:02,2026-07-18,Unknown,,,,,,false
6a5acc9631bd42c1e64067a8,,2026-07-18T00:45:11,2026-07-18,Unknown,,,,,,false
6a5adb924a4c267b3be2d38d,,2026-07-18T01:49:10,2026-07-18,Unknown,,,,,,false
6a5adc5d4a4c267b3be2d38e,Steve Trowbridge,2026-07-18T01:52:32,2026-07-18,SMB,lite,none,true,false,active,true
6a5adc8d4a4c267b3be2d38f,,2026-07-18T01:53:19,2026-07-18,Unknown,,,,,,false
6a5ae25931bd42c1e64067a9,,2026-07-18T02:18:02,2026-07-18,Unknown,,,,,,false
6a5ae66431bd42c1e64067aa,,2026-07-18T02:35:18,2026-07-18,Unknown,,,,,,false
6a5ae8e74a4c267b3be2d390,,2026-07-18T02:46:01,2026-07-18,Unknown,,,,,,false
6a5ae9124a4c267b3be2d391,Jesse McCann,2026-07-18T02:46:43,2026-07-18,SMB,lite,HubSpot Integration,true,false,active,true
6a5ae99031bd42c1e64067ab,Enkel Myftaraj,2026-07-18T02:48:49,2026-07-18,SMB,lite,HubSpot Integration,true,false,active,true
6a5aebbb31bd42c1e64067ac,,2026-07-18T02:58:05,2026-07-18,Unknown,,,,,,false
6a5aef004a4c267b3be2d392,,2026-07-18T03:12:02,2026-07-18,Unknown,,,,,,false
6a5af25f4a4c267b3be2d393,,2026-07-18T03:26:24,2026-07-18,Unknown,,,,,,false
6a5af44031bd42c1e64067ad,,2026-07-18T03:34:26,2026-07-18,Unknown,,,,,,false
6a5afd3b31bd42c1e64067ae,Joel Mickelwait,2026-07-18T04:12:45,2026-07-18,SMB,lite,none,true,false,active,true
6a5b087b4a4c267b3be2d394,,2026-07-18T05:00:45,2026-07-18,Unknown,,,,,,false
6a5b08d931bd42c1e64067af,,2026-07-18T05:02:19,2026-07-18,Unknown,,,,,,false
6a5b093231bd42c1e64067b0,,2026-07-18T05:03:48,2026-07-18,Unknown,,,,,,false
6a5b09a64a4c267b3be2d395,,2026-07-18T05:05:43,2026-07-18,Unknown,,,,,,false
6a5b0a034a4c267b3be2d396,,2026-07-18T05:07:17,2026-07-18,Unknown,,,,,,false
6a5b0a584a4c267b3be2d397,,2026-07-18T05:08:42,2026-07-18,Unknown,,,,,,false
6a5b0a714a4c267b3be2d398,,2026-07-18T05:09:07,2026-07-18,Unknown,,,,,,false
6a5b0aae4a4c267b3be2d399,,2026-07-18T05:10:08,2026-07-18,Unknown,,,,,,false
6a5b0afe4a4c267b3be2d39a,,2026-07-18T05:11:28,2026-07-18,Unknown,,,,,,false
6a5b0b4f31bd42c1e64067b1,,2026-07-18T05:12:49,2026-07-18,Unknown,,,,,,false
6a5b0b7c31bd42c1e64067b2,,2026-07-18T05:13:34,2026-07-18,Unknown,,,,,,false
6a5b0ba231bd42c1e64067b3,,2026-07-18T05:14:11,2026-07-18,Unknown,,,,,,false
6a5b0bf131bd42c1e64067b4,,2026-07-18T05:15:31,2026-07-18,Unknown,,,,,,false
6a5b0c0331bd42c1e64067b5,,2026-07-18T05:15:50,2026-07-18,Unknown,,,,,,false
6a5b0c3d4a4c267b3be2d39b,,2026-07-18T05:16:47,2026-07-18,Unknown,,,,,,false
6a5b0f374a4c267b3be2d39c,,2026-07-18T05:29:29,2026-07-18,Unknown,,,,,,false
6a5b15dc31bd42c1e64067b6,,2026-07-18T05:57:50,2026-07-18,Unknown,,,,,,false
6a5b193931bd42c1e64067b7,,2026-07-18T06:12:11,2026-07-18,Unknown,,,,,,false
6a5b194131bd42c1e64067b8,,2026-07-18T06:12:19,2026-07-18,Unknown,,,,,,false
6a5b256131bd42c1e64067b9,,2026-07-18T07:04:03,2026-07-18,Unknown,,,,,,false
6a5b261f31bd42c1e64067ba,,2026-07-18T07:07:14,2026-07-18,Unknown,,,,,,false
6a5b268531bd42c1e64067bb,,2026-07-18T07:08:56,2026-07-18,Unknown,,,,,,false
6a5b2da84a4c267b3be2d39d,,2026-07-18T07:39:22,2026-07-18,Unknown,,,,,,false
6a5b2ebc4a4c267b3be2d39e,,2026-07-18T07:43:58,2026-07-18,Unknown,,,,,,false
6a5b313b31bd42c1e64067bd,,2026-07-18T07:54:37,2026-07-18,Unknown,,,,,,false
6a5b322d4a4c267b3be2d39f,,2026-07-18T07:58:39,2026-07-18,Unknown,,,,,,false
6a5b39d24a4c267b3be2d3a0,,2026-07-18T08:31:16,2026-07-18,Unknown,,,,,,false
6a5b3c744a4c267b3be2d3a1,,2026-07-18T08:42:30,2026-07-18,Unknown,,,,,,false
6a5b3fd74a4c267b3be2d3a2,,2026-07-18T08:56:57,2026-07-18,Unknown,,,,,,false
6a5b40bd4a4c267b3be2d3a3,,2026-07-18T09:00:47,2026-07-18,Unknown,,,,,,false
6a5b41144a4c267b3be2d3a4,,2026-07-18T09:02:14,2026-07-18,Unknown,,,,,,false
6a5b417031bd42c1e64067c1,,2026-07-18T09:03:46,2026-07-18,Unknown,,,,,,false
6a5b41c54a4c267b3be2d3a5,,2026-07-18T09:05:11,2026-07-18,Unknown,,,,,,false
6a5b422731bd42c1e64067c2,,2026-07-18T09:06:48,2026-07-18,Unknown,,,,,,false
6a5b427f31bd42c1e64067c3,,2026-07-18T09:08:17,2026-07-18,Unknown,,,,,,false
6a5b42ee31bd42c1e64067c4,,2026-07-18T09:10:08,2026-07-18,Unknown,,,,,,false
6a5b433c4a4c267b3be2d3a6,,2026-07-18T09:11:26,2026-07-18,Unknown,,,,,,false
6a5b438b31bd42c1e64067c5,,2026-07-18T09:12:44,2026-07-18,Unknown,,,,,,false
6a5b43db4a4c267b3be2d3a7,,2026-07-18T09:14:05,2026-07-18,Unknown,,,,,,false
6a5b442b31bd42c1e64067c6,,2026-07-18T09:15:24,2026-07-18,Unknown,,,,,,false
6a5b447931bd42c1e64067c7,,2026-07-18T09:16:42,2026-07-18,Unknown,,,,,,false
6a5b45c64a4c267b3be2d3a8,,2026-07-18T09:22:16,2026-07-18,Unknown,,,,,,false
6a5b468b4a4c267b3be2d3a9,,2026-07-18T09:25:35,2026-07-18,Unknown,,,,,,false
6a5b468d31bd42c1e64067c8,,2026-07-18T09:25:35,2026-07-18,Unknown,,,,,,false
6a5b474b31bd42c1e64067c9,Catherine mbaeyi,2026-07-18T09:28:45,2026-07-18,SMB,lite,HubSpot Integration,true,false,active,true
6a5b4c2531bd42c1e64067cb,,2026-07-18T09:49:26,2026-07-18,Unknown,,,,,,false
6a5b4cc64a4c267b3be2d3aa,,2026-07-18T09:52:07,2026-07-18,Unknown,,,,,,false
6a5b4fa231bd42c1e64067cd,,2026-07-18T10:04:20,2026-07-18,Unknown,,,,,,false
6a5b50d74a4c267b3be2d3ac,,2026-07-18T10:09:29,2026-07-18,Unknown,,,,,,false
6a5b51f74a4c267b3be2d3ad,,2026-07-18T10:14:16,2026-07-18,Unknown,,,,,,false
6a5b567931bd42c1e64067ce,,2026-07-18T10:33:30,2026-07-18,Unknown,,,,,,false
6a5b5a954a4c267b3be2d3ae,,2026-07-18T10:51:03,2026-07-18,Unknown,,,,,,false
6a5b5d4c4a4c267b3be2d3b0,,2026-07-18T11:02:39,2026-07-18,Unknown,,,,,,false
6a5b5dc74a4c267b3be2d3b1,,2026-07-18T11:04:41,2026-07-18,Unknown,,,,,,false
6a5b5e354a4c267b3be2d3b2,,2026-07-18T11:06:32,2026-07-18,Unknown,,,,,,false
6a5b604131bd42c1e64067d0,,2026-07-18T11:15:15,2026-07-18,Unknown,,,,,,false
6a5b685b4a4c267b3be2d3b4,,2026-07-18T11:49:49,2026-07-18,Unknown,,,,,,false
6a5b6b3d31bd42c1e64067d1,,2026-07-18T12:02:07,2026-07-18,Unknown,,,,,,false
6a5b6ca831bd42c1e64067d2,,2026-07-18T12:08:09,2026-07-18,Unknown,,,,,,false
6a5b6cf54a4c267b3be2d3b5,,2026-07-18T12:09:27,2026-07-18,Unknown,,,,,,false
6a5b6e6531bd42c1e64067d3,,2026-07-18T12:15:35,2026-07-18,Unknown,,,,,,false
6a5b70f94a4c267b3be2d3b8,,2026-07-18T12:26:35,2026-07-18,Unknown,,,,,,false
6a5b71374a4c267b3be2d3b9,,2026-07-18T12:27:37,2026-07-18,Unknown,,,,,,false
6a5b726031bd42c1e64067d4,,2026-07-18T12:32:34,2026-07-18,Unknown,,,,,,false
6a5b728c4a4c267b3be2d3ba,,2026-07-18T12:33:18,2026-07-18,Unknown,,,,,,false
6a5b78574a4c267b3be2d3bb,,2026-07-18T12:58:00,2026-07-18,Unknown,,,,,,false
6a5b790231bd42c1e64067d6,,2026-07-18T13:00:52,2026-07-18,Unknown,,,,,,false
6a5b795e4a4c267b3be2d3bc,,2026-07-18T13:02:24,2026-07-18,Unknown,,,,,,false
6a5b796e31bd42c1e64067d7,Kari Terrana,2026-07-18T13:02:40,2026-07-18,SMB,lite,HubSpot Integration,true,false,active,true
6a5b79c231bd42c1e64067d8,,2026-07-18T13:04:04,2026-07-18,Unknown,,,,,,false
6a5b7a1e4a4c267b3be2d3bd,,2026-07-18T13:05:36,2026-07-18,Unknown,,,,,,false
6a5b7a7931bd42c1e64067d9,,2026-07-18T13:07:07,2026-07-18,Unknown,,,,,,false
6a5b7aca31bd42c1e64067da,,2026-07-18T13:08:28,2026-07-18,Unknown,,,,,,false
6a5b7ad04a4c267b3be2d3be,,2026-07-18T13:08:34,2026-07-18,Unknown,,,,,,false
6a5b7b1031bd42c1e64067db,,2026-07-18T13:09:38,2026-07-18,Unknown,,,,,,false
6a5b7b3931bd42c1e64067dc,,2026-07-18T13:10:19,2026-07-18,Unknown,,,,,,false
6a5b7b424a4c267b3be2d3c0,,2026-07-18T13:10:28,2026-07-18,Unknown,,,,,,false
6a5b7b9131bd42c1e64067dd,,2026-07-18T13:11:47,2026-07-18,Unknown,,,,,,false
6a5b7be44a4c267b3be2d3c1,,2026-07-18T13:13:09,2026-07-18,Unknown,,,,,,false
6a5b7bff4a4c267b3be2d3c2,,2026-07-18T13:13:39,2026-07-18,Unknown,,,,,,false
6a5b7c3531bd42c1e64067de,,2026-07-18T13:14:31,2026-07-18,Unknown,,,,,,false
6a5b7c844a4c267b3be2d3c3,,2026-07-18T13:15:50,2026-07-18,Unknown,,,,,,false
6a5b7cd031bd42c1e64067e0,,2026-07-18T13:17:06,2026-07-18,Unknown,,,,,,false
6a5b803e4a4c267b3be2d3c4,,2026-07-18T13:31:44,2026-07-18,Unknown,,,,,,false
6a5b80ae31bd42c1e64067e1,,2026-07-18T13:33:36,2026-07-18,Unknown,,,,,,false
6a5b86d64a4c267b3be2d3c5,Emma Larsson,2026-07-18T13:59:54,2026-07-18,SMB,lite,HubSpot Integration,true,false,active,true
6a5b8be34a4c267b3be2d3c7,,2026-07-18T14:21:26,2026-07-18,Unknown,,,,,,false
6a5b8d0f31bd42c1e64067e3,,2026-07-18T14:26:25,2026-07-18,Unknown,,,,,,false
6a5b8d2b4a4c267b3be2d3c8,,2026-07-18T14:26:53,2026-07-18,Unknown,,,,,,false
6a5b8f5831bd42c1e64067e4,,2026-07-18T14:36:09,2026-07-18,Unknown,,,,,,false
6a5b92e04a4c267b3be2d3c9,,2026-07-18T14:51:14,2026-07-18,Unknown,,,,,,false
6a5b937c4a4c267b3be2d3ca,,2026-07-18T14:53:50,2026-07-18,Unknown,,,,,,false
6a5b94524a4c267b3be2d3cb,DeAnna Vaughn,2026-07-18T14:57:24,2026-07-18,SMB,lite,none,true,false,active,true
6a5b978e31bd42c1e64067e5,,2026-07-18T15:11:12,2026-07-18,Unknown,,,,,,false
6a5b97be31bd42c1e64067e6,Audrey  Daniel,2026-07-18T15:12:00,2026-07-18,SMB,lite,HubSpot Integration,true,false,active,true
6a5b98824a4c267b3be2d3cc,,2026-07-18T15:15:19,2026-07-18,Unknown,,,,,,false
6a5b99f931bd42c1e64067e7,,2026-07-18T15:21:31,2026-07-18,Unknown,,,,,,false
6a5b9aed4a4c267b3be2d3ce,,2026-07-18T15:25:36,2026-07-18,Unknown,,,,,,false
6a5b9b924a4c267b3be2d3cf,,2026-07-18T15:28:19,2026-07-18,Unknown,,,,,,false
6a5b9ec631bd42c1e64067e8,,2026-07-18T15:42:00,2026-07-18,Unknown,,,,,,false
6a5ba09d31bd42c1e64067e9,,2026-07-18T15:49:51,2026-07-18,Unknown,,,,,,false
6a5ba10231bd42c1e64067ea,,2026-07-18T15:51:32,2026-07-18,Unknown,,,,,,false
6a5ba3ba4a4c267b3be2d3d0,,2026-07-18T16:03:08,2026-07-18,Unknown,,,,,,false
6a5ba6a931bd42c1e64067eb,,2026-07-18T16:15:39,2026-07-18,Unknown,,,,,,false
6a5bad134a4c267b3be2d3d3,,2026-07-18T16:43:01,2026-07-18,Unknown,,,,,,false
6a5bad6f31bd42c1e64067ec,,2026-07-18T16:44:33,2026-07-18,Unknown,,,,,,false
6a5baf7e31bd42c1e64067ed,,2026-07-18T16:53:21,2026-07-18,Unknown,,,,,,false
6a5bb0ae4a4c267b3be2d3d5,,2026-07-18T16:58:24,2026-07-18,Unknown,,,,,,false
6a5bb1174a4c267b3be2d3d6,,2026-07-18T17:00:09,2026-07-18,Unknown,,,,,,false
6a5bb13f4a4c267b3be2d3d7,,2026-07-18T17:00:49,2026-07-18,Unknown,,,,,,false
6a5bb19b31bd42c1e64067ee,,2026-07-18T17:02:20,2026-07-18,Unknown,,,,,,false
6a5bb1fe4a4c267b3be2d3d8,,2026-07-18T17:04:00,2026-07-18,Unknown,,,,,,false
6a5bb23a4a4c267b3be2d3d9,,2026-07-18T17:05:00,2026-07-18,Unknown,,,,,,false
6a5bb2614a4c267b3be2d3da,,2026-07-18T17:05:38,2026-07-18,Unknown,,,,,,false
6a5bb29831bd42c1e64067f0,Kathryn Signore,2026-07-18T17:06:34,2026-07-18,SMB,lite,HubSpot Integration,true,false,active,true
6a5bb2c04a4c267b3be2d3db,,2026-07-18T17:07:15,2026-07-18,Unknown,,,,,,false
6a5bb31b4a4c267b3be2d3dc,,2026-07-18T17:08:45,2026-07-18,Unknown,,,,,,false
6a5bb37131bd42c1e64067f1,,2026-07-18T17:10:11,2026-07-18,Unknown,,,,,,false
6a5bb3c331bd42c1e64067f2,,2026-07-18T17:11:33,2026-07-18,Unknown,,,,,,false
6a5bb4154a4c267b3be2d3de,,2026-07-18T17:12:55,2026-07-18,Unknown,,,,,,false
6a5bb4644a4c267b3be2d3df,,2026-07-18T17:14:14,2026-07-18,Unknown,,,,,,false
6a5bb47031bd42c1e64067f3,,2026-07-18T17:14:25,2026-07-18,Unknown,,,,,,false
6a5bb4b531bd42c1e64067f4,,2026-07-18T17:15:35,2026-07-18,Unknown,,,,,,false
6a5bb5044a4c267b3be2d3e0,,2026-07-18T17:16:54,2026-07-18,Unknown,,,,,,false
6a5bbfd24a4c267b3be2d3e1,,2026-07-18T18:03:00,2026-07-18,Unknown,,,,,,false
6a5bc26b31bd42c1e64067f7,,2026-07-18T18:14:05,2026-07-18,Unknown,,,,,,false
6a5bc62a31bd42c1e64067f8,,2026-07-18T18:30:04,2026-07-18,Unknown,,,,,,false
6a5bc63c31bd42c1e64067f9,,2026-07-18T18:30:22,2026-07-18,Unknown,,,,,,false
6a5bc71531bd42c1e64067fa,,2026-07-18T18:33:59,2026-07-18,Unknown,,,,,,false
6a5bc93331bd42c1e64067fb,,2026-07-18T18:43:01,2026-07-18,Unknown,,,,,,false
6a5bc9ff31bd42c1e64067fc,,2026-07-18T18:46:25,2026-07-18,Unknown,,,,,,false
6a5bcccb31bd42c1e64067fd,Erin Kluzek,2026-07-18T18:58:20,2026-07-18,SMB,lite,HubSpot Integration,true,false,active,true
6a5bd0854a4c267b3be2d3e5,,2026-07-18T19:14:15,2026-07-18,Unknown,,,,,,false
6a5bd3fc31bd42c1e64067fe,,2026-07-18T19:29:05,2026-07-18,Unknown,,,,,,false
6a5bda8931bd42c1e64067ff,,2026-07-18T19:56:59,2026-07-18,Unknown,,,,,,false
6a5bdb2431bd42c1e6406800,,2026-07-18T19:59:34,2026-07-18,Unknown,,,,,,false
6a5bdecd4a4c267b3be2d3e6,Donna Maxwell,2026-07-18T20:15:11,2026-07-18,SMB,lite,HubSpot Integration,true,false,active,true
6a5bdedf4a4c267b3be2d3e7,,2026-07-18T20:15:29,2026-07-18,Unknown,,,,,,false
6a5bdfaf31bd42c1e6406801,,2026-07-18T20:18:57,2026-07-18,Unknown,,,,,,false
6a5be0e931bd42c1e6406802,,2026-07-18T20:24:11,2026-07-18,Unknown,,,,,,false
6a5be3a14a4c267b3be2d3e8,Howard Hinestroza,2026-07-18T20:35:47,2026-07-18,SMB,lite,HubSpot Integration,true,false,active,true
6a5befad31bd42c1e6406804,,2026-07-18T21:27:11,2026-07-18,Unknown,,,,,,false
6a5bf11231bd42c1e6406805,,2026-07-18T21:33:07,2026-07-18,Unknown,,,,,,false
6a5bf1ed4a4c267b3be2d3e9,,2026-07-18T21:36:47,2026-07-18,Unknown,,,,,,false
6a5bf2064a4c267b3be2d3ea,Travis McNabb,2026-07-18T21:37:11,2026-07-18,SMB,lite,HubSpot Integration,true,false,active,true
6a5bf2c031bd42c1e6406806,,2026-07-18T21:40:18,2026-07-18,Unknown,,,,,,false
6a5bf4db31bd42c1e6406807,,2026-07-18T21:49:17,2026-07-18,Unknown,,,,,,false
6a5bfb1f31bd42c1e6406808,,2026-07-18T22:16:01,2026-07-18,Unknown,,,,,,false
6a5bfb8431bd42c1e6406809,Maximilian Kunstwadl,2026-07-18T22:17:44,2026-07-18,SMB,lite,HubSpot Integration,true,false,active,true
6a5c00a631bd42c1e640680a,,2026-07-18T22:39:36,2026-07-18,Unknown,,,,,,false
6a5c030f4a4c267b3be2d3eb,,2026-07-18T22:49:53,2026-07-18,Unknown,,,,,,false
6a5c045d31bd42c1e640680b,,2026-07-18T22:55:29,2026-07-18,Unknown,,,,,,false
6a5c064e4a4c267b3be2d3ec,,2026-07-18T23:03:44,2026-07-18,Unknown,,,,,,false
6a5c089f4a4c267b3be2d3ed,,2026-07-18T23:13:38,2026-07-18,Unknown,,,,,,false
6a5c092d31bd42c1e640680c,,2026-07-18T23:15:59,2026-07-18,Unknown,,,,,,false
6a5c0a0331bd42c1e640680d,,2026-07-18T23:19:33,2026-07-18,Unknown,,,,,,false
6a5c0a8431bd42c1e640680e,Colleen Stanley,2026-07-18T23:21:41,2026-07-18,SMB,lite,HubSpot Integration,true,false,active,true
6a5c0ae331bd42c1e640680f,,2026-07-18T23:23:17,2026-07-18,Unknown,,,,,,false
6a5c0b4931bd42c1e6406810,,2026-07-18T23:24:59,2026-07-18,Unknown,,,,,,false
6a5c0fc24a4c267b3be2d3ee,,2026-07-18T23:44:06,2026-07-18,Unknown,,,,,,false
6a5c14654a4c267b3be2d3ef,,2026-07-19T00:03:50,2026-07-19,Unknown,,,,,,false
6a5c16a14a4c267b3be2d3f0,,2026-07-19T00:13:22,2026-07-19,Unknown,,,,,,false
6a5c17644a4c267b3be2d3f1,,2026-07-19T00:16:38,2026-07-19,Unknown,,,,,,false
6a5c17fd4a4c267b3be2d3f2,,2026-07-19T00:19:11,2026-07-19,Unknown,,,,,,false
6a5c19f031bd42c1e6406811,,2026-07-19T00:27:30,2026-07-19,Unknown,,,,,,false
6a5c25ff31bd42c1e6406812,,2026-07-19T01:18:57,2026-07-19,Unknown,,,,,,false
6a5c29c94a4c267b3be2d3f3,,2026-07-19T01:35:07,2026-07-19,Unknown,,,,,,false
6a5c2b1e4a4c267b3be2d3f4,,2026-07-19T01:40:48,2026-07-19,Unknown,,,,,,false
6a5c2ca04a4c267b3be2d3f5,,2026-07-19T01:47:13,2026-07-19,Unknown,,,,,,false
6a5c30db4a4c267b3be2d3f6,,2026-07-19T02:05:17,2026-07-19,Unknown,,,,,,false
6a5c339431bd42c1e6406813,,2026-07-19T02:16:56,2026-07-19,Unknown,,,,,,false
6a5c36b54a4c267b3be2d3f7,,2026-07-19T02:30:15,2026-07-19,Unknown,,,,,,false
6a5c387931bd42c1e6406814,,2026-07-19T02:37:46,2026-07-19,Unknown,,,,,,false
6a5c41514a4c267b3be2d3f8,Zachary Reinhart,2026-07-19T03:15:31,2026-07-19,SMB,lite,HubSpot Integration,true,false,active,true
6a5c43b131bd42c1e6406815,Ed Glaude,2026-07-19T03:25:39,2026-07-19,SMB,lite,HubSpot Integration,true,false,active,true
6a5c519331bd42c1e6406816,Rodolfo Guzmán Bastías,2026-07-19T04:24:52,2026-07-19,SMB,lite,HubSpot Integration,true,false,active,true
6a5c51d631bd42c1e6406817,,2026-07-19T04:26:00,2026-07-19,Unknown,,,,,,false
6a5c52de31bd42c1e6406818,,2026-07-19T04:30:24,2026-07-19,Unknown,,,,,,false
6a5c5a0031bd42c1e640681a,,2026-07-19T05:00:50,2026-07-19,Unknown,,,,,,false
6a5c5a5831bd42c1e640681b,,2026-07-19T05:02:18,2026-07-19,Unknown,,,,,,false
6a5c5acf31bd42c1e640681c,,2026-07-19T05:04:16,2026-07-19,Unknown,,,,,,false
6a5c5b2a4a4c267b3be2d3fa,,2026-07-19T05:05:48,2026-07-19,Unknown,,,,,,false
6a5c5b8531bd42c1e640681d,,2026-07-19T05:07:19,2026-07-19,Unknown,,,,,,false
6a5c5bd94a4c267b3be2d3fb,,2026-07-19T05:08:43,2026-07-19,Unknown,,,,,,false
6a5c5c304a4c267b3be2d3fc,,2026-07-19T05:10:10,2026-07-19,Unknown,,,,,,false
6a5c5c7f4a4c267b3be2d3fd,,2026-07-19T05:11:28,2026-07-19,Unknown,,,,,,false
6a5c5ccd31bd42c1e640681e,,2026-07-19T05:12:46,2026-07-19,Unknown,,,,,,false
6a5c5d144a4c267b3be2d3fe,,2026-07-19T05:13:58,2026-07-19,Unknown,,,,,,false
6a5c5d654a4c267b3be2d3ff,,2026-07-19T05:15:19,2026-07-19,Unknown,,,,,,false
6a5c5db24a4c267b3be2d400,,2026-07-19T05:16:35,2026-07-19,Unknown,,,,,,false
6a5c65f931bd42c1e6406820,,2026-07-19T05:51:55,2026-07-19,Unknown,,,,,,false
6a5c6c7c31bd42c1e6406821,,2026-07-19T06:19:41,2026-07-19,Unknown,,,,,,false
6a5c6daa4a4c267b3be2d401,,2026-07-19T06:24:44,2026-07-19,Unknown,,,,,,false
6a5c76d2e656d0d9852c991b,,2026-07-19T07:03:48,2026-07-19,Unknown,,,,,,false
6a5c7b80e656d0d9852c991c,,2026-07-19T07:23:46,2026-07-19,Unknown,,,,,,false
6a5c7c1bfeb8a70cbdc03b76,,2026-07-19T07:26:21,2026-07-19,Unknown,,,,,,false
6a5c7eedfeb8a70cbdc03b77,,2026-07-19T07:38:23,2026-07-19,Unknown,,,,,,false
6a5c842ce656d0d9852c991d,,2026-07-19T08:00:47,2026-07-19,Unknown,,,,,,false
6a5c908b6bb84309655a6f0d,,2026-07-19T08:53:32,2026-07-19,Unknown,,,,,,false
6a5c91fce656d0d9852c991f,,2026-07-19T08:59:41,2026-07-19,Unknown,,,,,,false
6a5c91ff6bb84309655a6f0e,,2026-07-19T08:59:45,2026-07-19,Unknown,,,,,,false
6a5c9240e656d0d9852c9920,,2026-07-19T09:00:50,2026-07-19,Unknown,,,,,,false
6a5c929a6bb84309655a6f0f,,2026-07-19T09:02:20,2026-07-19,Unknown,,,,,,false
6a5c929e6bb84309655a6f10,,2026-07-19T09:02:24,2026-07-19,Unknown,,,,,,false
6a5c92f2e656d0d9852c9922,,2026-07-19T09:03:48,2026-07-19,Unknown,,,,,,false
6a5c934ee656d0d9852c9923,,2026-07-19T09:05:20,2026-07-19,Unknown,,,,,,false
6a5c93c86bb84309655a6f12,,2026-07-19T09:07:21,2026-07-19,Unknown,,,,,,false
6a5c94236bb84309655a6f13,,2026-07-19T09:08:53,2026-07-19,Unknown,,,,,,false
6a5c948f6bb84309655a6f14,,2026-07-19T09:10:41,2026-07-19,Unknown,,,,,,false
6a5c94e0e656d0d9852c9924,,2026-07-19T09:12:02,2026-07-19,Unknown,,,,,,false
6a5c95366bb84309655a6f15,,2026-07-19T09:13:28,2026-07-19,Unknown,,,,,,false
6a5c95826bb84309655a6f16,,2026-07-19T09:14:44,2026-07-19,Unknown,,,,,,false
6a5c95d2e656d0d9852c9925,,2026-07-19T09:16:03,2026-07-19,Unknown,,,,,,false
6a5c9620e656d0d9852c9926,,2026-07-19T09:17:22,2026-07-19,Unknown,,,,,,false
6a5c96f66bb84309655a6f17,,2026-07-19T09:20:56,2026-07-19,Unknown,,,,,,false
6a5c9756e656d0d9852c9927,,2026-07-19T09:22:32,2026-07-19,Unknown,,,,,,false
6a5c97c06bb84309655a6f18,,2026-07-19T09:24:17,2026-07-19,Unknown,,,,,,false
6a5c9821e656d0d9852c9928,,2026-07-19T09:25:55,2026-07-19,Unknown,,,,,,false
6a5c98876bb84309655a6f19,,2026-07-19T09:27:37,2026-07-19,Unknown,,,,,,false
6a5c98ef6bb84309655a6f1a,,2026-07-19T09:29:21,2026-07-19,Unknown,,,,,,false
6a5c99586bb84309655a6f1b,,2026-07-19T09:31:06,2026-07-19,Unknown,,,,,,false
6a5c99a86bb84309655a6f1c,,2026-07-19T09:32:26,2026-07-19,Unknown,,,,,,false
6a5c99fee656d0d9852c9929,,2026-07-19T09:33:52,2026-07-19,Unknown,,,,,,false
6a5c9a52e656d0d9852c992a,,2026-07-19T09:35:15,2026-07-19,Unknown,,,,,,false
6a5c9aa66bb84309655a6f1d,,2026-07-19T09:36:40,2026-07-19,Unknown,,,,,,false
6a5c9af9e656d0d9852c992b,,2026-07-19T09:38:03,2026-07-19,Unknown,,,,,,false
6a5c9e9ae656d0d9852c992c,,2026-07-19T09:53:32,2026-07-19,Unknown,,,,,,false
6a5ca8796bb84309655a6f1e,,2026-07-19T10:35:38,2026-07-19,Unknown,,,,,,false
6a5ca9dae656d0d9852c992e,,2026-07-19T10:41:32,2026-07-19,Unknown,,,,,,false
6a5cab6d6bb84309655a6f1f,,2026-07-19T10:48:16,2026-07-19,Unknown,,,,,,false
6a5cb70d6bb84309655a6f20,,2026-07-19T11:37:51,2026-07-19,Unknown,,,,,,false
6a5cb7446bb84309655a6f21,,2026-07-19T11:38:46,2026-07-19,Unknown,,,,,,false
6a5cb7ab6bb84309655a6f22,,2026-07-19T11:40:29,2026-07-19,Unknown,,,,,,false
6a5cbc35e656d0d9852c992f,,2026-07-19T11:59:51,2026-07-19,Unknown,,,,,,false
6a5cbd34e656d0d9852c9930,Francisco Cruz,2026-07-19T12:04:06,2026-07-19,SMB,lite,HubSpot Integration,true,false,active,true
6a5cbddd6bb84309655a6f24,,2026-07-19T12:06:55,2026-07-19,Unknown,,,,,,false
6a5cc073e656d0d9852c9931,,2026-07-19T12:17:57,2026-07-19,Unknown,,,,,,false
6a5cc126e656d0d9852c9932,Cal Aycock,2026-07-19T12:20:56,2026-07-19,SMB,lite,HubSpot Integration,true,false,active,true
6a5cc212e656d0d9852c9933,,2026-07-19T12:24:52,2026-07-19,Unknown,,,,,,false
6a5cc3516bb84309655a6f26,,2026-07-19T12:30:14,2026-07-19,Unknown,,,,,,false
6a5cc3936bb84309655a6f27,,2026-07-19T12:31:17,2026-07-19,Unknown,,,,,,false
6a5cc3a66bb84309655a6f28,,2026-07-19T12:31:35,2026-07-19,Unknown,,,,,,false
6a5cc50be656d0d9852c9935,,2026-07-19T12:37:33,2026-07-19,Unknown,,,,,,false
6a5cca806bb84309655a6f29,,2026-07-19T13:00:50,2026-07-19,Unknown,,,,,,false
6a5ccad9e656d0d9852c9936,,2026-07-19T13:02:19,2026-07-19,Unknown,,,,,,false
6a5ccb346bb84309655a6f2a,,2026-07-19T13:03:50,2026-07-19,Unknown,,,,,,false
6a5ccb8ae656d0d9852c9937,,2026-07-19T13:05:16,2026-07-19,Unknown,,,,,,false
6a5ccbff6bb84309655a6f2b,,2026-07-19T13:07:13,2026-07-19,Unknown,,,,,,false
6a5ccc26e656d0d9852c9938,,2026-07-19T13:07:52,2026-07-19,Unknown,,,,,,false
6a5ccc726bb84309655a6f2c,,2026-07-19T13:09:08,2026-07-19,Unknown,,,,,,false
6a5cccc1e656d0d9852c9939,,2026-07-19T13:10:27,2026-07-19,Unknown,,,,,,false
6a5ccd126bb84309655a6f2d,,2026-07-19T13:11:47,2026-07-19,Unknown,,,,,,false
6a5ccd5de656d0d9852c993a,,2026-07-19T13:13:03,2026-07-19,Unknown,,,,,,false
6a5ccda26bb84309655a6f2f,,2026-07-19T13:14:12,2026-07-19,Unknown,,,,,,false
6a5ccda96bb84309655a6f30,,2026-07-19T13:14:19,2026-07-19,Unknown,,,,,,false
6a5ccdf7e656d0d9852c993b,,2026-07-19T13:15:36,2026-07-19,Unknown,,,,,,false
6a5cce466bb84309655a6f31,,2026-07-19T13:16:55,2026-07-19,Unknown,,,,,,false
6a5ccef4e656d0d9852c993c,,2026-07-19T13:19:50,2026-07-19,Unknown,,,,,,false
6a5ccf77e656d0d9852c993d,,2026-07-19T13:22:01,2026-07-19,Unknown,,,,,,false
6a5cd411e656d0d9852c993f,,2026-07-19T13:41:39,2026-07-19,Unknown,,,,,,false
6a5cd5d06bb84309655a6f34,Nilay saha,2026-07-19T13:49:06,2026-07-19,SMB,lite,HubSpot Integration,true,false,active,true
6a5cdae26bb84309655a6f35,Christiane Bazin,2026-07-19T14:10:44,2026-07-19,SMB,lite,HubSpot Integration,true,false,active,true
6a5cdcaf6bb84309655a6f36,,2026-07-19T14:18:25,2026-07-19,Unknown,,,,,,false
6a5cdd2b6bb84309655a6f37,,2026-07-19T14:20:29,2026-07-19,Unknown,,,,,,false
6a5cdf3ae656d0d9852c9940,,2026-07-19T14:29:16,2026-07-19,Unknown,,,,,,false
6a5ce1296bb84309655a6f38,Justin Fjeldos,2026-07-19T14:37:31,2026-07-19,SMB,lite,HubSpot Integration,true,false,active,true
6a5ce1a8e656d0d9852c9941,,2026-07-19T14:39:37,2026-07-19,Unknown,,,,,,false
6a5ce1cb6bb84309655a6f39,,2026-07-19T14:40:13,2026-07-19,Unknown,,,,,,false
6a5ce66a6bb84309655a6f3a,,2026-07-19T14:59:55,2026-07-19,Unknown,,,,,,false
6a5ce68ce656d0d9852c9942,,2026-07-19T15:00:30,2026-07-19,Unknown,,,,,,false
6a5ce71be656d0d9852c9944,,2026-07-19T15:02:53,2026-07-19,Unknown,,,,,,false
6a5ce73e6bb84309655a6f3b,,2026-07-19T15:03:28,2026-07-19,Unknown,,,,,,false
6a5ce99fe656d0d9852c9945,,2026-07-19T15:13:37,2026-07-19,Unknown,,,,,,false
6a5cebc9e656d0d9852c9946,,2026-07-19T15:22:51,2026-07-19,Unknown,,,,,,false
6a5cef72e656d0d9852c9947,,2026-07-19T15:38:28,2026-07-19,Unknown,,,,,,false
6a5cef7c6bb84309655a6f3c,,2026-07-19T15:38:41,2026-07-19,Unknown,,,,,,false
6a5cf4376bb84309655a6f3d,,2026-07-19T15:58:49,2026-07-19,Unknown,,,,,,false
6a5cf57fe656d0d9852c9948,,2026-07-19T16:04:17,2026-07-19,Unknown,,,,,,false
6a5cfd366bb84309655a6f3e,,2026-07-19T16:37:12,2026-07-19,Unknown,,,,,,false
6a5cfe10e656d0d9852c994a,,2026-07-19T16:40:50,2026-07-19,Unknown,,,,,,false
6a5cff92e656d0d9852c994d,,2026-07-19T16:47:16,2026-07-19,Unknown,,,,,,false
6a5d000be656d0d9852c994e,,2026-07-19T16:49:16,2026-07-19,Unknown,,,,,,false
6a5d02c3e656d0d9852c994f,,2026-07-19T17:00:53,2026-07-19,Unknown,,,,,,false
6a5d03306bb84309655a6f3f,,2026-07-19T17:02:42,2026-07-19,Unknown,,,,,,false
6a5d03956bb84309655a6f40,,2026-07-19T17:04:23,2026-07-19,Unknown,,,,,,false
6a5d03fa6bb84309655a6f41,,2026-07-19T17:06:03,2026-07-19,Unknown,,,,,,false
6a5d04616bb84309655a6f42,,2026-07-19T17:07:46,2026-07-19,Unknown,,,,,,false
6a5d04766bb84309655a6f43,,2026-07-19T17:08:08,2026-07-19,Unknown,,,,,,false
6a5d04bee656d0d9852c9950,,2026-07-19T17:09:20,2026-07-19,Unknown,,,,,,false
6a5d0519e656d0d9852c9951,,2026-07-19T17:10:51,2026-07-19,Unknown,,,,,,false
6a5d0567e656d0d9852c9952,,2026-07-19T17:12:09,2026-07-19,Unknown,,,,,,false
6a5d05bae656d0d9852c9953,,2026-07-19T17:13:32,2026-07-19,Unknown,,,,,,false
6a5d06096bb84309655a6f44,,2026-07-19T17:14:50,2026-07-19,Unknown,,,,,,false
6a5d0659e656d0d9852c9954,,2026-07-19T17:16:10,2026-07-19,Unknown,,,,,,false
6a5d06a56bb84309655a6f45,,2026-07-19T17:17:27,2026-07-19,Unknown,,,,,,false
6a5d070be656d0d9852c9955,,2026-07-19T17:19:09,2026-07-19,Unknown,,,,,,false
6a5d09e66bb84309655a6f46,,2026-07-19T17:31:20,2026-07-19,Unknown,,,,,,false
6a5d0b7ee656d0d9852c9956,,2026-07-19T17:38:08,2026-07-19,Unknown,,,,,,false
6a5d0c9be656d0d9852c9957,,2026-07-19T17:42:53,2026-07-19,Unknown,,,,,,false
6a5d0cd56bb84309655a6f47,,2026-07-19T17:43:51,2026-07-19,Unknown,,,,,,false
6a5d122f6bb84309655a6f48,,2026-07-19T18:06:41,2026-07-19,Unknown,,,,,,false
6a5d14c1e656d0d9852c9958,,2026-07-19T18:17:38,2026-07-19,Unknown,,,,,,false
6a5d16d96bb84309655a6f49,,2026-07-19T18:26:35,2026-07-19,Unknown,,,,,,false
6a5d1d2b6bb84309655a6f4a,,2026-07-19T18:53:33,2026-07-19,Unknown,,,,,,false
6a5d1e7de656d0d9852c995a,,2026-07-19T18:59:10,2026-07-19,Unknown,,,,,,false
6a5d2258e656d0d9852c995b,,2026-07-19T19:15:38,2026-07-19,Unknown,,,,,,false
6a5d22cde656d0d9852c995c,,2026-07-19T19:17:35,2026-07-19,Unknown,,,,,,false
6a5d2c5de656d0d9852c995d,,2026-07-19T19:58:23,2026-07-19,Unknown,,,,,,false
6a5d2dc86bb84309655a6f4b,,2026-07-19T20:04:26,2026-07-19,Unknown,,,,,,false
6a5d2ff76525952ba12093bc,,2026-07-19T20:13:46,2026-07-19,Unknown,,,,,,false
6a5d311b6bb84309655a6f4c,,2026-07-19T20:18:37,2026-07-19,Unknown,,,,,,false
6a5d3351b3ed3f3dd43c0704,,2026-07-19T20:28:03,2026-07-19,Unknown,,,,,,false
6a5d36096bb84309655a6f4d,,2026-07-19T20:39:38,2026-07-19,Unknown,,,,,,false
6a5d36cc6525952ba12093bd,,2026-07-19T20:42:54,2026-07-19,Unknown,,,,,,false
6a5d3d1b6bb84309655a6f4e,,2026-07-19T21:09:49,2026-07-19,Unknown,,,,,,false
6a5d3fd36bb84309655a6f50,,2026-07-19T21:21:25,2026-07-19,Unknown,,,,,,false
6a5d40be6bb84309655a6f51,,2026-07-19T21:25:20,2026-07-19,Unknown,,,,,,false
6a5d43946bb84309655a6f52,,2026-07-19T21:37:26,2026-07-19,Unknown,,,,,,false
6a5d44a46525952ba12093be,,2026-07-19T21:41:58,2026-07-19,Unknown,,,,,,false
6a5d477a6bb84309655a6f53,,2026-07-19T21:54:04,2026-07-19,Unknown,,,,,,false
6a5d4a126bb84309655a6f54,,2026-07-19T22:05:08,2026-07-19,Unknown,,,,,,false
6a5d4ee06525952ba12093bf,,2026-07-19T22:25:40,2026-07-19,Unknown,,,,,,false
6a5d4f6e6bb84309655a6f57,,2026-07-19T22:28:01,2026-07-19,Unknown,,,,,,false
6a5d537b6bb84309655a6f59,,2026-07-19T22:45:17,2026-07-19,Unknown,,,,,,false
6a5d547a6525952ba12093c0,,2026-07-19T22:49:32,2026-07-19,Unknown,,,,,,false
6a5d57006525952ba12093c1,,2026-07-19T23:00:17,2026-07-19,Unknown,,,,,,false
6a5d57286525952ba12093c2,,2026-07-19T23:00:58,2026-07-19,Unknown,,,,,,false
6a5d592a6bb84309655a6f5a,,2026-07-19T23:09:32,2026-07-19,Unknown,,,,,,false
6a5d59c96bb84309655a6f5b,,2026-07-19T23:12:11,2026-07-19,Unknown,,,,,,false
6a5d5a916bb84309655a6f5c,,2026-07-19T23:15:31,2026-07-19,Unknown,,,,,,false
6a5d5cf16525952ba12093c4,,2026-07-19T23:25:38,2026-07-19,Unknown,,,,,,false
6a5d5eeb6525952ba12093c5,,2026-07-19T23:34:06,2026-07-19,Unknown,,,,,,false
6a5d64b16525952ba12093c6,,2026-07-19T23:58:43,2026-07-19,Unknown,,,,,,false
6a5d66536525952ba12093c7,,2026-07-20T00:05:41,2026-07-20,Unknown,,,,,,false
6a5d6ae26525952ba12093c8,,2026-07-20T00:25:08,2026-07-20,Unknown,,,,,,false
6a5d6e2f6525952ba12093c9,,2026-07-20T00:39:13,2026-07-20,Unknown,,,,,,false
6a5d6e6b6525952ba12093ca,,2026-07-20T00:40:12,2026-07-20,Unknown,,,,,,false
6a5d6e886525952ba12093cb,Sandra Stephenson,2026-07-20T00:40:42,2026-07-20,SMB,lite,HubSpot Integration,true,false,active,true
6a5d72e06bb84309655a6f5e,,2026-07-20T00:59:16,2026-07-20,Unknown,,,,,,false
6a5d7a2c6525952ba12093cc,,2026-07-20T01:30:21,2026-07-20,Unknown,,,,,,false
6a5d7aac6525952ba12093cd,,2026-07-20T01:32:30,2026-07-20,Unknown,,,,,,false
6a5d7d7f6525952ba12093ce,,2026-07-20T01:44:33,2026-07-20,Unknown,,,,,,false
6a5d7ec06525952ba12093cf,,2026-07-20T01:49:55,2026-07-20,Unknown,,,,,,false
6a5d840e6525952ba12093d0,,2026-07-20T02:12:32,2026-07-20,Unknown,,,,,,false
6a5d8c876525952ba12093d1,,2026-07-20T02:48:41,2026-07-20,Unknown,,,,,,false
6a5d8cfe6525952ba12093d2,,2026-07-20T02:50:40,2026-07-20,Unknown,,,,,,false
6a5d8d7f6bb84309655a6f60,,2026-07-20T02:52:50,2026-07-20,Unknown,,,,,,false
6a5d8ddc6525952ba12093d3,,2026-07-20T02:54:22,2026-07-20,Unknown,,,,,,false
6a5d90ca6525952ba12093d4,,2026-07-20T03:06:52,2026-07-20,Unknown,,,,,,false
6a5d92ef6bb84309655a6f61,,2026-07-20T03:16:01,2026-07-20,Unknown,,,,,,false
6a5d9ca56bb84309655a6f63,,2026-07-20T03:57:27,2026-07-20,Unknown,,,,,,false
6a5d9fd46bb84309655a6f64,,2026-07-20T04:11:02,2026-07-20,Unknown,,,,,,false
6a5da0b36bb84309655a6f65,,2026-07-20T04:14:44,2026-07-20,Unknown,,,,,,false
6a5da5cf6bb84309655a6f67,Gabriel Martinez,2026-07-20T04:36:33,2026-07-20,SMB,lite,HubSpot Integration,true,false,active,true
6a5da7fa6525952ba12093d6,,2026-07-20T04:45:48,2026-07-20,Unknown,,,,,,false
6a5dab856bb84309655a6f69,,2026-07-20T05:00:56,2026-07-20,Unknown,,,,,,false
6a5dabb86525952ba12093d7,,2026-07-20T05:01:46,2026-07-20,Unknown,,,,,,false
6a5dabe26525952ba12093d8,,2026-07-20T05:02:28,2026-07-20,Unknown,,,,,,false
6a5dac456bb84309655a6f6a,,2026-07-20T05:04:07,2026-07-20,Unknown,,,,,,false
6a5daca56bb84309655a6f6b,,2026-07-20T05:05:43,2026-07-20,Unknown,,,,,,false
6a5dad006bb84309655a6f6c,,2026-07-20T05:07:14,2026-07-20,Unknown,,,,,,false
6a5dad5e6bb84309655a6f6d,,2026-07-20T05:08:48,2026-07-20,Unknown,,,,,,false
6a5dadc86bb84309655a6f6e,,2026-07-20T05:10:34,2026-07-20,Unknown,,,,,,false
6a5dae156525952ba12093d9,,2026-07-20T05:11:50,2026-07-20,Unknown,,,,,,false
6a5dae606bb84309655a6f6f,,2026-07-20T05:13:06,2026-07-20,Unknown,,,,,,false
6a5daeb36bb84309655a6f70,,2026-07-20T05:14:29,2026-07-20,Unknown,,,,,,false
6a5daefd6bb84309655a6f71,,2026-07-20T05:15:43,2026-07-20,Unknown,,,,,,false
6a5daf4a6bb84309655a6f72,,2026-07-20T05:17:00,2026-07-20,Unknown,,,,,,false
6a5db6196bb84309655a6f73,,2026-07-20T05:46:03,2026-07-20,Unknown,,,,,,false
6a5db7bb6525952ba12093db,,2026-07-20T05:53:03,2026-07-20,Unknown,,,,,,false
6a5db8c76bb84309655a6f74,,2026-07-20T05:57:28,2026-07-20,Unknown,,,,,,false
6a5dbd636525952ba12093dc,,2026-07-20T06:17:09,2026-07-20,Unknown,,,,,,false
6a5dbe9a6bb84309655a6f75,,2026-07-20T06:22:20,2026-07-20,Unknown,,,,,,false
6a5dbec56525952ba12093dd,,2026-07-20T06:23:05,2026-07-20,Unknown,,,,,,false
6a5dbf216bb84309655a6f76,,2026-07-20T06:24:35,2026-07-20,Unknown,,,,,,false
6a5dc9436bb84309655a6f77,,2026-07-20T07:07:49,2026-07-20,Unknown,,,,,,false
6a5dc9cc6bb84309655a6f78,,2026-07-20T07:10:06,2026-07-20,Unknown,,,,,,false
6a5dcaaa6bb84309655a6f79,,2026-07-20T07:13:48,2026-07-20,Unknown,,,,,,false
6a5dd0d26bb84309655a6f7a,,2026-07-20T07:40:03,2026-07-20,Unknown,,,,,,false
6a5dd8dc6525952ba12093de,,2026-07-20T08:14:22,2026-07-20,Unknown,,,,,,false
6a5ddc766525952ba12093df,,2026-07-20T08:29:44,2026-07-20,Unknown,,,,,,false
6a5ddc916525952ba12093e0,,2026-07-20T08:30:10,2026-07-20,Unknown,,,,,,false
6a5de3c46525952ba12093e1,,2026-07-20T09:00:54,2026-07-20,Unknown,,,,,,false
6a5de4276bb84309655a6f7b,,2026-07-20T09:02:33,2026-07-20,Unknown,,,,,,false
6a5de4896bb84309655a6f7c,,2026-07-20T09:04:11,2026-07-20,Unknown,,,,,,false
6a5de4936525952ba12093e3,,2026-07-20T09:04:21,2026-07-20,Unknown,,,,,,false
6a5de5056bb84309655a6f7d,,2026-07-20T09:06:15,2026-07-20,Unknown,,,,,,false
6a5de5636525952ba12093e4,,2026-07-20T09:07:49,2026-07-20,Unknown,,,,,,false
6a5de5c36525952ba12093e5,,2026-07-20T09:09:24,2026-07-20,Unknown,,,,,,false
6a5de6156525952ba12093e6,,2026-07-20T09:10:47,2026-07-20,Unknown,,,,,,false
6a5de63d6525952ba12093e7,,2026-07-20T09:11:27,2026-07-20,Unknown,,,,,,false
6a5de6646bb84309655a6f7e,,2026-07-20T09:12:06,2026-07-20,Unknown,,,,,,false
6a5de6b36bb84309655a6f7f,,2026-07-20T09:13:25,2026-07-20,Unknown,,,,,,false
6a5de6ff6bb84309655a6f80,,2026-07-20T09:14:41,2026-07-20,Unknown,,,,,,false
6a5de74c6bb84309655a6f81,,2026-07-20T09:15:58,2026-07-20,Unknown,,,,,,false
6a5de7986525952ba12093e8,,2026-07-20T09:17:13,2026-07-20,Unknown,,,,,,false
6a5dea636bb84309655a6f82,Terrell Davis,2026-07-20T09:29:09,2026-07-20,SMB,lite,HubSpot Integration,true,false,active,true
6a5debba6525952ba12093e9,,2026-07-20T09:34:52,2026-07-20,Unknown,,,,,,false
6a5dec956bb84309655a6f83,,2026-07-20T09:38:31,2026-07-20,Unknown,,,,,,false
6a5df1626bb84309655a6f84,,2026-07-20T09:59:00,2026-07-20,Unknown,,,,,,false
6a5df3a76525952ba12093eb,,2026-07-20T10:08:40,2026-07-20,Unknown,,,,,,false
6a5df6d86525952ba12093ec,,2026-07-20T10:22:19,2026-07-20,Unknown,,,,,,false
6a5df9306bb84309655a6f85,,2026-07-20T10:32:21,2026-07-20,Unknown,,,,,,false
6a5dfb156bb84309655a6f87,,2026-07-20T10:40:23,2026-07-20,Unknown,,,,,,false
6a5dfb5c6525952ba12093ed,,2026-07-20T10:41:35,2026-07-20,Unknown,,,,,,false
6a5dfb6c6bb84309655a6f88,,2026-07-20T10:41:52,2026-07-20,Unknown,,,,,,false
6a5dfbb86bb84309655a6f89,,2026-07-20T10:43:06,2026-07-20,Unknown,,,,,,false
6a5dfe53b479471ddd5b41a6,,2026-07-20T10:54:11,2026-07-20,Unknown,,,,,,false
6a5e00906525952ba12093ee,,2026-07-20T11:03:46,2026-07-20,Unknown,,,,,,false
6a5e02d96bb84309655a6f8c,,2026-07-20T11:13:30,2026-07-20,Unknown,,,,,,false
6a5e04bd6bb84309655a6f8d,,2026-07-20T11:21:38,2026-07-20,Unknown,,,,,,false
6a5e0b516525952ba12093f1,,2026-07-20T11:49:39,2026-07-20,Unknown,,,,,,false
6a5e0b5a6bb84309655a6f8f,,2026-07-20T11:49:48,2026-07-20,Unknown,,,,,,false
6a5e0bb66bb84309655a6f91,,2026-07-20T11:51:20,2026-07-20,Unknown,,,,,,false
6a5e0e176525952ba12093f2,,2026-07-20T12:01:30,2026-07-20,Unknown,,,,,,false
6a5e10d46bb84309655a6f92,,2026-07-20T12:13:09,2026-07-20,Unknown,,,,,,false
6a5e11cb6bb84309655a6f93,,2026-07-20T12:17:17,2026-07-20,Unknown,,,,,,false
6a5e122c6bb84309655a6f94,Alfonso hinojosa,2026-07-20T12:18:55,2026-07-20,SMB,lite,HubSpot Integration,true,false,active,true
6a5e12506bb84309655a6f95,,2026-07-20T12:19:30,2026-07-20,Unknown,,,,,,false
6a5e14166525952ba12093f3,,2026-07-20T12:27:04,2026-07-20,Unknown,,,,,,false
6a5e176b6bb84309655a6f9a,,2026-07-20T12:41:16,2026-07-20,Unknown,,,,,,false
6a5e1c056525952ba12093f4,,2026-07-20T13:00:55,2026-07-20,Unknown,,,,,,false
6a5e1c6d6525952ba12093f5,,2026-07-20T13:02:38,2026-07-20,Unknown,,,,,,false
6a5e1cd36525952ba12093f6,,2026-07-20T13:04:20,2026-07-20,Unknown,,,,,,false
6a5e1d366525952ba12093f7,,2026-07-20T13:06:00,2026-07-20,Unknown,,,,,,false
6a5e1d996bb84309655a6f9b,,2026-07-20T13:07:39,2026-07-20,Unknown,,,,,,false
6a5e1da86525952ba12093f8,,2026-07-20T13:07:54,2026-07-20,Unknown,,,,,,false
6a5e1e096bb84309655a6f9c,,2026-07-20T13:09:32,2026-07-20,Unknown,,,,,,false
6a5e1e5c6525952ba12093f9,,2026-07-20T13:10:54,2026-07-20,Unknown,,,,,,false
6a5e1ea66525952ba12093fa,,2026-07-20T13:12:07,2026-07-20,Unknown,,,,,,false
6a5e1ef26bb84309655a6f9d,,2026-07-20T13:13:24,2026-07-20,Unknown,,,,,,false
6a5e1f3f6525952ba12093fb,,2026-07-20T13:14:41,2026-07-20,Unknown,,,,,,false
6a5e1f5a6525952ba12093fc,,2026-07-20T13:15:08,2026-07-20,Unknown,,,,,,false
6a5e1f8b6525952ba12093fd,,2026-07-20T13:15:57,2026-07-20,Unknown,,,,,,false
6a5e1fda6525952ba12093fe,,2026-07-20T13:17:15,2026-07-20,Unknown,,,,,,false
6a5e20a26525952ba12093ff,Kathleen Strickland,2026-07-20T13:20:36,2026-07-20,SMB,lite,HubSpot Integration,true,false,active,true
6a5e21046525952ba1209400,,2026-07-20T13:22:14,2026-07-20,Unknown,,,,,,false
6a5e21b76525952ba1209401,,2026-07-20T13:25:13,2026-07-20,Unknown,,,,,,false
6a5e21cf409d31c0a0df5c9c,,2026-07-20T13:25:36,2026-07-20,Unknown,,,,,,false
6a5e22c66bb84309655a6f9e,,2026-07-20T13:29:44,2026-07-20,Unknown,,,,,,false
6a5e26fb6525952ba1209402,,2026-07-20T13:47:41,2026-07-20,Unknown,,,,,,false
6a5e2f916bb84309655a6f9f,,2026-07-20T14:24:19,2026-07-20,Unknown,,,,,,false
6a5e30386bb84309655a6fa0,,2026-07-20T14:27:06,2026-07-20,Unknown,,,,,,false
6a5e305e6bb84309655a6fa1,,2026-07-20T14:27:46,2026-07-20,Unknown,,,,,,false
6a5e30616525952ba1209403,,2026-07-20T14:27:47,2026-07-20,Unknown,,,,,,false
6a5e30e26525952ba1209404,,2026-07-20T14:29:57,2026-07-20,Unknown,,,,,,false
6a5e323d6bb84309655a6fa2,,2026-07-20T14:35:43,2026-07-20,Unknown,,,,,,false
6a5e337a6525952ba1209405,,2026-07-20T14:40:59,2026-07-20,Unknown,,,,,,false
6a5e33d36525952ba1209406,,2026-07-20T14:42:29,2026-07-20,Unknown,,,,,,false
6a5e33f96bb84309655a6fa3,,2026-07-20T14:43:07,2026-07-20,Unknown,,,,,,false
6a5e34d76bb84309655a6fa4,,2026-07-20T14:46:49,2026-07-20,Unknown,,,,,,false
6a5e35306525952ba1209407,,2026-07-20T14:48:18,2026-07-20,Unknown,,,,,,false
6a5e35926bb84309655a6fa5,,2026-07-20T14:49:55,2026-07-20,Unknown,,,,,,false
6a5e35966bb84309655a6fa6,,2026-07-20T14:50:00,2026-07-20,Unknown,,,,,,false
6a5e359e6525952ba1209409,,2026-07-20T14:50:09,2026-07-20,Unknown,,,,,,false
6a5e362d6bb84309655a6fa7,,2026-07-20T14:52:31,2026-07-20,Unknown,,,,,,false
6a5e36b06525952ba120940a,,2026-07-20T14:54:42,2026-07-20,Unknown,,,,,,false
6a5e36dd6525952ba120940b,,2026-07-20T14:55:27,2026-07-20,Unknown,,,,,,false
6a5e37df6bb84309655a6fa8,Carter Hartley,2026-07-20T14:59:45,2026-07-20,SMB,lite,HubSpot Integration,true,false,active,true
6a5e3a066bb84309655a6fa9,,2026-07-20T15:08:56,2026-07-20,Unknown,,,,,,false
6a5e3a8f6525952ba120940e,,2026-07-20T15:11:16,2026-07-20,Unknown,,,,,,false
6a5e3b4d6bb84309655a6faa,,2026-07-20T15:14:23,2026-07-20,Unknown,,,,,,false
6a5e3dae6525952ba120940f,,2026-07-20T15:24:32,2026-07-20,Unknown,,,,,,false
6a5e3eaf6525952ba1209410,,2026-07-20T15:28:48,2026-07-20,Unknown,,,,,,false
6a5e40896bb84309655a6fab,,2026-07-20T15:36:43,2026-07-20,Unknown,,,,,,false
6a5e42a36bb84309655a6fad,,2026-07-20T15:45:44,2026-07-20,Unknown,,,,,,false
6a5e43a46bb84309655a6fae,samrat kasim shetty,2026-07-20T15:49:58,2026-07-20,SMB,lite,HubSpot Integration,true,false,active,true
6a5e45376525952ba1209411,,2026-07-20T15:56:41,2026-07-20,Unknown,,,,,,false
6a5e461c6525952ba1209412,,2026-07-20T16:00:29,2026-07-20,Unknown,,,,,,false
6a5e46b66525952ba1209413,,2026-07-20T16:03:04,2026-07-20,Unknown,,,,,,false
6a5e47626525952ba1209414,,2026-07-20T16:05:56,2026-07-20,Unknown,,,,,,false
6a5e49286525952ba1209415,,2026-07-20T16:13:32,2026-07-20,Unknown,,,,,,false
6a5e49ce6bb84309655a6fb0,,2026-07-20T16:16:17,2026-07-20,Unknown,,,,,,false
6a5e4acf6525952ba1209416,,2026-07-20T16:20:34,2026-07-20,Unknown,,,,,,false
6a5e4ae26bb84309655a6fb1,,2026-07-20T16:20:51,2026-07-20,Unknown,,,,,,false
6a5e4e3d6525952ba1209417,,2026-07-20T16:35:12,2026-07-20,Unknown,,,,,,false
6a5e52076bb84309655a6fb3,,2026-07-20T16:51:21,2026-07-20,Unknown,,,,,,false
6a5e54456bb84309655a6fb5,,2026-07-20T17:00:55,2026-07-20,Unknown,,,,,,false
6a5e54a76bb84309655a6fb6,,2026-07-20T17:02:33,2026-07-20,Unknown,,,,,,false
6a5e55056525952ba1209418,,2026-07-20T17:04:08,2026-07-20,Unknown,,,,,,false
6a5e55116bb84309655a6fb7,,2026-07-20T17:04:19,2026-07-20,Unknown,,,,,,false
6a5e55686525952ba1209419,,2026-07-20T17:05:46,2026-07-20,Unknown,,,,,,false
6a5e55d06bb84309655a6fb8,,2026-07-20T17:07:30,2026-07-20,Unknown,,,,,,false
6a5e56326525952ba120941a,,2026-07-20T17:09:08,2026-07-20,Unknown,,,,,,false
6a5e56a36bb84309655a6fba,,2026-07-20T17:11:01,2026-07-20,Unknown,,,,,,false
6a5e56ea6bb84309655a6fbb,,2026-07-20T17:12:12,2026-07-20,Unknown,,,,,,false
6a5e57336525952ba120941b,,2026-07-20T17:13:25,2026-07-20,Unknown,,,,,,false
6a5e57806525952ba120941c,,2026-07-20T17:14:42,2026-07-20,Unknown,,,,,,false
6a5e57926bb84309655a6fbc,,2026-07-20T17:14:59,2026-07-20,Unknown,,,,,,false
6a5e57cf6bb84309655a6fbd,,2026-07-20T17:16:01,2026-07-20,Unknown,,,,,,false
6a5e581b6525952ba120941d,,2026-07-20T17:17:17,2026-07-20,Unknown,,,,,,false
6a5e59566525952ba120941e,Arx Realty,2026-07-20T17:22:32,2026-07-20,SMB,lite,HubSpot Integration,true,false,active,true
6a5e59ff6bb84309655a6fbf,,2026-07-20T17:25:21,2026-07-20,Unknown,,,,,,false
6a5e5eea6bb84309655a6fc2,,2026-07-20T17:46:20,2026-07-20,Unknown,,,,,,false
6a5e5f076bb84309655a6fc3,,2026-07-20T17:46:48,2026-07-20,Unknown,,,,,,false
6a5e64096bb84309655a6fc5,,2026-07-20T18:08:11,2026-07-20,Unknown,,,,,,false
6a5e65236525952ba1209420,,2026-07-20T18:12:52,2026-07-20,Unknown,,,,,,false
6a5e65ff45a560ac0091c7ed,,2026-07-20T18:16:31,2026-07-20,Unknown,,,,,,false
6a5e690b6bb84309655a6fc6,,2026-07-20T18:29:34,2026-07-20,Unknown,,,,,,false
6a5e693e6525952ba1209421,,2026-07-20T18:30:23,2026-07-20,Unknown,,,,,,false
6a5e69cb6bb84309655a6fc7,,2026-07-20T18:32:47,2026-07-20,Unknown,,,,,,false
6a5e6a5a6bb84309655a6fc8,,2026-07-20T18:35:08,2026-07-20,Unknown,,,,,,false
6a5e6ad06bb84309655a6fc9,,2026-07-20T18:37:06,2026-07-20,Unknown,,,,,,false
6a5e6aee6bb84309655a6fca,,2026-07-20T18:37:38,2026-07-20,Unknown,,,,,,false
6a5e6ee76525952ba1209423,,2026-07-20T18:54:33,2026-07-20,Unknown,,,,,,false
6a5e6fd86bb84309655a6fcb,,2026-07-20T18:58:33,2026-07-20,Unknown,,,,,,false
6a5e71f06525952ba1209424,,2026-07-20T19:07:31,2026-07-20,Unknown,,,,,,false
6a5e72bb6525952ba1209425,Andrea Hess,2026-07-20T19:10:56,2026-07-20,SMB,pro,Michael Maloney,true,false,active,true
6a5e74726bb84309655a6fcc,,2026-07-20T19:18:13,2026-07-20,Unknown,,,,,,false
6a5e748f6bb84309655a6fcd,,2026-07-20T19:18:41,2026-07-20,Unknown,,,,,,false
6a5e773b6525952ba1209426,,2026-07-20T19:30:05,2026-07-20,Unknown,,,,,,false
6a5e77fe6bb84309655a6fce,,2026-07-20T19:33:20,2026-07-20,Unknown,,,,,,false
6a5e786e15faf39957beeb17,,2026-07-20T19:35:11,2026-07-20,Unknown,,,,,,false
6a5e79a36525952ba1209427,,2026-07-20T19:40:21,2026-07-20,Unknown,,,,,,false
6a5e7db56bb84309655a6fcf,,2026-07-20T19:57:43,2026-07-20,Unknown,,,,,,false
6a5e805d6525952ba1209428,,2026-07-20T20:09:03,2026-07-20,Unknown,,,,,,false
6a5e81216bb84309655a6fd0,,2026-07-20T20:12:19,2026-07-20,Unknown,,,,,,false
6a5e81506525952ba120942a,,2026-07-20T20:13:06,2026-07-20,Unknown,,,,,,false
6a5e816d6bb84309655a6fd1,,2026-07-20T20:13:35,2026-07-20,Unknown,,,,,,false
6a5e81ab6525952ba120942b,,2026-07-20T20:14:37,2026-07-20,Unknown,,,,,,false
6a5e839b6bb84309655a6fd2,,2026-07-20T20:22:53,2026-07-20,Unknown,,,,,,false
6a5e85916525952ba120942d,,2026-07-20T20:31:16,2026-07-20,Unknown,,,,,,false
6a5e861e6525952ba120942e,,2026-07-20T20:33:38,2026-07-20,Unknown,,,,,,false
6a5e883d6bb84309655a6fd4,,2026-07-20T20:42:38,2026-07-20,Unknown,,,,,,false
6a5e884c6bb84309655a6fd5,,2026-07-20T20:42:54,2026-07-20,Unknown,,,,,,false
6a5e89e46525952ba120942f,,2026-07-20T20:49:41,2026-07-20,Unknown,,,,,,false
6a5e8b5b6bb84309655a6fd6,,2026-07-20T20:55:59,2026-07-20,Unknown,,,,,,false
6a5e8bcf6bb84309655a6fd7,,2026-07-20T20:57:52,2026-07-20,Unknown,,,,,,false
6a5e8c946bb84309655a6fd8,,2026-07-20T21:01:13,2026-07-20,Unknown,,,,,,false
6a5e8cd76bb84309655a6fd9,,2026-07-20T21:02:17,2026-07-20,Unknown,,,,,,false
6a5e8d626525952ba1209431,,2026-07-20T21:04:36,2026-07-20,Unknown,,,,,,false
6a5e8f8b6bb84309655a6fda,,2026-07-20T21:13:49,2026-07-20,Unknown,,,,,,false
6a5e905e6525952ba1209433,,2026-07-20T21:17:19,2026-07-20,Unknown,,,,,,false
6a5e90a76525952ba1209434,,2026-07-20T21:18:33,2026-07-20,Unknown,,,,,,false
6a5e91fb6525952ba1209435,,2026-07-20T21:24:13,2026-07-20,Unknown,,,,,,false
6a5e95596bb84309655a6fdb,,2026-07-20T21:38:35,2026-07-20,Unknown,,,,,,false
6a5e95906bb84309655a6fdc,,2026-07-20T21:39:30,2026-07-20,Unknown,,,,,,false
6a5e99616bb84309655a6fdd,,2026-07-20T21:55:47,2026-07-20,Unknown,,,,,,false
6a5e99a16525952ba1209436,,2026-07-20T21:56:52,2026-07-20,Unknown,,,,,,false
6a5e99ec6525952ba1209437,,2026-07-20T21:58:07,2026-07-20,Unknown,,,,,,false
6a5e9a786525952ba1209438,,2026-07-20T22:00:26,2026-07-20,Unknown,,,,,,false
6a5e9b4a6525952ba120943a,,2026-07-20T22:03:58,2026-07-20,Unknown,,,,,,false
6a5e9c226bb84309655a6fde,,2026-07-20T22:07:32,2026-07-20,Unknown,,,,,,false
6a5e9c3c6525952ba120943b,,2026-07-20T22:07:58,2026-07-20,Unknown,,,,,,false
6a5e9d3a6bb84309655a6fdf,Mike Poupard,2026-07-20T22:12:12,2026-07-20,SMB,lite,HubSpot Integration,true,false,active,true
6a5e9e676bb84309655a6fe0,,2026-07-20T22:17:13,2026-07-20,Unknown,,,,,,false
6a5ea05c6bb84309655a6fe1,,2026-07-20T22:25:36,2026-07-20,Unknown,,,,,,false
6a5ea1006bb84309655a6fe2,,2026-07-20T22:28:18,2026-07-20,Unknown,,,,,,false
6a5ea2626525952ba120943c,,2026-07-20T22:34:12,2026-07-20,Unknown,,,,,,false
6a5ea7cd6525952ba120943d,,2026-07-20T22:57:19,2026-07-20,Unknown,,,,,,false
6a5eac3e6525952ba120943e,,2026-07-20T23:16:16,2026-07-20,Unknown,,,,,,false
6a5eaf936525952ba1209440,,2026-07-20T23:30:29,2026-07-20,Unknown,,,,,,false
6a5eb35e6525952ba1209441,,2026-07-20T23:46:40,2026-07-20,Unknown,,,,,,false
6a5eb47e6bb84309655a6fe3,,2026-07-20T23:51:28,2026-07-20,Unknown,,,,,,false
6a5eba116525952ba1209442,,2026-07-21T00:15:15,2026-07-21,Unknown,,,,,,false
6a5ebcab6525952ba1209443,Donald gissy,2026-07-21T00:26:21,2026-07-21,SMB,lite,HubSpot Integration,true,false,active,true
6a5ec0036525952ba1209444,,2026-07-21T00:40:37,2026-07-21,Unknown,,,,,,false
6a5ec3ea6525952ba1209445,Nathan  Roth,2026-07-21T00:57:15,2026-07-21,SMB,lite,HubSpot Integration,true,false,active,true
6a5ec46a6525952ba1209446,,2026-07-21T00:59:24,2026-07-21,Unknown,,,,,,false
6a5ed39e6bb84309655a6fe6,,2026-07-21T02:04:16,2026-07-21,Unknown,,,,,,false
6a5ed40d6525952ba1209447,William Okruch,2026-07-21T02:06:07,2026-07-21,SMB,lite,none,true,false,active,true
6a5edbc96525952ba1209448,,2026-07-21T02:39:09,2026-07-21,Unknown,,,,,,false
6a5ee62a6bb84309655a6fe7,,2026-07-21T03:23:23,2026-07-21,Unknown,,,,,,false
6a5ee86a6525952ba1209449,,2026-07-21T03:33:00,2026-07-21,Unknown,,,,,,false
6a5eebdf6bb84309655a6fe8,,2026-07-21T03:47:46,2026-07-21,Unknown,,,,,,false
6a5eec1b6bb84309655a6fe9,,2026-07-21T03:48:45,2026-07-21,Unknown,,,,,,false
6a5eee8c6bb84309655a6fea,,2026-07-21T03:59:10,2026-07-21,Unknown,,,,,,false
6a5ef6826bb84309655a6feb,,2026-07-21T04:33:10,2026-07-21,Unknown,,,,,,false
6a5efca86525952ba120944b,,2026-07-21T04:59:24,2026-07-21,Unknown,,,,,,false
6a5efd2a6bb84309655a6fee,,2026-07-21T05:01:32,2026-07-21,Unknown,,,,,,false
6a5efd8a6bb84309655a6fef,,2026-07-21T05:03:08,2026-07-21,Unknown,,,,,,false
6a5efdf06525952ba120944c,,2026-07-21T05:04:49,2026-07-21,Unknown,,,,,,false
6a5efe4e6bb84309655a6ff0,,2026-07-21T05:06:24,2026-07-21,Unknown,,,,,,false
6a5efe526525952ba120944d,,2026-07-21T05:06:28,2026-07-21,Unknown,,,,,,false
6a5efeae6bb84309655a6ff2,,2026-07-21T05:07:59,2026-07-21,Unknown,,,,,,false
6a5efeb56525952ba120944e,,2026-07-21T05:08:07,2026-07-21,Unknown,,,,,,false
6a5eff096bb84309655a6ff3,,2026-07-21T05:09:31,2026-07-21,Unknown,,,,,,false
6a5eff696525952ba120944f,,2026-07-21T05:11:06,2026-07-21,Unknown,,,,,,false
6a5effb66bb84309655a6ff4,,2026-07-21T05:12:23,2026-07-21,Unknown,,,,,,false
6a5f00046525952ba1209450,,2026-07-21T05:13:42,2026-07-21,Unknown,,,,,,false
6a5f004f6525952ba1209451,,2026-07-21T05:14:57,2026-07-21,Unknown,,,,,,false
6a5f008f6525952ba1209452,,2026-07-21T05:16:01,2026-07-21,Unknown,,,,,,false
6a5f009f6bb84309655a6ff5,,2026-07-21T05:16:17,2026-07-21,Unknown,,,,,,false
6a5f00ef6525952ba1209453,,2026-07-21T05:17:37,2026-07-21,Unknown,,,,,,false
6a5f02d16525952ba1209454,,2026-07-21T05:25:42,2026-07-21,Unknown,,,,,,false
6a5f036a6bb84309655a6ff6,,2026-07-21T05:28:12,2026-07-21,Unknown,,,,,,false
6a5f05a36bb84309655a6ff7,,2026-07-21T05:37:41,2026-07-21,Unknown,,,,,,false
6a5f08966525952ba1209455,,2026-07-21T05:50:16,2026-07-21,Unknown,,,,,,false
6a5f15276525952ba1209457,,2026-07-21T06:43:53,2026-07-21,Unknown,,,,,,false
6a5f168a6bb84309655a6ff9,,2026-07-21T06:49:48,2026-07-21,Unknown,,,,,,false
6a5f19b36bb84309655a6ffa,,2026-07-21T07:03:17,2026-07-21,Unknown,,,,,,false
6a5f1a436bb84309655a6ffc,,2026-07-21T07:05:41,2026-07-21,Unknown,,,,,,false
6a5f21d06525952ba1209458,,2026-07-21T07:37:54,2026-07-21,Unknown,,,,,,false
6a5f224e6bb84309655a6ffd,,2026-07-21T07:39:59,2026-07-21,Unknown,,,,,,false
6a5f23686bb84309655a6ffe,,2026-07-21T07:44:41,2026-07-21,Unknown,,,,,,false
6a5f24c76525952ba1209459,,2026-07-21T07:50:33,2026-07-21,Unknown,,,,,,false
6a5f26336bb84309655a6fff,,2026-07-21T07:56:37,2026-07-21,Unknown,,,,,,false
6a5f26af6525952ba120945a,,2026-07-21T07:58:41,2026-07-21,Unknown,,,,,,false
6a5f2bc46525952ba120945b,,2026-07-21T08:20:22,2026-07-21,Unknown,,,,,,false
6a5f2c346525952ba120945c,,2026-07-21T08:22:14,2026-07-21,Unknown,,,,,,false
6a5f2fc36525952ba120945d,,2026-07-21T08:37:28,2026-07-21,Unknown,,,,,,false
6a5f31c76bb84309655a7001,,2026-07-21T08:46:03,2026-07-21,Unknown,,,,,,false
6a5f33be6bb84309655a7002,,2026-07-21T08:54:25,2026-07-21,Unknown,,,,,,false
6a5f35386525952ba1209460,,2026-07-21T09:00:42,2026-07-21,Unknown,,,,,,false
6a5f35946525952ba1209462,,2026-07-21T09:02:14,2026-07-21,Unknown,,,,,,false
6a5f35f66bb84309655a7003,,2026-07-21T09:03:52,2026-07-21,Unknown,,,,,,false
6a5f36416bb84309655a7004,,2026-07-21T09:05:07,2026-07-21,Unknown,,,,,,false
6a5f365a6525952ba1209463,,2026-07-21T09:05:32,2026-07-21,Unknown,,,,,,false
6a5f36bb6bb84309655a7005,,2026-07-21T09:07:09,2026-07-21,Unknown,,,,,,false
6a5f37176525952ba1209464,,2026-07-21T09:08:41,2026-07-21,Unknown,,,,,,false
6a5f37706525952ba1209465,,2026-07-21T09:10:10,2026-07-21,Unknown,,,,,,false
6a5f37806bb84309655a7008,,2026-07-21T09:10:28,2026-07-21,Unknown,,,,,,false
6a5f378d6bb84309655a7009,,2026-07-21T09:10:39,2026-07-21,Unknown,,,,,,false
6a5f37b96bb84309655a700a,,2026-07-21T09:11:23,2026-07-21,Unknown,,,,,,false
6a5f38056bb84309655a700b,,2026-07-21T09:12:39,2026-07-21,Unknown,,,,,,false
6a5f38506bb84309655a700c,,2026-07-21T09:13:54,2026-07-21,Unknown,,,,,,false
6a5f38a16bb84309655a700d,,2026-07-21T09:15:15,2026-07-21,Unknown,,,,,,false
6a5f38af6525952ba1209466,,2026-07-21T09:15:29,2026-07-21,Unknown,,,,,,false
6a5f38ef6bb84309655a700e,,2026-07-21T09:16:33,2026-07-21,Unknown,,,,,,false
6a5f39cd6525952ba1209467,,2026-07-21T09:20:15,2026-07-21,Unknown,,,,,,false
6a5f3e586bb84309655a700f,,2026-07-21T09:39:38,2026-07-21,Unknown,,,,,,false
6a5f3e976525952ba1209468,,2026-07-21T09:40:41,2026-07-21,Unknown,,,,,,false
6a5f40506525952ba1209469,,2026-07-21T09:48:04,2026-07-21,Unknown,,,,,,false
6a5f406c6bb84309655a7010,,2026-07-21T09:48:30,2026-07-21,Unknown,,,,,,false
6a5f41436bb84309655a7011,,2026-07-21T09:52:05,2026-07-21,Unknown,,,,,,false
6a5f42ff6525952ba120946a,,2026-07-21T09:59:31,2026-07-21,Unknown,,,,,,false
6a5f44536525952ba120946b,,2026-07-21T10:05:09,2026-07-21,Unknown,,,,,,false
6a5f44ce6bb84309655a7012,Lindsey Rodriguez,2026-07-21T10:07:12,2026-07-21,SMB,lite,Guesty Marketing,true,false,active,true
6a5f467c6bb84309655a7013,,2026-07-21T10:14:22,2026-07-21,Unknown,,,,,,false
6a5f48246525952ba120946c,,2026-07-21T10:21:26,2026-07-21,Unknown,,,,,,false
6a5f49e06525952ba120946e,,2026-07-21T10:28:49,2026-07-21,Unknown,,,,,,false
6a5f4b216bb84309655a7014,,2026-07-21T10:34:11,2026-07-21,Unknown,,,,,,false
6a5f4e826bb84309655a7015,,2026-07-21T10:48:36,2026-07-21,Unknown,,,,,,false
6a5f4e9f6bb84309655a7016,,2026-07-21T10:49:05,2026-07-21,Unknown,,,,,,false
6a5f500c6bb84309655a7017,Malik Aït-Oukharraz,2026-07-21T10:55:10,2026-07-21,SMB,lite,HubSpot Integration,true,false,active,true
6a5f51096bb84309655a7018,,2026-07-21T10:59:23,2026-07-21,Unknown,,,,,,false
6a5f51506525952ba1209470,,2026-07-21T11:00:34,2026-07-21,Unknown,,,,,,false
6a5f52326bb84309655a7019,,2026-07-21T11:04:20,2026-07-21,Unknown,,,,,,false
6a5f52536bb84309655a701a,,2026-07-21T11:04:53,2026-07-21,Unknown,,,,,,false
6a5f557b6bb84309655a701c,Charlie Piffer,2026-07-21T11:18:21,2026-07-21,SMB,lite,HubSpot Integration,true,false,active,true
6a5f55a16bb84309655a701d,,2026-07-21T11:19:00,2026-07-21,Unknown,,,,,,false
6a5f55bf6525952ba1209471,Nathan Bartlett,2026-07-21T11:19:29,2026-07-21,SMB,lite,HubSpot Integration,true,false,active,true
6a5f56ad6525952ba1209472,,2026-07-21T11:23:27,2026-07-21,Unknown,,,,,,false
6a5f56b66525952ba1209473,,2026-07-21T11:23:36,2026-07-21,Unknown,,,,,,false
6a5f56fc6bb84309655a701e,,2026-07-21T11:24:46,2026-07-21,Unknown,,,,,,false
6a5f575b6bb84309655a701f,,2026-07-21T11:26:21,2026-07-21,Unknown,,,,,,false
6a5f5e036525952ba1209475,,2026-07-21T11:54:44,2026-07-21,Unknown,,,,,,false
6a5f618b6bb84309655a7020,,2026-07-21T12:09:49,2026-07-21,Unknown,,,,,,false
6a5f62e86525952ba1209476,,2026-07-21T12:15:38,2026-07-21,Unknown,,,,,,false
6a5f63686bb84309655a7021,,2026-07-21T12:17:46,2026-07-21,Unknown,,,,,,false
6a5f67ee6bb84309655a7022,,2026-07-21T12:37:04,2026-07-21,Unknown,,,,,,false
6a5f69526525952ba1209477,Allison Cacace,2026-07-21T12:42:59,2026-07-21,SMB,lite,HubSpot Integration,true,false,active,true
6a5f699e6bb84309655a7023,,2026-07-21T12:44:15,2026-07-21,Unknown,,,,,,false
6a5f6a656bb84309655a7024,,2026-07-21T12:47:38,2026-07-21,Unknown,,,,,,false
6a5f6b686525952ba1209479,,2026-07-21T12:51:53,2026-07-21,Unknown,,,,,,false
6a5f6d7c6525952ba120947a,,2026-07-21T13:00:46,2026-07-21,Unknown,,,,,,false
6a5f6de36bb84309655a7025,,2026-07-21T13:02:29,2026-07-21,Unknown,,,,,,false
6a5f6e0a6525952ba120947b,,2026-07-21T13:03:08,2026-07-21,Unknown,,,,,,false
6a5f6e456525952ba120947c,,2026-07-21T13:04:07,2026-07-21,Unknown,,,,,,false
6a5f6e546525952ba120947d,Kathryn Teague,2026-07-21T13:04:22,2026-07-21,SMB,lite,HubSpot Integration,true,false,active,true
6a5f6ea46525952ba120947e,,2026-07-21T13:05:42,2026-07-21,Unknown,,,,,,false
6a5f6ef46bb84309655a7026,,2026-07-21T13:07:01,2026-07-21,Unknown,,,,,,false
6a5f6f066bb84309655a7027,,2026-07-21T13:07:20,2026-07-21,Unknown,,,,,,false
6a5f6f646525952ba120947f,,2026-07-21T13:08:53,2026-07-21,Unknown,,,,,,false
6a5f6fb96525952ba1209480,,2026-07-21T13:10:19,2026-07-21,Unknown,,,,,,false
6a5f70056525952ba1209481,,2026-07-21T13:11:35,2026-07-21,Unknown,,,,,,false
6a5f704d6bb84309655a7028,,2026-07-21T13:12:47,2026-07-21,Unknown,,,,,,false
6a5f708e6525952ba1209482,,2026-07-21T13:13:52,2026-07-21,Unknown,,,,,,false
6a5f70916525952ba1209483,,2026-07-21T13:13:55,2026-07-21,Unknown,,,,,,false
6a5f70b46525952ba1209484,,2026-07-21T13:14:30,2026-07-21,Unknown,,,,,,false
6a5f70b96525952ba1209485,,2026-07-21T13:14:35,2026-07-21,Unknown,,,,,,false
6a5f70de6bb84309655a7029,,2026-07-21T13:15:11,2026-07-21,Unknown,,,,,,false
6a5f712b6bb84309655a702a,,2026-07-21T13:16:29,2026-07-21,Unknown,,,,,,false
6a5f729d6525952ba1209487,,2026-07-21T13:22:41,2026-07-21,Unknown,,,,,,false
6a5f72ff6525952ba1209488,,2026-07-21T13:24:17,2026-07-21,Unknown,,,,,,false
6a5f73cf6bb84309655a702c,,2026-07-21T13:27:48,2026-07-21,Unknown,,,,,,false
6a5f742d6525952ba1209489,,2026-07-21T13:29:18,2026-07-21,Unknown,,,,,,false
6a5f74bd6525952ba120948a,,2026-07-21T13:31:43,2026-07-21,Unknown,,,,,,false
6a5f76796525952ba120948c,,2026-07-21T13:39:07,2026-07-21,Unknown,,,,,,false
6a5f7b356bb84309655a702d,,2026-07-21T13:59:19,2026-07-21,Unknown,,,,,,false
6a5f7da26bb84309655a702e,,2026-07-21T14:09:41,2026-07-21,Unknown,,,,,,false
6a5f7fbe6525952ba120948d,,2026-07-21T14:18:40,2026-07-21,Unknown,,,,,,false
6a5f85ee6bb84309655a702f,,2026-07-21T14:45:04,2026-07-21,Unknown,,,,,,false
6a5f863e6525952ba120948f,,2026-07-21T14:46:27,2026-07-21,Unknown,,,,,,false
6a5f873c6525952ba1209490,,2026-07-21T14:50:38,2026-07-21,Unknown,,,,,,false
6a5f88656525952ba1209491,,2026-07-21T14:55:35,2026-07-21,Unknown,,,,,,false
6a5f887b6525952ba1209492,,2026-07-21T14:55:56,2026-07-21,Unknown,,,,,,false
6a5f88e36525952ba1209493,,2026-07-21T14:57:41,2026-07-21,Unknown,,,,,,false
6a5f8bd16bb84309655a7030,,2026-07-21T15:10:11,2026-07-21,Unknown,,,,,,false
6a5f8c576bb84309655a7031,,2026-07-21T15:12:28,2026-07-21,Unknown,,,,,,false
6a5f8cb46bb84309655a7032,,2026-07-21T15:13:58,2026-07-21,Unknown,,,,,,false
6a5f8e926525952ba1209495,,2026-07-21T15:21:56,2026-07-21,Unknown,,,,,,false
6a5f8fc36525952ba1209496,,2026-07-21T15:27:01,2026-07-21,Unknown,,,,,,false
6a5f90c46525952ba1209497,,2026-07-21T15:31:18,2026-07-21,Unknown,,,,,,false
6a5f913a6bb84309655a7033,,2026-07-21T15:33:16,2026-07-21,Unknown,,,,,,false
6a5f91a36bb84309655a7034,,2026-07-21T15:35:01,2026-07-21,Unknown,,,,,,false
6a5f93356bb84309655a7035,,2026-07-21T15:41:43,2026-07-21,Unknown,,,,,,false
6a5f934d6525952ba1209499,,2026-07-21T15:42:07,2026-07-21,Unknown,,,,,,false
6a5f99256525952ba120949a,,2026-07-21T16:07:03,2026-07-21,Unknown,,,,,,false
6a5f9ba76525952ba120949b,,2026-07-21T16:17:45,2026-07-21,Unknown,,,,,,false
6a5f9cb06525952ba120949c,,2026-07-21T16:22:12,2026-07-21,Unknown,,,,,,false
6a5f9cd86525952ba120949d,,2026-07-21T16:22:50,2026-07-21,Unknown,,,,,,false
6a5f9e5e6bb84309655a7038,,2026-07-21T16:29:19,2026-07-21,Unknown,,,,,,false
6a5fa2326525952ba120949e,,2026-07-21T16:45:40,2026-07-21,Unknown,,,,,,false
6a5fa23d6bb84309655a703a,,2026-07-21T16:45:51,2026-07-21,Unknown,,,,,,false
6a5fa2d46525952ba120949f,,2026-07-21T16:48:22,2026-07-21,Unknown,,,,,,false
6a5fa3096bb84309655a703b,,2026-07-21T16:49:15,2026-07-21,Unknown,,,,,,false
6a5fa33d6bb84309655a703c,,2026-07-21T16:50:07,2026-07-21,Unknown,,,,,,false
6a5fa4c66bb84309655a703d,,2026-07-21T16:56:40,2026-07-21,Unknown,,,,,,false
6a5fa5bf6525952ba12094a0,,2026-07-21T17:00:49,2026-07-21,Unknown,,,,,,false
6a5fa61d6525952ba12094a1,,2026-07-21T17:02:23,2026-07-21,Unknown,,,,,,false
6a5fa67e6bb84309655a703e,,2026-07-21T17:03:59,2026-07-21,Unknown,,,,,,false
6a5fa6e16bb84309655a703f,,2026-07-21T17:05:39,2026-07-21,Unknown,,,,,,false
6a5fa7646bb84309655a7040,,2026-07-21T17:07:50,2026-07-21,Unknown,,,,,,false
6a5fa7d16bb84309655a7041,,2026-07-21T17:09:39,2026-07-21,Unknown,,,,,,false
6a5fa8236bb84309655a7042,,2026-07-21T17:11:01,2026-07-21,Unknown,,,,,,false
6a5fa8706525952ba12094a2,,2026-07-21T17:12:18,2026-07-21,Unknown,,,,,,false
6a5fa8bb6525952ba12094a4,,2026-07-21T17:13:33,2026-07-21,Unknown,,,,,,false
6a5fa9086525952ba12094a5,,2026-07-21T17:14:50,2026-07-21,Unknown,,,,,,false
6a5fa9516525952ba12094a6,,2026-07-21T17:16:03,2026-07-21,Unknown,,,,,,false
6a5fa99d6bb84309655a7043,,2026-07-21T17:17:19,2026-07-21,Unknown,,,,,,false
6a5faae56bb84309655a7044,,2026-07-21T17:22:47,2026-07-21,Unknown,,,,,,false
6a5faee66525952ba12094aa,,2026-07-21T17:39:52,2026-07-21,Unknown,,,,,,false
6a5fb0126525952ba12094ab,,2026-07-21T17:44:52,2026-07-21,Unknown,,,,,,false
6a5fb0c3409d31c0a0df5c9d,,2026-07-21T17:47:47,2026-07-21,Unknown,,,,,,false
6a5fb0df6bb84309655a7045,,2026-07-21T17:48:20,2026-07-21,Unknown,,,,,,false
6a5fb1756525952ba12094ac,,2026-07-21T17:50:47,2026-07-21,Unknown,,,,,,false
6a5fb4296525952ba12094ad,,2026-07-21T18:02:18,2026-07-21,Unknown,,,,,,false
6a5fb5446525952ba12094af,,2026-07-21T18:07:02,2026-07-21,Unknown,,,,,,false
6a5fb6f46bb84309655a7046,,2026-07-21T18:14:14,2026-07-21,Unknown,,,,,,false
6a5fb8696bb84309655a7047,,2026-07-21T18:20:27,2026-07-21,Unknown,,,,,,false
6a5fb9026bb84309655a7048,,2026-07-21T18:23:01,2026-07-21,Unknown,,,,,,false
6a5fba3d6bb84309655a7049,,2026-07-21T18:28:15,2026-07-21,Unknown,,,,,,false
6a5fbab26bb84309655a704a,,2026-07-21T18:30:12,2026-07-21,Unknown,,,,,,false
6a5fbfb36bb84309655a704b,,2026-07-21T18:51:34,2026-07-21,Unknown,,,,,,false
6a5fc0996525952ba12094b1,,2026-07-21T18:55:22,2026-07-21,Unknown,,,,,,false
6a5fc1b76bb84309655a704c,,2026-07-21T19:00:09,2026-07-21,Unknown,,,,,,false
6a5fc79f6bb84309655a704d,,2026-07-21T19:25:21,2026-07-21,Unknown,,,,,,false
6a5fcf1d6bb84309655a704f,,2026-07-21T19:57:22,2026-07-21,Unknown,,,,,,false
6a5fd0436bb84309655a7050,,2026-07-21T20:02:13,2026-07-21,Unknown,,,,,,false
6a5fd0576525952ba12094b5,Krystle Ivey,2026-07-21T20:02:32,2026-07-21,SMB,lite,HubSpot Integration,true,false,active,true
6a5fd0ad6bb84309655a7051,,2026-07-21T20:03:59,2026-07-21,Unknown,,,,,,false
6a5fd22f6bb84309655a7052,,2026-07-21T20:10:25,2026-07-21,Unknown,,,,,,false
6a5fd2696bb84309655a7053,Marvin Feliciano,2026-07-21T20:11:26,2026-07-21,SMB,lite,HubSpot Integration,true,false,active,true
6a5fd7f445a560ac0091c7ee,,2026-07-21T20:35:01,2026-07-21,Unknown,,,,,,false
6a5fd8e0409d31c0a0df5c9e,,2026-07-21T20:38:56,2026-07-21,Unknown,,,,,,false
6a5fd90545a560ac0091c7ef,,2026-07-21T20:39:33,2026-07-21,Unknown,,,,,,false
6a5fd9736bb84309655a7054,,2026-07-21T20:41:25,2026-07-21,Unknown,,,,,,false
6a5fdcac6bb84309655a7056,,2026-07-21T20:55:10,2026-07-21,Unknown,,,,,,false
6a5fdcdd6525952ba12094b6,,2026-07-21T20:55:59,2026-07-21,Unknown,,,,,,false
6a5fe1446bb84309655a7057,,2026-07-21T21:14:46,2026-07-21,Unknown,,,,,,false
6a5fe1506bb84309655a7058,,2026-07-21T21:14:59,2026-07-21,Unknown,,,,,,false
6a5fe1b36bb84309655a7059,,2026-07-21T21:16:37,2026-07-21,Unknown,,,,,,false
6a5fe2ad6525952ba12094b7,,2026-07-21T21:20:47,2026-07-21,Unknown,,,,,,false
6a5fe2dd6bb84309655a705b,,2026-07-21T21:21:35,2026-07-21,Unknown,,,,,,false
6a5fe3e96525952ba12094b9,,2026-07-21T21:26:03,2026-07-21,Unknown,,,,,,false
6a5fe40e6525952ba12094ba,Giovanni Bengalis,2026-07-21T21:26:41,2026-07-21,SMB,lite,HubSpot Integration,true,false,active,true
6a5fe4c86bb84309655a705c,,2026-07-21T21:29:48,2026-07-21,Unknown,,,,,,false
6a5fe6aa6bb84309655a705d,,2026-07-21T21:37:48,2026-07-21,Unknown,,,,,,false
6a5fe8036525952ba12094bb,,2026-07-21T21:43:33,2026-07-21,Unknown,,,,,,false
6a5feba56525952ba12094bc,,2026-07-21T21:59:03,2026-07-21,Unknown,,,,,,false
6a5fed2b6525952ba12094bd,,2026-07-21T22:05:33,2026-07-21,Unknown,,,,,,false
6a5fedaf6525952ba12094be,,2026-07-21T22:07:44,2026-07-21,Unknown,,,,,,false
6a5fefde6525952ba12094bf,,2026-07-21T22:17:04,2026-07-21,Unknown,,,,,,false
6a5ff0796525952ba12094c0,,2026-07-21T22:19:40,2026-07-21,Unknown,,,,,,false
6a5ff32e6bb84309655a705f,,2026-07-21T22:31:11,2026-07-21,Unknown,,,,,,false
6a5ff4666bb84309655a7060,,2026-07-21T22:36:27,2026-07-21,Unknown,,,,,,false
6a5ff8396bb84309655a7061,,2026-07-21T22:52:43,2026-07-21,Unknown,,,,,,false
6a5ffc336525952ba12094c2,,2026-07-21T23:09:41,2026-07-21,Unknown,,,,,,false
6a5ffd1c6bb84309655a7063,Eduardo Coelho,2026-07-21T23:13:34,2026-07-21,SMB,lite,HubSpot Integration,true,false,active,true
6a5ffeb86525952ba12094c3,Abdul Mukati,2026-07-21T23:20:26,2026-07-21,SMB,lite,Jessi Petrusich,true,false,active,true
6a6003ba6525952ba12094c4,,2026-07-21T23:41:48,2026-07-21,Unknown,,,,,,false
6a6007306bb84309655a7067,Andrea Espinoza,2026-07-21T23:56:34,2026-07-21,SMB,lite,HubSpot Integration,true,false,active,true
6a6007436525952ba12094c5,,2026-07-21T23:56:53,2026-07-21,Unknown,,,,,,false
6a6007ea6bb84309655a7068,,2026-07-21T23:59:40,2026-07-21,Unknown,,,,,,false
6a6008e86bb84309655a7069,Imogen Kemp,2026-07-22T00:03:54,2026-07-22,SMB,lite,HubSpot Integration,true,false,active,true
6a6009c86525952ba12094c6,,2026-07-22T00:07:37,2026-07-22,Unknown,,,,,,false
6a60123a6bb84309655a706b,,2026-07-22T00:43:40,2026-07-22,Unknown,,,,,,false
6a60138c6525952ba12094c9,,2026-07-22T00:49:18,2026-07-22,Unknown,,,,,,false
6a6017b86bb84309655a706c,,2026-07-22T01:07:06,2026-07-22,Unknown,,,,,,false
6a6017e86525952ba12094cc,,2026-07-22T01:07:54,2026-07-22,Unknown,,,,,,false
6a601b286bb84309655a706e,,2026-07-22T01:21:46,2026-07-22,Unknown,,,,,,false
6a601cd86525952ba12094cd,,2026-07-22T01:28:58,2026-07-22,Unknown,,,,,,false
6a601d296525952ba12094ce,,2026-07-22T01:30:21,2026-07-22,Unknown,,,,,,false
6a601f0f6525952ba12094cf,,2026-07-22T01:38:25,2026-07-22,Unknown,,,,,,false
6a601fbe6bb84309655a7070,,2026-07-22T01:41:20,2026-07-22,Unknown,,,,,,false
6a602dc76bb84309655a7071,,2026-07-22T02:41:12,2026-07-22,Unknown,,,,,,false
6a60333f6525952ba12094d1,,2026-07-22T03:04:33,2026-07-22,Unknown,,,,,,false
6a6035fb6bb84309655a7072,,2026-07-22T03:16:13,2026-07-22,Unknown,,,,,,false
6a603ff06525952ba12094d3,,2026-07-22T03:58:42,2026-07-22,Unknown,,,,,,false
6a6042346525952ba12094d4,,2026-07-22T04:08:22,2026-07-22,Unknown,,,,,,false
6a6044636525952ba12094d5,,2026-07-22T04:17:41,2026-07-22,Unknown,,,,,,false
6a6046966525952ba12094d6,,2026-07-22T04:27:04,2026-07-22,Unknown,,,,,,false
6a604a406525952ba12094d7,,2026-07-22T04:42:42,2026-07-22,Unknown,,,,,,false
6a604ddd6525952ba12094d8,,2026-07-22T04:58:07,2026-07-22,Unknown,,,,,,false
6a604e7e6525952ba12094d9,,2026-07-22T05:00:48,2026-07-22,Unknown,,,,,,false
6a604edd6525952ba12094da,,2026-07-22T05:02:23,2026-07-22,Unknown,,,,,,false
6a604f426bb84309655a7073,,2026-07-22T05:04:04,2026-07-22,Unknown,,,,,,false
6a604fa16bb84309655a7074,,2026-07-22T05:05:39,2026-07-22,Unknown,,,,,,false
6a604fff6bb84309655a7075,,2026-07-22T05:07:13,2026-07-22,Unknown,,,,,,false
6a6050566bb84309655a7076,,2026-07-22T05:08:40,2026-07-22,Unknown,,,,,,false
6a6050ab6525952ba12094db,,2026-07-22T05:10:05,2026-07-22,Unknown,,,,,,false
6a6050f86525952ba12094dc,,2026-07-22T05:11:21,2026-07-22,Unknown,,,,,,false
6a6051436bb84309655a7077,,2026-07-22T05:12:37,2026-07-22,Unknown,,,,,,false
6a6051906525952ba12094dd,,2026-07-22T05:13:54,2026-07-22,Unknown,,,,,,false
6a6051ab6bb84309655a7078,,2026-07-22T05:14:20,2026-07-22,Unknown,,,,,,false
6a6051dc6525952ba12094de,,2026-07-22T05:15:09,2026-07-22,Unknown,,,,,,false
6a6052236525952ba12094df,,2026-07-22T05:16:21,2026-07-22,Unknown,,,,,,false
6a6056196525952ba12094e0,,2026-07-22T05:33:17,2026-07-22,Unknown,,,,,,false
6a605e866525952ba12094e1,,2026-07-22T06:09:12,2026-07-22,Unknown,,,,,,false
6a605fa46bb84309655a7079,,2026-07-22T06:13:58,2026-07-22,Unknown,,,,,,false
6a60651d6bb84309655a707a,,2026-07-22T06:37:19,2026-07-22,Unknown,,,,,,false
6a6067906bb84309655a707b,,2026-07-22T06:47:46,2026-07-22,Unknown,,,,,,false
6a6068fa6525952ba12094e2,,2026-07-22T06:53:48,2026-07-22,Unknown,,,,,,false
6a60691c92e80071b83a434e,,2026-07-22T06:54:20,2026-07-22,Unknown,,,,,,false
6a6069396bb84309655a707c,,2026-07-22T06:54:51,2026-07-22,Unknown,,,,,,false
6a606b666525952ba12094e3,,2026-07-22T07:04:08,2026-07-22,Unknown,,,,,,false
6a606c3a6525952ba12094e4,,2026-07-22T07:07:40,2026-07-22,Unknown,,,,,,false
6a60717b6525952ba12094e6,,2026-07-22T07:30:05,2026-07-22,Unknown,,,,,,false
6a6071d86525952ba12094e7,,2026-07-22T07:31:37,2026-07-22,Unknown,,,,,,false
6a6072566525952ba12094e8,,2026-07-22T07:33:44,2026-07-22,Unknown,,,,,,false
6a6072a86bb84309655a707d,,2026-07-22T07:35:06,2026-07-22,Unknown,,,,,,false
6a6074d76bb84309655a707e,,2026-07-22T07:44:26,2026-07-22,Unknown,,,,,,false
6a6079e26bb84309655a707f,,2026-07-22T08:05:56,2026-07-22,Unknown,,,,,,false
6a607a436bb84309655a7080,,2026-07-22T08:07:33,2026-07-22,Unknown,,,,,,false
6a607a806525952ba12094e9,,2026-07-22T08:08:33,2026-07-22,Unknown,,,,,,false
6a607d676bb84309655a7081,,2026-07-22T08:20:58,2026-07-22,Unknown,,,,,,false
6a6081336525952ba12094ec,,2026-07-22T08:37:09,2026-07-22,Unknown,,,,,,false
6a6081cf6525952ba12094ed,,2026-07-22T08:39:46,2026-07-22,Unknown,,,,,,false
6a6085876525952ba12094ee,,2026-07-22T08:55:36,2026-07-22,Unknown,,,,,,false
6a6086176525952ba12094ef,,2026-07-22T08:58:01,2026-07-22,Unknown,,,,,,false
6a6086c06bb84309655a7085,,2026-07-22T09:00:50,2026-07-22,Unknown,,,,,,false
6a60871d6525952ba12094f0,,2026-07-22T09:02:23,2026-07-22,Unknown,,,,,,false
6a60874b6525952ba12094f1,,2026-07-22T09:03:09,2026-07-22,Unknown,,,,,,false
6a60876b6525952ba12094f2,,2026-07-22T09:03:41,2026-07-22,Unknown,,,,,,false
6a60877a6bb84309655a7086,,2026-07-22T09:03:56,2026-07-22,Unknown,,,,,,false
6a6087dc6525952ba12094f3,,2026-07-22T09:05:34,2026-07-22,Unknown,,,,,,false
6a6088386bb84309655a7087,,2026-07-22T09:07:06,2026-07-22,Unknown,,,,,,false
6a6088956bb84309655a7088,,2026-07-22T09:08:38,2026-07-22,Unknown,,,,,,false
6a6088ee6bb84309655a7089,,2026-07-22T09:10:08,2026-07-22,Unknown,,,,,,false
6a6089336bb84309655a708a,,2026-07-22T09:11:17,2026-07-22,Unknown,,,,,,false
6a60897f6525952ba12094f4,,2026-07-22T09:12:33,2026-07-22,Unknown,,,,,,false
6a6089cc6525952ba12094f5,,2026-07-22T09:13:49,2026-07-22,Unknown,,,,,,false
6a608a186bb84309655a708b,,2026-07-22T09:15:06,2026-07-22,Unknown,,,,,,false
6a608a666525952ba12094f6,,2026-07-22T09:16:24,2026-07-22,Unknown,,,,,,false
6a608ae06bb84309655a708c,,2026-07-22T09:18:26,2026-07-22,Unknown,,,,,,false
6a608aed6bb84309655a708d,,2026-07-22T09:18:39,2026-07-22,Unknown,,,,,,false
6a608af76525952ba12094f7,,2026-07-22T09:18:49,2026-07-22,Unknown,,,,,,false
6a608ccc6bb84309655a708e,,2026-07-22T09:26:38,2026-07-22,Unknown,,,,,,false
6a608f5406ddcf692526dad7,,2026-07-22T09:37:26,2026-07-22,Unknown,,,,,,false
6a608f6a06ddcf692526dad8,,2026-07-22T09:37:48,2026-07-22,Unknown,,,,,,false
6a6093403d42699152931560,,2026-07-22T09:54:10,2026-07-22,Unknown,,,,,,false
6a6094293d42699152931561,,2026-07-22T09:58:03,2026-07-22,Unknown,,,,,,false
6a60956a3d42699152931562,,2026-07-22T10:03:25,2026-07-22,Unknown,,,,,,false
6a60970c3d42699152931563,,2026-07-22T10:10:22,2026-07-22,Unknown,,,,,,false
6a60976306ddcf692526dad9,,2026-07-22T10:11:49,2026-07-22,Unknown,,,,,,false
6a60976d06ddcf692526dada,,2026-07-22T10:11:59,2026-07-22,Unknown,,,,,,false
6a6098b206ddcf692526dadb,,2026-07-22T10:17:24,2026-07-22,Unknown,,,,,,false
6a609c953d42699152931564,,2026-07-22T10:34:00,2026-07-22,Unknown,,,,,,false
6a609e163d42699152931565,,2026-07-22T10:40:24,2026-07-22,Unknown,,,,,,false
6a60a0a23d42699152931566,,2026-07-22T10:51:16,2026-07-22,Unknown,,,,,,false
6a60a1603d42699152931567,,2026-07-22T10:54:26,2026-07-22,Unknown,,,,,,false
6a60a1e206ddcf692526dadd,,2026-07-22T10:56:36,2026-07-22,Unknown,,,,,,false
6a60a2f206ddcf692526dadf,,2026-07-22T11:01:08,2026-07-22,Unknown,,,,,,false
6a60a33b06ddcf692526dae0,,2026-07-22T11:02:20,2026-07-22,Unknown,,,,,,false
6a60a38e3d42699152931568,,2026-07-22T11:03:45,2026-07-22,Unknown,,,,,,false
6a60a4a53d42699152931569,,2026-07-22T11:08:23,2026-07-22,Unknown,,,,,,false
6a60a53706ddcf692526dae2,,2026-07-22T11:10:49,2026-07-22,Unknown,,,,,,false
6a60a82406ddcf692526dae4,,2026-07-22T11:23:17,2026-07-22,Unknown,,,,,,false
6a60a90706ddcf692526dae5,,2026-07-22T11:27:06,2026-07-22,Unknown,,,,,,false
6a60aaf43d4269915293156a,,2026-07-22T11:35:20,2026-07-22,Unknown,,,,,,false
6a60ade406ddcf692526dae6,,2026-07-22T11:47:50,2026-07-22,Unknown,,,,,,false
6a60aec906ddcf692526dae7,,2026-07-22T11:51:39,2026-07-22,Unknown,,,,,,false
6a60b30b06ddcf692526dae9,,2026-07-22T12:09:49,2026-07-22,Unknown,,,,,,false
6a60b3f506ddcf692526daea,,2026-07-22T12:13:43,2026-07-22,Unknown,,,,,,false
6a60b47a3d4269915293156c,,2026-07-22T12:15:56,2026-07-22,Unknown,,,,,,false
6a60b4bc3d4269915293156d,,2026-07-22T12:17:02,2026-07-22,Unknown,,,,,,false
6a60bae63d4269915293156e,,2026-07-22T12:43:20,2026-07-22,Unknown,,,,,,false
6a60bb3e06ddcf692526daec,,2026-07-22T12:44:48,2026-07-22,Unknown,,,,,,false
6a60bb7106ddcf692526daed,,2026-07-22T12:45:39,2026-07-22,Unknown,,,,,,false
6a60bba106ddcf692526daee,,2026-07-22T12:46:27,2026-07-22,Unknown,,,,,,false
6a60bc5b3d4269915293156f,,2026-07-22T12:49:34,2026-07-22,Unknown,,,,,,false
6a60bcb23d42699152931570,,2026-07-22T12:51:00,2026-07-22,Unknown,,,,,,false
6a60bd3e3d42699152931571,,2026-07-22T12:53:20,2026-07-22,Unknown,,,,,,false
6a60bd7106ddcf692526daf0,,2026-07-22T12:54:10,2026-07-22,Unknown,,,,,,false
6a60bf033d42699152931572,,2026-07-22T13:00:53,2026-07-22,Unknown,,,,,,false
6a60bf6606ddcf692526daf1,,2026-07-22T13:02:32,2026-07-22,Unknown,,,,,,false
6a60bfc63d42699152931573,,2026-07-22T13:04:08,2026-07-22,Unknown,,,,,,false
6a60c02906ddcf692526daf2,,2026-07-22T13:05:47,2026-07-22,Unknown,,,,,,false
6a60c0863d42699152931574,,2026-07-22T13:07:21,2026-07-22,Unknown,,,,,,false
6a60c0e406ddcf692526daf3,,2026-07-22T13:08:54,2026-07-22,Unknown,,,,,,false
6a60c1423d42699152931576,,2026-07-22T13:10:28,2026-07-22,Unknown,,,,,,false
6a60c18e3d42699152931577,,2026-07-22T13:11:44,2026-07-22,Unknown,,,,,,false
6a60c1e13d42699152931578,,2026-07-22T13:13:07,2026-07-22,Unknown,,,,,,false
6a60c23506ddcf692526daf4,,2026-07-22T13:14:31,2026-07-22,Unknown,,,,,,false
6a60c28006ddcf692526daf5,,2026-07-22T13:15:46,2026-07-22,Unknown,,,,,,false
6a60c2ac3d42699152931579,,2026-07-22T13:16:29,2026-07-22,Unknown,,,,,,false
6a60c2cf3d4269915293157a,,2026-07-22T13:17:05,2026-07-22,Unknown,,,,,,false
6a60c43106ddcf692526daf6,,2026-07-22T13:22:59,2026-07-22,Unknown,,,,,,false
6a60c5603d4269915293157b,,2026-07-22T13:28:05,2026-07-22,Unknown,,,,,,false
6a60c6c03d4269915293157c,,2026-07-22T13:33:54,2026-07-22,Unknown,,,,,,false
6a60c7103d4269915293157d,,2026-07-22T13:35:16,2026-07-22,Unknown,,,,,,false
6a60c88506ddcf692526daf7,,2026-07-22T13:41:27,2026-07-22,Unknown,,,,,,false
6a60c9b23d4269915293157e,,2026-07-22T13:46:28,2026-07-22,Unknown,,,,,,false
6a60cb323d4269915293157f,,2026-07-22T13:52:53,2026-07-22,Unknown,,,,,,false
6a60ccf93d42699152931580,,2026-07-22T14:00:27,2026-07-22,Unknown,,,,,,false
6a60cf3b3d42699152931584,,2026-07-22T14:10:05,2026-07-22,Unknown,,,,,,false
6a60d47e3d42699152931586,,2026-07-22T14:32:32,2026-07-22,Unknown,,,,,,false
6a60d5053d42699152931587,,2026-07-22T14:34:47,2026-07-22,Unknown,,,,,,false
6a60d68b06ddcf692526dafa,,2026-07-22T14:41:16,2026-07-22,Unknown,,,,,,false
6a60dd22625bdc9adc04691c,,2026-07-22T15:09:24,2026-07-22,Unknown,,,,,,false
6a60de0c3d4269915293158b,,2026-07-22T15:13:18,2026-07-22,Unknown,,,,,,false
6a60de6d3d4269915293158c,,2026-07-22T15:14:55,2026-07-22,Unknown,,,,,,false
6a60e0d506ddcf692526dafd,,2026-07-22T15:25:11,2026-07-22,Unknown,,,,,,false
6a60e45c3d4269915293158d,,2026-07-22T15:40:14,2026-07-22,Unknown,,,,,,false
6a60e4a906ddcf692526dafe,,2026-07-22T15:41:31,2026-07-22,Unknown,,,,,,false
6a60e50706ddcf692526daff,,2026-07-22T15:43:04,2026-07-22,Unknown,,,,,,false
6a60e6e83d4269915293158e,,2026-07-22T15:51:06,2026-07-22,Unknown,,,,,,false
6a60e7353d4269915293158f,,2026-07-22T15:52:22,2026-07-22,Unknown,,,,,,false
6a60e9653d42699152931591,,2026-07-22T16:01:46,2026-07-22,Unknown,,,,,,false
6a60e97c3d42699152931592,,2026-07-22T16:02:06,2026-07-22,Unknown,,,,,,false
6a60eaa606ddcf692526db00,,2026-07-22T16:07:05,2026-07-22,Unknown,,,,,,false
6a60eb4306ddcf692526db01,,2026-07-22T16:09:44,2026-07-22,Unknown,,,,,,false
6a60eba73d42699152931593,,2026-07-22T16:11:21,2026-07-22,Unknown,,,,,,false
6a60ebf73d42699152931594,,2026-07-22T16:12:41,2026-07-22,Unknown,,,,,,false
6a60f31806ddcf692526db02,,2026-07-22T16:43:06,2026-07-22,Unknown,,,,,,false
6a60f39706ddcf692526db03,,2026-07-22T16:45:14,2026-07-22,Unknown,,,,,,false
6a60f3ca06ddcf692526db04,,2026-07-22T16:46:04,2026-07-22,Unknown,,,,,,false
6a60f60b3d42699152931597,,2026-07-22T16:55:41,2026-07-22,Unknown,,,,,,false
6a60f7413d42699152931598,,2026-07-22T17:00:51,2026-07-22,Unknown,,,,,,false
6a60f7ae06ddcf692526db05,,2026-07-22T17:02:40,2026-07-22,Unknown,,,,,,false
6a60f7dd06ddcf692526db06,,2026-07-22T17:03:26,2026-07-22,Unknown,,,,,,false
6a60f82f3d42699152931599,,2026-07-22T17:04:49,2026-07-22,Unknown,,,,,,false
6a60f88f3d4269915293159a,,2026-07-22T17:06:26,2026-07-22,Unknown,,,,,,false
6a60f8a006ddcf692526db07,,2026-07-22T17:06:42,2026-07-22,Unknown,,,,,,false
6a60f8fa06ddcf692526db08,,2026-07-22T17:08:11,2026-07-22,Unknown,,,,,,false
6a60f95c3d4269915293159b,,2026-07-22T17:09:50,2026-07-22,Unknown,,,,,,false
6a60f9b706ddcf692526db09,,2026-07-22T17:11:21,2026-07-22,Unknown,,,,,,false
6a60fa0106ddcf692526db0a,,2026-07-22T17:12:35,2026-07-22,Unknown,,,,,,false
6a60fa513d4269915293159c,,2026-07-22T17:13:55,2026-07-22,Unknown,,,,,,false
6a60faa13d4269915293159d,,2026-07-22T17:15:15,2026-07-22,Unknown,,,,,,false
6a60fae83d4269915293159e,,2026-07-22T17:16:27,2026-07-22,Unknown,,,,,,false
6a60fb3606ddcf692526db0b,,2026-07-22T17:17:44,2026-07-22,Unknown,,,,,,false
6a60fd2406ddcf692526db0c,Peggy Leftault,2026-07-22T17:25:59,2026-07-22,SMB,lite,HubSpot Integration,true,false,active,true
6a60ff3206ddcf692526db0d,,2026-07-22T17:34:44,2026-07-22,Unknown,,,,,,false
6a61003c06ddcf692526db0e,,2026-07-22T17:39:09,2026-07-22,Unknown,,,,,,false
6a61028906ddcf692526db0f,,2026-07-22T17:48:59,2026-07-22,Unknown,,,,,,false
6a61028e3d426991529315a0,,2026-07-22T17:49:04,2026-07-22,Unknown,,,,,,false
6a6104bc637b3c6f2b9b75ff,,2026-07-22T17:58:21,2026-07-22,Unknown,,,,,,false
6a6108ff3d426991529315a1,,2026-07-22T18:16:35,2026-07-22,Unknown,,,,,,false
6a61099d3d426991529315a2,,2026-07-22T18:19:11,2026-07-22,Unknown,,,,,,false
6a610b6b06ddcf692526db10,,2026-07-22T18:26:53,2026-07-22,Unknown,,,,,,false
6a610c5e3d426991529315a3,,2026-07-22T18:30:56,2026-07-22,Unknown,,,,,,false
6a610f1106ddcf692526db11,,2026-07-22T18:42:29,2026-07-22,Unknown,,,,,,false
6a610f1306ddcf692526db12,,2026-07-22T18:42:32,2026-07-22,Unknown,,,,,,false
6a610f7206ddcf692526db13,Kaitlyn Thames,2026-07-22T18:44:04,2026-07-22,SMB,lite,HubSpot Integration,true,false,active,true
6a61112906ddcf692526db14,,2026-07-22T18:51:22,2026-07-22,Unknown,,,,,,false
6a61121006ddcf692526db15,,2026-07-22T18:55:14,2026-07-22,Unknown,,,,,,false
6a61144f3d426991529315a4,,2026-07-22T19:04:49,2026-07-22,Unknown,,,,,,false
6a6116da06ddcf692526db16,,2026-07-22T19:15:40,2026-07-22,Unknown,,,,,,false
6a61178b3d426991529315a6,,2026-07-22T19:18:37,2026-07-22,Unknown,,,,,,false
6a6117b53d426991529315a7,,2026-07-22T19:19:20,2026-07-22,Unknown,,,,,,false
6a6118ee06ddcf692526db17,Kore Fisher,2026-07-22T19:24:32,2026-07-22,SMB,lite,HubSpot Integration,true,false,active,true
6a611a2a06ddcf692526db18,,2026-07-22T19:29:48,2026-07-22,Unknown,,,,,,false
6a611ae306ddcf692526db19,,2026-07-22T19:32:52,2026-07-22,Unknown,,,,,,false
6a611d893d426991529315a8,,2026-07-22T19:44:11,2026-07-22,Unknown,,,,,,false
6a611e4f06ddcf692526db1a,,2026-07-22T19:47:29,2026-07-22,Unknown,,,,,,false
6a61214706ddcf692526db1b,,2026-07-22T20:00:09,2026-07-22,Unknown,,,,,,false
6a6123e106ddcf692526db1c,,2026-07-22T20:11:15,2026-07-22,Unknown,,,,,,false
6a61257e3d426991529315aa,,2026-07-22T20:18:08,2026-07-22,Unknown,,,,,,false
6a61260206ddcf692526db1d,,2026-07-22T20:20:20,2026-07-22,Unknown,,,,,,false
6a612ab53d426991529315ad,,2026-07-22T20:40:23,2026-07-22,Unknown,,,,,,false
6a612bf006ddcf692526db1e,,2026-07-22T20:45:38,2026-07-22,Unknown,,,,,,false
6a612d223d426991529315ae,,2026-07-22T20:50:44,2026-07-22,Unknown,,,,,,false
6a612d5806ddcf692526db1f,,2026-07-22T20:51:38,2026-07-22,Unknown,,,,,,false
6a612e3e3d426991529315af,,2026-07-22T20:55:27,2026-07-22,Unknown,,,,,,false
6a612f0f3d426991529315b0,,2026-07-22T20:58:59,2026-07-22,Unknown,,,,,,false
6a612f2906ddcf692526db20,,2026-07-22T20:59:23,2026-07-22,Unknown,,,,,,false
6a612f803d426991529315b1,,2026-07-22T21:00:50,2026-07-22,Unknown,,,,,,false
6a61308406ddcf692526db21,,2026-07-22T21:05:09,2026-07-22,Unknown,,,,,,false
6a6130f206ddcf692526db22,,2026-07-22T21:07:00,2026-07-22,Unknown,,,,,,false
6a6131ce3d426991529315b2,,2026-07-22T21:10:40,2026-07-22,Unknown,,,,,,false
6a6133853d426991529315b3,,2026-07-22T21:17:58,2026-07-22,Unknown,,,,,,false
6a61358806ddcf692526db23,,2026-07-22T21:26:33,2026-07-22,Unknown,,,,,,false
6a61359b3d426991529315b4,,2026-07-22T21:26:54,2026-07-22,Unknown,,,,,,false
6a6135a83d426991529315b5,,2026-07-22T21:27:05,2026-07-22,Unknown,,,,,,false
6a6137203d426991529315b6,,2026-07-22T21:33:22,2026-07-22,Unknown,,,,,,false
6a6138e382521631399d1a90,,2026-07-22T21:40:51,2026-07-22,Unknown,,,,,,false
6a613a9e06ddcf692526db24,,2026-07-22T21:48:16,2026-07-22,Unknown,,,,,,false
6a613cf506ddcf692526db25,,2026-07-22T21:58:15,2026-07-22,Unknown,,,,,,false
6a6144a63d426991529315b8,,2026-07-22T22:31:04,2026-07-22,Unknown,,,,,,false
6a61454d3d426991529315b9,,2026-07-22T22:33:51,2026-07-22,Unknown,,,,,,false
6a61481d06ddcf692526db28,,2026-07-22T22:45:53,2026-07-22,Unknown,,,,,,false
6a614a7b06ddcf692526db29,,2026-07-22T22:55:56,2026-07-22,Unknown,,,,,,false
6a614e0f06ddcf692526db2a,,2026-07-22T23:11:13,2026-07-22,Unknown,,,,,,false
6a61505b3d426991529315bb,,2026-07-22T23:21:04,2026-07-22,Unknown,,,,,,false
6a61555906ddcf692526db2b,,2026-07-22T23:42:19,2026-07-22,Unknown,,,,,,false
6a6156cb06ddcf692526db2c,Alan Horna,2026-07-22T23:48:29,2026-07-22,SMB,lite,HubSpot Integration,true,false,active,true
6a61572a06ddcf692526db2d,,2026-07-22T23:50:04,2026-07-22,Unknown,,,,,,false
6a61592f06ddcf692526db2e,,2026-07-22T23:58:41,2026-07-22,Unknown,,,,,,false
6a6166893d426991529315bd,,2026-07-23T00:55:39,2026-07-23,Unknown,,,,,,false
6a6166af06ddcf692526db30,,2026-07-23T00:56:16,2026-07-23,Unknown,,,,,,false
6a6166af06ddcf692526db31,,2026-07-23T00:56:17,2026-07-23,Unknown,,,,,,false
6a6166cb3d426991529315be,,2026-07-23T00:56:45,2026-07-23,Unknown,,,,,,false
6a61687d3d426991529315c0,,2026-07-23T01:03:58,2026-07-23,Unknown,,,,,,false
6a616e0c06ddcf692526db32,,2026-07-23T01:27:41,2026-07-23,Unknown,,,,,,false
6a616eae06ddcf692526db33,,2026-07-23T01:30:24,2026-07-23,Unknown,,,,,,false
6a616f1806ddcf692526db34,,2026-07-23T01:32:13,2026-07-23,Unknown,,,,,,false
6a616f6c06ddcf692526db35,,2026-07-23T01:33:36,2026-07-23,Unknown,,,,,,false
6a61785f06ddcf692526db36,,2026-07-23T02:11:45,2026-07-23,Unknown,,,,,,false
6a61799706ddcf692526db37,,2026-07-23T02:16:57,2026-07-23,Unknown,,,,,,false
6a617a5306ddcf692526db38,,2026-07-23T02:20:05,2026-07-23,Unknown,,,,,,false
6a6181ff3d426991529315c1,,2026-07-23T02:52:49,2026-07-23,Unknown,,,,,,false
6a6189683d426991529315c2,,2026-07-23T03:24:26,2026-07-23,Unknown,,,,,,false
6a619c4d3d426991529315c3,,2026-07-23T04:45:03,2026-07-23,Unknown,,,,,,false
6a61a00306ddcf692526db3b,,2026-07-23T05:00:53,2026-07-23,Unknown,,,,,,false
6a61a06906ddcf692526db3c,,2026-07-23T05:02:35,2026-07-23,Unknown,,,,,,false
6a61a0c906ddcf692526db3d,,2026-07-23T05:04:11,2026-07-23,Unknown,,,,,,false
6a61a12d3d426991529315c4,,2026-07-23T05:05:51,2026-07-23,Unknown,,,,,,false
6a61a18b06ddcf692526db3e,,2026-07-23T05:07:25,2026-07-23,Unknown,,,,,,false
6a61a1e93d426991529315c5,,2026-07-23T05:08:59,2026-07-23,Unknown,,,,,,false
6a61a24a3d426991529315c6,,2026-07-23T05:10:35,2026-07-23,Unknown,,,,,,false
6a61a29a3d426991529315c7,,2026-07-23T05:11:56,2026-07-23,Unknown,,,,,,false
6a61a2e53d426991529315c8,,2026-07-23T05:13:11,2026-07-23,Unknown,,,,,,false
6a61a3323d426991529315c9,,2026-07-23T05:14:28,2026-07-23,Unknown,,,,,,false
6a61a3813d426991529315ca,,2026-07-23T05:15:47,2026-07-23,Unknown,,,,,,false
6a61a3cd3d426991529315cb,,2026-07-23T05:17:03,2026-07-23,Unknown,,,,,,false
6a61a4cc3d426991529315cc,,2026-07-23T05:21:18,2026-07-23,Unknown,,,,,,false
6a61aa6d06ddcf692526db3f,,2026-07-23T05:45:19,2026-07-23,Unknown,,,,,,false
6a61ae353d426991529315cd,,2026-07-23T06:01:27,2026-07-23,Unknown,,,,,,false
6a61b2e13d426991529315ce,,2026-07-23T06:21:23,2026-07-23,Unknown,,,,,,false
6a61b3bc06ddcf692526db40,,2026-07-23T06:25:01,2026-07-23,Unknown,,,,,,false
6a61bc823d426991529315cf,,2026-07-23T07:02:28,2026-07-23,Unknown,,,,,,false
6a61bcb106ddcf692526db42,,2026-07-23T07:03:15,2026-07-23,Unknown,,,,,,false
6a61bcc106ddcf692526db43,,2026-07-23T07:03:31,2026-07-23,Unknown,,,,,,false
6a61bf6406ddcf692526db44,,2026-07-23T07:14:48,2026-07-23,Unknown,,,,,,false
6a61c0ed3d426991529315d1,,2026-07-23T07:21:19,2026-07-23,Unknown,,,,,,false
6a61c43706ddcf692526db45,,2026-07-23T07:35:21,2026-07-23,Unknown,,,,,,false
6a61c58a3d426991529315d2,,2026-07-23T07:41:00,2026-07-23,Unknown,,,,,,false
6a61c83e04b99bae22a92c62,,2026-07-23T07:52:32,2026-07-23,Unknown,,,,,,false
6a61cadf06ddcf692526db46,,2026-07-23T08:03:45,2026-07-23,Unknown,,,,,,false
6a61cb6706ddcf692526db47,,2026-07-23T08:06:01,2026-07-23,Unknown,,,,,,false
6a61cd5904b99bae22a92c63,,2026-07-23T08:14:19,2026-07-23,Unknown,,,,,,false
6a61ce0604b99bae22a92c64,,2026-07-23T08:17:12,2026-07-23,Unknown,,,,,,false
6a61d02006ddcf692526db4a,,2026-07-23T08:26:10,2026-07-23,Unknown,,,,,,false
6a61d10d06ddcf692526db4b,,2026-07-23T08:30:10,2026-07-23,Unknown,,,,,,false
6a61d11c04b99bae22a92c66,,2026-07-23T08:30:24,2026-07-23,Unknown,,,,,,false
6a61d17b06ddcf692526db4c,,2026-07-23T08:31:56,2026-07-23,Unknown,,,,,,false
6a61d19606ddcf692526db4d,,2026-07-23T08:32:25,2026-07-23,Unknown,,,,,,false
6a61d78706ddcf692526db4e,,2026-07-23T08:57:45,2026-07-23,Unknown,,,,,,false
6a61d84004b99bae22a92c67,,2026-07-23T09:00:50,2026-07-23,Unknown,,,,,,false
6a61d8ac04b99bae22a92c68,,2026-07-23T09:02:38,2026-07-23,Unknown,,,,,,false
6a61d90d04b99bae22a92c69,,2026-07-23T09:04:15,2026-07-23,Unknown,,,,,,false
6a61d96b04b99bae22a92c6a,,2026-07-23T09:05:49,2026-07-23,Unknown,,,,,,false
6a61d9ca06ddcf692526db50,,2026-07-23T09:07:24,2026-07-23,Unknown,,,,,,false
6a61da2804b99bae22a92c6b,,2026-07-23T09:08:58,2026-07-23,Unknown,,,,,,false
6a61da8a04b99bae22a92c6c,,2026-07-23T09:10:36,2026-07-23,Unknown,,,,,,false
6a61dae004b99bae22a92c6d,,2026-07-23T09:12:02,2026-07-23,Unknown,,,,,,false
6a61db2f06ddcf692526db51,,2026-07-23T09:13:21,2026-07-23,Unknown,,,,,,false
6a61db7c06ddcf692526db52,,2026-07-23T09:14:38,2026-07-23,Unknown,,,,,,false
6a61dbcd06ddcf692526db53,,2026-07-23T09:15:59,2026-07-23,Unknown,,,,,,false
6a61dc1406ddcf692526db54,,2026-07-23T09:17:10,2026-07-23,Unknown,,,,,,false
6a61e06f04b99bae22a92c6e,,2026-07-23T09:35:44,2026-07-23,Unknown,,,,,,false
6a61e09c06ddcf692526db55,,2026-07-23T09:36:46,2026-07-23,Unknown,,,,,,false
6a61e2a506ddcf692526db56,,2026-07-23T09:45:11,2026-07-23,Unknown,,,,,,false
6a61e6e106ddcf692526db57,,2026-07-23T10:03:15,2026-07-23,Unknown,,,,,,false
6a61e96304b99bae22a92c70,,2026-07-23T10:13:59,2026-07-23,Unknown,,,,,,false
6a61eb6a06ddcf692526db58,,2026-07-23T10:22:36,2026-07-23,Unknown,,,,,,false
6a61ecaf06ddcf692526db59,,2026-07-23T10:28:02,2026-07-23,Unknown,,,,,,false
6a61ee3b06ddcf692526db5a,,2026-07-23T10:34:38,2026-07-23,Unknown,,,,,,false
6a61ef1006ddcf692526db5b,,2026-07-23T10:38:09,2026-07-23,Unknown,,,,,,false
6a61f22c04b99bae22a92c72,,2026-07-23T10:51:26,2026-07-23,Unknown,,,,,,false
6a61f23604b99bae22a92c73,,2026-07-23T10:51:36,2026-07-23,Unknown,,,,,,false
6a61f25204b99bae22a92c74,,2026-07-23T10:52:04,2026-07-23,Unknown,,,,,,false
6a61f2e806ddcf692526db5c,,2026-07-23T10:54:34,2026-07-23,Unknown,,,,,,false
6a61f3b906ddcf692526db5d,,2026-07-23T10:58:03,2026-07-23,Unknown,,,,,,false
6a61f49106ddcf692526db5e,,2026-07-23T11:01:39,2026-07-23,Unknown,,,,,,false
6a61f4bc06ddcf692526db5f,,2026-07-23T11:02:22,2026-07-23,Unknown,,,,,,false
6a61f55a04b99bae22a92c76,,2026-07-23T11:04:59,2026-07-23,Unknown,,,,,,false
6a61f57704b99bae22a92c77,,2026-07-23T11:05:29,2026-07-23,Unknown,,,,,,false
6a61f84506ddcf692526db60,,2026-07-23T11:17:27,2026-07-23,Unknown,,,,,,false
6a61faa306ddcf692526db62,,2026-07-23T11:27:33,2026-07-23,Unknown,,,,,,false
6a61fc3104b99bae22a92c78,,2026-07-23T11:34:14,2026-07-23,Unknown,,,,,,false
6a61fcd704b99bae22a92c79,,2026-07-23T11:36:57,2026-07-23,Unknown,,,,,,false
6a61fdf704b99bae22a92c7a,,2026-07-23T11:41:45,2026-07-23,Unknown,,,,,,false
6a6201d804b99bae22a92c7b,,2026-07-23T11:58:21,2026-07-23,Unknown,,,,,,false
6a6201f206ddcf692526db63,,2026-07-23T11:58:44,2026-07-23,Unknown,,,,,,false
6a62036406ddcf692526db64,,2026-07-23T12:04:54,2026-07-23,Unknown,,,,,,false
6a6205a404b99bae22a92c7c,,2026-07-23T12:14:30,2026-07-23,Unknown,,,,,,false
6a62066406ddcf692526db65,,2026-07-23T12:17:42,2026-07-23,Unknown,,,,,,false
6a6209ce06ddcf692526db66,,2026-07-23T12:32:16,2026-07-23,Unknown,,,,,,false
6a620a2604b99bae22a92c7d,,2026-07-23T12:33:43,2026-07-23,Unknown,,,,,,false
6a620ace04b99bae22a92c7e,,2026-07-23T12:36:32,2026-07-23,Unknown,,,,,,false
6a620ad306ddcf692526db67,,2026-07-23T12:36:37,2026-07-23,Unknown,,,,,,false
6a620b8a04b99bae22a92c7f,Allison Harker,2026-07-23T12:39:41,2026-07-23,SMB,lite,HubSpot Integration,true,false,active,true
6a620b9104b99bae22a92c80,,2026-07-23T12:39:49,2026-07-23,Unknown,,,,,,false
6a620c6906ddcf692526db68,,2026-07-23T12:43:23,2026-07-23,Unknown,,,,,,false
6a620cd706ddcf692526db69,,2026-07-23T12:45:13,2026-07-23,Unknown,,,,,,false
6a62108904b99bae22a92c81,,2026-07-23T13:00:59,2026-07-23,Unknown,,,,,,false
6a6210d404b99bae22a92c82,,2026-07-23T13:02:14,2026-07-23,Unknown,,,,,,false
6a6210fb06ddcf692526db6b,,2026-07-23T13:02:53,2026-07-23,Unknown,,,,,,false
6a62113206ddcf692526db6c,,2026-07-23T13:03:48,2026-07-23,Unknown,,,,,,false
6a62115e04b99bae22a92c83,,2026-07-23T13:04:32,2026-07-23,Unknown,,,,,,false
6a6211c104b99bae22a92c84,,2026-07-23T13:06:11,2026-07-23,Unknown,,,,,,false
6a62122104b99bae22a92c85,,2026-07-23T13:07:47,2026-07-23,Unknown,,,,,,false
6a62127e06ddcf692526db6d,,2026-07-23T13:09:20,2026-07-23,Unknown,,,,,,false
6a62128904b99bae22a92c86,,2026-07-23T13:09:32,2026-07-23,Unknown,,,,,,false
6a6212e006ddcf692526db6e,,2026-07-23T13:10:58,2026-07-23,Unknown,,,,,,false
6a62132e06ddcf692526db6f,,2026-07-23T13:12:16,2026-07-23,Unknown,,,,,,false
6a62137e06ddcf692526db70,,2026-07-23T13:13:36,2026-07-23,Unknown,,,,,,false
6a6213ce04b99bae22a92c87,,2026-07-23T13:14:56,2026-07-23,Unknown,,,,,,false
6a62142606ddcf692526db71,,2026-07-23T13:16:24,2026-07-23,Unknown,,,,,,false
6a62147406ddcf692526db72,,2026-07-23T13:17:42,2026-07-23,Unknown,,,,,,false
6a6215dd04b99bae22a92c88,,2026-07-23T13:23:43,2026-07-23,Unknown,,,,,,false
6a62177a04b99bae22a92c89,,2026-07-23T13:30:36,2026-07-23,Unknown,,,,,,false
6a621a9806ddcf692526db73,,2026-07-23T13:43:54,2026-07-23,Unknown,,,,,,false
6a621bd706ddcf692526db74,,2026-07-23T13:49:12,2026-07-23,Unknown,,,,,,false
6a621d4d04b99bae22a92c8a,,2026-07-23T13:55:27,2026-07-23,Unknown,,,,,,false
6a621d9d04b99bae22a92c8b,,2026-07-23T13:56:46,2026-07-23,Unknown,,,,,,false
6a621da804b99bae22a92c8c,,2026-07-23T13:56:59,2026-07-23,Unknown,,,,,,false
6a621ddb04b99bae22a92c8d,,2026-07-23T13:57:48,2026-07-23,Unknown,,,,,,false
6a621f2304b99bae22a92c8e,,2026-07-23T14:03:17,2026-07-23,Unknown,,,,,,false
6a621f2e06ddcf692526db75,,2026-07-23T14:03:29,2026-07-23,Unknown,,,,,,false
6a621fba04b99bae22a92c8f,,2026-07-23T14:05:48,2026-07-23,Unknown,,,,,,false
6a621fd404b99bae22a92c90,,2026-07-23T14:06:14,2026-07-23,Unknown,,,,,,false
6a6220dd06ddcf692526db77,,2026-07-23T14:10:39,2026-07-23,Unknown,,,,,,false
6a62210004b99bae22a92c91,,2026-07-23T14:11:14,2026-07-23,Unknown,,,,,,false
6a62226b06ddcf692526db78,,2026-07-23T14:17:17,2026-07-23,Unknown,,,,,,false
6a62227106ddcf692526db79,,2026-07-23T14:17:22,2026-07-23,Unknown,,,,,,false
6a6223a406ddcf692526db7a,,2026-07-23T14:22:30,2026-07-23,Unknown,,,,,,false
6a62249c04b99bae22a92c93,,2026-07-23T14:26:38,2026-07-23,Unknown,,,,,,false
6a6224eb06ddcf692526db7b,,2026-07-23T14:27:57,2026-07-23,Unknown,,,,,,false
6a62254504b99bae22a92c95,,2026-07-23T14:29:27,2026-07-23,Unknown,,,,,,false
6a62269e06ddcf692526db7d,,2026-07-23T14:35:12,2026-07-23,Unknown,,,,,,false
6a6226dc06ddcf692526db7e,,2026-07-23T14:36:14,2026-07-23,Unknown,,,,,,false
6a6227d506ddcf692526db7f,,2026-07-23T14:40:23,2026-07-23,Unknown,,,,,,false
6a6228ac06ddcf692526db80,,2026-07-23T14:43:58,2026-07-23,Unknown,,,,,,false
6a6228b704b99bae22a92c96,,2026-07-23T14:44:09,2026-07-23,Unknown,,,,,,false
6a622bb006ddcf692526db81,,2026-07-23T14:56:50,2026-07-23,Unknown,,,,,,false
6a622c7004b99bae22a92c97,,2026-07-23T15:00:02,2026-07-23,Unknown,,,,,,false
6a622ca204b99bae22a92c98,,2026-07-23T15:00:52,2026-07-23,Unknown,,,,,,false
6a622e4804b99bae22a92c99,,2026-07-23T15:07:54,2026-07-23,Unknown,,,,,,false
6a622feb06ddcf692526db82,,2026-07-23T15:14:54,2026-07-23,Unknown,,,,,,false
6a62301d06ddcf692526db83,,2026-07-23T15:15:43,2026-07-23,Unknown,,,,,,false
6a6230fc06ddcf692526db84,,2026-07-23T15:19:26,2026-07-23,Unknown,,,,,,false
6a6231c504b99bae22a92c9a,,2026-07-23T15:22:49,2026-07-23,Unknown,,,,,,false
6a6231fc04b99bae22a92c9b,,2026-07-23T15:23:42,2026-07-23,Unknown,,,,,,false
6a62320f04b99bae22a92c9c,,2026-07-23T15:24:03,2026-07-23,Unknown,,,,,,false
6a62325304b99bae22a92c9d,,2026-07-23T15:25:09,2026-07-23,Unknown,,,,,,false
6a62352104b99bae22a92c9e,,2026-07-23T15:37:07,2026-07-23,Unknown,,,,,,false
6a62360906ddcf692526db85,,2026-07-23T15:40:59,2026-07-23,Unknown,,,,,,false
6a62368904b99bae22a92c9f,,2026-07-23T15:43:07,2026-07-23,Unknown,,,,,,false
6a6237b304b99bae22a92ca0,,2026-07-23T15:48:06,2026-07-23,Unknown,,,,,,false
6a623ae504b99bae22a92ca1,Ruman Amin,2026-07-23T16:01:45,2026-07-23,SMB,lite,HubSpot Integration,true,false,active,true
6a623b4206ddcf692526db86,Jaime Rivetts,2026-07-23T16:03:18,2026-07-23,SMB,lite,HubSpot Integration,true,false,active,true
6a623bde04b99bae22a92ca2,,2026-07-23T16:05:52,2026-07-23,Unknown,,,,,,false
6a623e0404b99bae22a92ca3,,2026-07-23T16:15:02,2026-07-23,Unknown,,,,,,false
6a62410e06ddcf692526db87,,2026-07-23T16:28:00,2026-07-23,Unknown,,,,,,false
6a62431306ddcf692526db88,,2026-07-23T16:36:40,2026-07-23,Unknown,,,,,,false
6a62435304b99bae22a92ca4,,2026-07-23T16:37:40,2026-07-23,Unknown,,,,,,false
6a62440106ddcf692526db89,,2026-07-23T16:40:34,2026-07-23,Unknown,,,,,,false
6a62444b04b99bae22a92ca5,,2026-07-23T16:41:49,2026-07-23,Unknown,,,,,,false
6a62447106ddcf692526db8a,,2026-07-23T16:42:30,2026-07-23,Unknown,,,,,,false
6a62450504b99bae22a92ca6,,2026-07-23T16:44:54,2026-07-23,Unknown,,,,,,false
6a6248ce06ddcf692526db8b,,2026-07-23T17:01:04,2026-07-23,Unknown,,,,,,false
6a62493a06ddcf692526db8c,,2026-07-23T17:02:52,2026-07-23,Unknown,,,,,,false
6a62499a06ddcf692526db8d,,2026-07-23T17:04:28,2026-07-23,Unknown,,,,,,false
6a624a0106ddcf692526db8e,,2026-07-23T17:06:11,2026-07-23,Unknown,,,,,,false
6a624a6506ddcf692526db8f,,2026-07-23T17:07:51,2026-07-23,Unknown,,,,,,false
6a624a9004b99bae22a92ca8,,2026-07-23T17:08:34,2026-07-23,Unknown,,,,,,false
6a624ae704b99bae22a92ca9,,2026-07-23T17:10:01,2026-07-23,Unknown,,,,,,false
6a624b4c06ddcf692526db90,,2026-07-23T17:11:42,2026-07-23,Unknown,,,,,,false
6a624b9c04b99bae22a92caa,,2026-07-23T17:13:02,2026-07-23,Unknown,,,,,,false
6a624bef04b99bae22a92cab,,2026-07-23T17:14:25,2026-07-23,Unknown,,,,,,false
6a624c3f04b99bae22a92cac,,2026-07-23T17:15:45,2026-07-23,Unknown,,,,,,false
6a624c9106ddcf692526db91,,2026-07-23T17:17:07,2026-07-23,Unknown,,,,,,false
6a624cdd06ddcf692526db92,,2026-07-23T17:18:23,2026-07-23,Unknown,,,,,,false
6a624d0204b99bae22a92cad,,2026-07-23T17:19:00,2026-07-23,Unknown,,,,,,false
6a624e9c06ddcf692526db93,,2026-07-23T17:25:50,2026-07-23,Unknown,,,,,,false
6a6254b404b99bae22a92cae,,2026-07-23T17:51:53,2026-07-23,Unknown,,,,,,false
6a62574404b99bae22a92cb0,,2026-07-23T18:02:45,2026-07-23,Unknown,,,,,,false
6a62585306ddcf692526db94,,2026-07-23T18:07:17,2026-07-23,Unknown,,,,,,false
6a625c2304b99bae22a92cb1,,2026-07-23T18:23:33,2026-07-23,Unknown,,,,,,false
6a625c4906ddcf692526db95,,2026-07-23T18:24:11,2026-07-23,Unknown,,,,,,false
6a625c7106ddcf692526db96,,2026-07-23T18:24:51,2026-07-23,Unknown,,,,,,false
6a625e1904b99bae22a92cb3,,2026-07-23T18:31:55,2026-07-23,Unknown,,,,,,false
6a625ffb06ddcf692526db97,,2026-07-23T18:39:57,2026-07-23,Unknown,,,,,,false
6a62601804b99bae22a92cb4,,2026-07-23T18:40:26,2026-07-23,Unknown,,,,,,false
6a62602504b99bae22a92cb5,,2026-07-23T18:40:39,2026-07-23,Unknown,,,,,,false
6a62604b04b99bae22a92cb6,,2026-07-23T18:41:17,2026-07-23,Unknown,,,,,,false
6a62644006ddcf692526db98,,2026-07-23T18:58:10,2026-07-23,Unknown,,,,,,false
6a62650b8a1e7cb1ede74275,,2026-07-23T19:01:32,2026-07-23,Unknown,,,,,,false
6a6267c806ddcf692526db99,,2026-07-23T19:13:14,2026-07-23,Unknown,,,,,,false
6a626a7f06ddcf692526db9a,,2026-07-23T19:24:49,2026-07-23,Unknown,,,,,,false
6a626ce204b99bae22a92cb7,,2026-07-23T19:35:00,2026-07-23,Unknown,,,,,,false
6a626fe004b99bae22a92cb8,,2026-07-23T19:47:46,2026-07-23,Unknown,,,,,,false
6a62704904b99bae22a92cb9,,2026-07-23T19:49:31,2026-07-23,Unknown,,,,,,false
6a62736504b99bae22a92cba,,2026-07-23T20:02:46,2026-07-23,Unknown,,,,,,false
6a62736a06ddcf692526db9c,,2026-07-23T20:02:53,2026-07-23,Unknown,,,,,,false
6a62791204b99bae22a92cbb,,2026-07-23T20:27:00,2026-07-23,Unknown,,,,,,false
6a627ab706ddcf692526db9d,,2026-07-23T20:34:00,2026-07-23,Unknown,,,,,,false
6a627dc306ddcf692526db9e,,2026-07-23T20:47:01,2026-07-23,Unknown,,,,,,false
6a62831306ddcf692526db9f,,2026-07-23T21:09:41,2026-07-23,Unknown,,,,,,false
6a628a4c04b99bae22a92cbd,,2026-07-23T21:40:31,2026-07-23,Unknown,,,,,,false
6a628c7c04b99bae22a92cbf,,2026-07-23T21:49:50,2026-07-23,Unknown,,,,,,false
6a628e4f06ddcf692526dba0,,2026-07-23T21:57:37,2026-07-23,Unknown,,,,,,false
6a62950504b99bae22a92cc1,,2026-07-23T22:26:16,2026-07-23,Unknown,,,,,,false
6a6297e604b99bae22a92cc2,,2026-07-23T22:38:32,2026-07-23,Unknown,,,,,,false
6a62998806ddcf692526dba1,Yan Katz,2026-07-23T22:45:30,2026-07-23,SMB,lite,HubSpot Integration,true,false,active,true
6a629e8404b99bae22a92cc3,,2026-07-23T23:06:46,2026-07-23,Unknown,,,,,,false
6a629f0606ddcf692526dba2,,2026-07-23T23:08:57,2026-07-23,Unknown,,,,,,false
6a62a17106ddcf692526dba3,,2026-07-23T23:19:15,2026-07-23,Unknown,,,,,,false
6a62a7a306ddcf692526dba4,,2026-07-23T23:45:43,2026-07-23,Unknown,,,,,,false
6a62aaf606ddcf692526dba5,,2026-07-23T23:59:52,2026-07-23,Unknown,,,,,,false
6a62ab8806ddcf692526dba6,,2026-07-24T00:02:22,2026-07-24,Unknown,,,,,,false
6a62ac7906ddcf692526dba7,,2026-07-24T00:06:20,2026-07-24,Unknown,,,,,,false
6a62ac8704b99bae22a92cc4,,2026-07-24T00:06:32,2026-07-24,Unknown,,,,,,false
6a62ad0d06ddcf692526dba8,,2026-07-24T00:08:47,2026-07-24,Unknown,,,,,,false
6a62b16006ddcf692526dba9,,2026-07-24T00:27:15,2026-07-24,Unknown,,,,,,false
6a62b53706ddcf692526dbaa,,2026-07-24T00:43:37,2026-07-24,Unknown,,,,,,false
6a62b59106ddcf692526dbab,,2026-07-24T00:45:07,2026-07-24,Unknown,,,,,,false
6a62b8d106ddcf692526dbac,,2026-07-24T00:58:59,2026-07-24,Unknown,,,,,,false
6a62baf104b99bae22a92cc5,,2026-07-24T01:08:03,2026-07-24,Unknown,,,,,,false
6a62bba106ddcf692526dbad,Olubusola  Adewole ,2026-07-24T01:10:59,2026-07-24,SMB,lite,HubSpot Integration,true,false,active,true
6a62bc5e06ddcf692526dbae,,2026-07-24T01:14:07,2026-07-24,Unknown,,,,,,false
6a62bcb006ddcf692526dbaf,,2026-07-24T01:15:30,2026-07-24,Unknown,,,,,,false
6a62c3ce04b99bae22a92cc6,,2026-07-24T01:45:52,2026-07-24,Unknown,,,,,,false
6a62c8f304b99bae22a92cc7,,2026-07-24T02:07:49,2026-07-24,Unknown,,,,,,false
6a62cd5304b99bae22a92cc8,,2026-07-24T02:26:32,2026-07-24,Unknown,,,,,,false
6a62ce9706ddcf692526dbb1,,2026-07-24T02:31:53,2026-07-24,Unknown,,,,,,false
6a62d10306ddcf692526dbb2,,2026-07-24T02:42:15,2026-07-24,Unknown,,,,,,false
6a62d38104b99bae22a92cc9,,2026-07-24T02:52:51,2026-07-24,Unknown,,,,,,false
6a62d50d04b99bae22a92cca,,2026-07-24T02:59:27,2026-07-24,Unknown,,,,,,false
6a62d82804b99bae22a92ccb,,2026-07-24T03:12:43,2026-07-24,Unknown,,,,,,false
6a62d9ed06ddcf692526dbb3,,2026-07-24T03:20:15,2026-07-24,Unknown,,,,,,false
6a62e38004b99bae22a92ccc,Alfred Alexis Magno,2026-07-24T04:01:07,2026-07-24,SMB,lite,HubSpot Integration,true,false,active,true
6a62eb4406ddcf692526dbb4,,2026-07-24T04:34:15,2026-07-24,Unknown,,,,,,false
6a62f18a06ddcf692526dbb5,,2026-07-24T05:01:00,2026-07-24,Unknown,,,,,,false
6a62f1fe06ddcf692526dbb6,,2026-07-24T05:02:56,2026-07-24,Unknown,,,,,,false
6a62f21906ddcf692526dbb7,,2026-07-24T05:03:22,2026-07-24,Unknown,,,,,,false
6a62f26106ddcf692526dbb8,,2026-07-24T05:04:35,2026-07-24,Unknown,,,,,,false
6a62f28504b99bae22a92ccd,,2026-07-24T05:05:12,2026-07-24,Unknown,,,,,,false
6a62f2c506ddcf692526dbb9,,2026-07-24T05:06:14,2026-07-24,Unknown,,,,,,false
6a62f2cb8a1e7cb1ede74276,,2026-07-24T05:06:19,2026-07-24,Unknown,,,,,,false
6a62f33b06ddcf692526dbba,,2026-07-24T05:08:13,2026-07-24,Unknown,,,,,,false
6a62f38204b99bae22a92cce,,2026-07-24T05:09:24,2026-07-24,Unknown,,,,,,false
6a62f39c04b99bae22a92ccf,,2026-07-24T05:09:50,2026-07-24,Unknown,,,,,,false
6a62f40306ddcf692526dbbb,,2026-07-24T05:11:33,2026-07-24,Unknown,,,,,,false
6a62f45a06ddcf692526dbbc,,2026-07-24T05:13:00,2026-07-24,Unknown,,,,,,false
6a62f4a904b99bae22a92cd0,,2026-07-24T05:14:18,2026-07-24,Unknown,,,,,,false
6a62f4af06ddcf692526dbbd,Andrew Haddock,2026-07-24T05:14:25,2026-07-24,SMB,lite,HubSpot Integration,true,false,active,true
6a62f4f604b99bae22a92cd1,,2026-07-24T05:15:35,2026-07-24,Unknown,,,,,,false
6a62f54904b99bae22a92cd2,,2026-07-24T05:16:58,2026-07-24,Unknown,,,,,,false
6a62f59104b99bae22a92cd3,,2026-07-24T05:18:11,2026-07-24,Unknown,,,,,,false
6a62f84106ddcf692526dbbe,,2026-07-24T05:29:39,2026-07-24,Unknown,,,,,,false
6a62faf506ddcf692526dbbf,,2026-07-24T05:41:11,2026-07-24,Unknown,,,,,,false
6a62fd7706ddcf692526dbc0,,2026-07-24T05:51:52,2026-07-24,Unknown,,,,,,false
6a62fda704b99bae22a92cd4,,2026-07-24T05:52:40,2026-07-24,Unknown,,,,,,false
6a6300ac04b99bae22a92cd5,,2026-07-24T06:05:35,2026-07-24,Unknown,,,,,,false
6a63012404b99bae22a92cd6,,2026-07-24T06:07:34,2026-07-24,Unknown,,,,,,false
6a630cb504b99bae22a92cd7,,2026-07-24T06:56:54,2026-07-24,Unknown,,,,,,false
6a630e1804b99bae22a92cd8,,2026-07-24T07:02:51,2026-07-24,Unknown,,,,,,false
6a630e1e06ddcf692526dbc1,,2026-07-24T07:02:56,2026-07-24,Unknown,,,,,,false
6a630e4e04b99bae22a92cd9,,2026-07-24T07:03:44,2026-07-24,Unknown,,,,,,false
6a630eca04b99bae22a92cda,,2026-07-24T07:05:48,2026-07-24,Unknown,,,,,,false
6a630fab04b99bae22a92cdb,,2026-07-24T07:09:33,2026-07-24,Unknown,,,,,,false
6a6310d904b99bae22a92cdc,,2026-07-24T07:14:35,2026-07-24,Unknown,,,,,,false
6a63132f04b99bae22a92cde,,2026-07-24T07:24:33,2026-07-24,Unknown,,,,,,false
6a6314a304b99bae22a92cdf,,2026-07-24T07:30:47,2026-07-24,Unknown,,,,,,false
6a6317d706ddcf692526dbc2,,2026-07-24T07:44:25,2026-07-24,Unknown,,,,,,false
6a631b8f06ddcf692526dbc3,,2026-07-24T08:00:17,2026-07-24,Unknown,,,,,,false
6a631c6306ddcf692526dbc4,,2026-07-24T08:03:48,2026-07-24,Unknown,,,,,,false
6a63218906ddcf692526dbc5,,2026-07-24T08:25:47,2026-07-24,Unknown,,,,,,false
6a63241e06ddcf692526dbc6,,2026-07-24T08:36:48,2026-07-24,Unknown,,,,,,false
6a63245d04b99bae22a92ce0,,2026-07-24T08:37:54,2026-07-24,Unknown,,,,,,false
6a63274c06ddcf692526dbc7,,2026-07-24T08:50:22,2026-07-24,Unknown,,,,,,false
6a63293306ddcf692526dbc8,,2026-07-24T08:58:29,2026-07-24,Unknown,,,,,,false
6a6329cd04b99bae22a92ce2,,2026-07-24T09:01:03,2026-07-24,Unknown,,,,,,false
6a632a1804b99bae22a92ce3,,2026-07-24T09:02:19,2026-07-24,Unknown,,,,,,false
6a632a3a06ddcf692526dbc9,,2026-07-24T09:02:52,2026-07-24,Unknown,,,,,,false
6a632a9c06ddcf692526dbca,,2026-07-24T09:04:31,2026-07-24,Unknown,,,,,,false
6a632afc04b99bae22a92ce4,,2026-07-24T09:06:06,2026-07-24,Unknown,,,,,,false
6a632b5d04b99bae22a92ce5,,2026-07-24T09:07:43,2026-07-24,Unknown,,,,,,false
6a632b6904b99bae22a92ce6,,2026-07-24T09:07:56,2026-07-24,Unknown,,,,,,false
6a632bbb06ddcf692526dbcb,,2026-07-24T09:09:17,2026-07-24,Unknown,,,,,,false
6a632c1d04b99bae22a92ce7,,2026-07-24T09:10:55,2026-07-24,Unknown,,,,,,false
6a632c7604b99bae22a92ce8,,2026-07-24T09:12:24,2026-07-24,Unknown,,,,,,false
6a632cc804b99bae22a92ce9,,2026-07-24T09:13:46,2026-07-24,Unknown,,,,,,false
6a632d1906ddcf692526dbcd,,2026-07-24T09:15:07,2026-07-24,Unknown,,,,,,false
6a632d6704b99bae22a92cea,,2026-07-24T09:16:25,2026-07-24,Unknown,,,,,,false
6a632db206ddcf692526dbce,,2026-07-24T09:17:40,2026-07-24,Unknown,,,,,,false
6a63312706ddcf692526dbcf,,2026-07-24T09:32:27,2026-07-24,Unknown,,,,,,false
6a63321104b99bae22a92cec,,2026-07-24T09:36:19,2026-07-24,Unknown,,,,,,false
6a63328204b99bae22a92ced,,2026-07-24T09:38:12,2026-07-24,Unknown,,,,,,false
6a63329d04b99bae22a92cee,,2026-07-24T09:38:39,2026-07-24,Unknown,,,,,,false
6a63329e06ddcf692526dbd1,,2026-07-24T09:38:40,2026-07-24,Unknown,,,,,,false
6a63350e04b99bae22a92cef,,2026-07-24T09:49:04,2026-07-24,Unknown,,,,,,false
6a63356a06ddcf692526dbd2,,2026-07-24T09:50:38,2026-07-24,Unknown,,,,,,false
6a633f0806ddcf692526dbd3,,2026-07-24T10:31:38,2026-07-24,Unknown,,,,,,false
6a633f8004b99bae22a92cf0,,2026-07-24T10:33:37,2026-07-24,Unknown,,,,,,false
6a6340c404b99bae22a92cf1,,2026-07-24T10:39:02,2026-07-24,Unknown,,,,,,false
6a63426f06ddcf692526dbd5,Marie Thomassey,2026-07-24T10:46:09,2026-07-24,SMB,lite,HubSpot Integration,true,false,active,true
6a63433604b99bae22a92cf2,,2026-07-24T10:49:28,2026-07-24,Unknown,,,,,,false
6a63435606ddcf692526dbd6,,2026-07-24T10:50:00,2026-07-24,Unknown,,,,,,false
6a63448904b99bae22a92cf3,,2026-07-24T10:55:07,2026-07-24,Unknown,,,,,,false
6a6344a904b99bae22a92cf4,,2026-07-24T10:55:39,2026-07-24,Unknown,,,,,,false
6a63451f04b99bae22a92cf6,,2026-07-24T10:57:37,2026-07-24,Unknown,,,,,,false
6a63453f04b99bae22a92cf7,,2026-07-24T10:58:09,2026-07-24,Unknown,,,,,,false
6a63454504b99bae22a92cf8,,2026-07-24T10:58:15,2026-07-24,Unknown,,,,,,false
6a63465d06ddcf692526dbd8,,2026-07-24T11:02:55,2026-07-24,Unknown,,,,,,false
6a63492904b99bae22a92cfa,,2026-07-24T11:14:51,2026-07-24,Unknown,,,,,,false
6a634acd06ddcf692526dbd9,,2026-07-24T11:21:51,2026-07-24,Unknown,,,,,,false
6a634cdf04b99bae22a92cfb,,2026-07-24T11:30:41,2026-07-24,Unknown,,,,,,false
6a634f7d06ddcf692526dbda,,2026-07-24T11:41:51,2026-07-24,Unknown,,,,,,false
6a634ff504b99bae22a92cfc,,2026-07-24T11:43:51,2026-07-24,Unknown,,,,,,false
6a63507806ddcf692526dbdb,,2026-07-24T11:46:03,2026-07-24,Unknown,,,,,,false
6a63524d04b99bae22a92cfd,,2026-07-24T11:53:52,2026-07-24,Unknown,,,,,,false
6a6352b204b99bae22a92cfe,,2026-07-24T11:55:32,2026-07-24,Unknown,,,,,,false
6a635a8a04b99bae22a92d01,,2026-07-24T12:29:00,2026-07-24,Unknown,,,,,,false
6a635e5e04b99bae22a92d02,,2026-07-24T12:45:20,2026-07-24,Unknown,,,,,,false
6a635f8004b99bae22a92d03,,2026-07-24T12:50:11,2026-07-24,Unknown,,,,,,false
6a63618a06ddcf692526dbde,,2026-07-24T12:58:52,2026-07-24,Unknown,,,,,,false
6a63620b04b99bae22a92d04,,2026-07-24T13:01:01,2026-07-24,Unknown,,,,,,false
6a63627404b99bae22a92d05,,2026-07-24T13:02:46,2026-07-24,Unknown,,,,,,false
6a6362d604b99bae22a92d06,,2026-07-24T13:04:24,2026-07-24,Unknown,,,,,,false
6a63633d06ddcf692526dbdf,,2026-07-24T13:06:07,2026-07-24,Unknown,,,,,,false
6a6363a004b99bae22a92d07,,2026-07-24T13:07:46,2026-07-24,Unknown,,,,,,false
6a6363f904b99bae22a92d08,,2026-07-24T13:09:15,2026-07-24,Unknown,,,,,,false
6a63645906ddcf692526dbe0,,2026-07-24T13:10:51,2026-07-24,Unknown,,,,,,false
6a6364a706ddcf692526dbe1,,2026-07-24T13:12:09,2026-07-24,Unknown,,,,,,false
6a6364f506ddcf692526dbe2,,2026-07-24T13:13:27,2026-07-24,Unknown,,,,,,false
6a63653c06ddcf692526dbe3,,2026-07-24T13:14:38,2026-07-24,Unknown,,,,,,false
6a63658b04b99bae22a92d09,,2026-07-24T13:15:56,2026-07-24,Unknown,,,,,,false
6a6365d504b99bae22a92d0a,,2026-07-24T13:17:11,2026-07-24,Unknown,,,,,,false
6a63688b8a1e7cb1ede74277,,2026-07-24T13:28:43,2026-07-24,Unknown,,,,,,false
6a636bf306ddcf692526dbe5,,2026-07-24T13:43:20,2026-07-24,Unknown,,,,,,false
6a6370ff04b99bae22a92d0b,Raif  Badawi ,2026-07-24T14:04:49,2026-07-24,SMB,lite,HubSpot Integration,true,false,active,true
6a6375cf06ddcf692526dbe6,,2026-07-24T14:25:21,2026-07-24,Unknown,,,,,,false
6a63780e06ddcf692526dbe8,,2026-07-24T14:34:56,2026-07-24,Unknown,,,,,,false
6a63784104b99bae22a92d0c,,2026-07-24T14:35:46,2026-07-24,Unknown,,,,,,false
6a637ac404b99bae22a92d0d,,2026-07-24T14:46:30,2026-07-24,Unknown,,,,,,false
6a637eb406ddcf692526dbea,Brandee Corbett,2026-07-24T15:03:18,2026-07-24,SMB,lite,HubSpot Integration,true,false,active,true
6a63843f04b99bae22a92d0e,,2026-07-24T15:26:57,2026-07-24,Unknown,,,,,,false
6a63845004b99bae22a92d0f,,2026-07-24T15:27:13,2026-07-24,Unknown,,,,,,false
6a63862104b99bae22a92d10,,2026-07-24T15:34:59,2026-07-24,Unknown,,,,,,false
6a63874ce552395d03ab01fd,,2026-07-24T15:39:58,2026-07-24,Unknown,,,,,,false
6a63875b04b99bae22a92d11,,2026-07-24T15:40:13,2026-07-24,Unknown,,,,,,false
6a6387e406ddcf692526dbec,,2026-07-24T15:42:30,2026-07-24,Unknown,,,,,,false
6a63881304b99bae22a92d12,,2026-07-24T15:43:17,2026-07-24,Unknown,,,,,,false
6a638b3a04b99bae22a92d13,,2026-07-24T15:56:44,2026-07-24,Unknown,,,,,,false
6a638d5e06ddcf692526dbed,,2026-07-24T16:05:51,2026-07-24,Unknown,,,,,,false
6a638e1e04b99bae22a92d14,,2026-07-24T16:09:04,2026-07-24,Unknown,,,,,,false
6a638ed706ddcf692526dbee,,2026-07-24T16:12:09,2026-07-24,Unknown,,,,,,false
6a638fc506ddcf692526dbef,,2026-07-24T16:16:06,2026-07-24,Unknown,,,,,,false
6a6390d704b99bae22a92d15,,2026-07-24T16:20:41,2026-07-24,Unknown,,,,,,false
6a63917406ddcf692526dbf0,,2026-07-24T16:23:18,2026-07-24,Unknown,,,,,,false
6a6394f504b99bae22a92d16,,2026-07-24T16:38:15,2026-07-24,Unknown,,,,,,false
6a6398ad06ddcf692526dbf1,,2026-07-24T16:54:10,2026-07-24,Unknown,,,,,,false
6a6399c504b99bae22a92d17,,2026-07-24T16:58:47,2026-07-24,Unknown,,,,,,false
6a639a4406ddcf692526dbf2,,2026-07-24T17:00:53,2026-07-24,Unknown,,,,,,false
6a639aa506ddcf692526dbf3,,2026-07-24T17:02:30,2026-07-24,Unknown,,,,,,false
6a639b0604b99bae22a92d18,,2026-07-24T17:04:08,2026-07-24,Unknown,,,,,,false
6a639b6906ddcf692526dbf4,,2026-07-24T17:05:47,2026-07-24,Unknown,,,,,,false
6a639ba506ddcf692526dbf5,,2026-07-24T17:06:47,2026-07-24,Unknown,,,,,,false
6a639bd306ddcf692526dbf6,,2026-07-24T17:07:32,2026-07-24,Unknown,,,,,,false
6a639c2d06ddcf692526dbf7,,2026-07-24T17:09:03,2026-07-24,Unknown,,,,,,false
6a639c9004b99bae22a92d19,,2026-07-24T17:10:41,2026-07-24,Unknown,,,,,,false
6a639ce204b99bae22a92d1a,,2026-07-24T17:12:03,2026-07-24,Unknown,,,,,,false
6a639d2b04b99bae22a92d1b,,2026-07-24T17:13:16,2026-07-24,Unknown,,,,,,false
6a639d7e06ddcf692526dbf8,,2026-07-24T17:14:40,2026-07-24,Unknown,,,,,,false
6a639dcc04b99bae22a92d1c,,2026-07-24T17:15:58,2026-07-24,Unknown,,,,,,false
6a639e1d06ddcf692526dbf9,,2026-07-24T17:17:19,2026-07-24,Unknown,,,,,,false
6a63a0e006ddcf692526dbfa,,2026-07-24T17:29:06,2026-07-24,Unknown,,,,,,false
6a63a30c06ddcf692526dbfb,,2026-07-24T17:38:22,2026-07-24,Unknown,,,,,,false
6a63ad9a04b99bae22a92d1d,,2026-07-24T18:23:24,2026-07-24,Unknown,,,,,,false
6a63aedc04b99bae22a92d1e,,2026-07-24T18:28:46,2026-07-24,Unknown,,,,,,false
6a63b04d06ddcf692526dbfc,,2026-07-24T18:34:55,2026-07-24,Unknown,,,,,,false
6a63b08a04b99bae22a92d1f,,2026-07-24T18:35:56,2026-07-24,Unknown,,,,,,false
6a63b0d704b99bae22a92d20,,2026-07-24T18:37:13,2026-07-24,Unknown,,,,,,false
6a63b28506ddcf692526dbfd,,2026-07-24T18:44:23,2026-07-24,Unknown,,,,,,false
6a63b37006ddcf692526dbfe,,2026-07-24T18:48:18,2026-07-24,Unknown,,,,,,false
6a63b42c06ddcf692526dbff,,2026-07-24T18:51:26,2026-07-24,Unknown,,,,,,false
6a63b43606ddcf692526dc00,,2026-07-24T18:51:36,2026-07-24,Unknown,,,,,,false
6a63b72306ddcf692526dc01,,2026-07-24T19:04:05,2026-07-24,Unknown,,,,,,false
6a63b7bf06ddcf692526dc02,,2026-07-24T19:06:41,2026-07-24,Unknown,,,,,,false
6a63bc2f06ddcf692526dc04,,2026-07-24T19:25:40,2026-07-24,Unknown,,,,,,false
6a63c01204b99bae22a92d21,,2026-07-24T19:42:15,2026-07-24,Unknown,,,,,,false
6a63c07304b99bae22a92d22,Shyamali Mishra,2026-07-24T19:43:49,2026-07-24,SMB,lite,HubSpot Integration,true,false,active,true
6a63c0e406ddcf692526dc05,,2026-07-24T19:45:43,2026-07-24,Unknown,,,,,,false
6a63c2a806ddcf692526dc06,,2026-07-24T19:53:13,2026-07-24,Unknown,,,,,,false
6a63c31904b99bae22a92d23,,2026-07-24T19:55:07,2026-07-24,Unknown,,,,,,false
6a63c56004b99bae22a92d25,,2026-07-24T20:04:50,2026-07-24,Unknown,,,,,,false
6a63c6d306ddcf692526dc07,Lily Nguyen,2026-07-24T20:11:01,2026-07-24,SMB,lite,HubSpot Integration,true,false,active,true
6a63c8d806ddcf692526dc08,,2026-07-24T20:19:38,2026-07-24,Unknown,,,,,,false
6a63c9c806ddcf692526dc0a,,2026-07-24T20:23:38,2026-07-24,Unknown,,,,,,false
6a63ca5904b99bae22a92d26,,2026-07-24T20:26:03,2026-07-24,Unknown,,,,,,false
6a63cb6804b99bae22a92d27,,2026-07-24T20:30:34,2026-07-24,Unknown,,,,,,false
6a63ce9206ddcf692526dc0b,,2026-07-24T20:44:04,2026-07-24,Unknown,,,,,,false
6a63cee404b99bae22a92d29,,2026-07-24T20:45:26,2026-07-24,Unknown,,,,,,false
6a63d29206ddcf692526dc0d,,2026-07-24T21:01:08,2026-07-24,Unknown,,,,,,false
6a63d33204b99bae22a92d2a,,2026-07-24T21:03:49,2026-07-24,Unknown,,,,,,false
6a63d50704b99bae22a92d2c,,2026-07-24T21:11:37,2026-07-24,Unknown,,,,,,false
6a63dd3406ddcf692526dc0e,,2026-07-24T21:46:29,2026-07-24,Unknown,,,,,,false
6a63ddb804b99bae22a92d2d,,2026-07-24T21:48:42,2026-07-24,Unknown,,,,,,false
6a63dfd106ddcf692526dc10,,2026-07-24T21:57:39,2026-07-24,Unknown,,,,,,false
6a63e17904b99bae22a92d2e,,2026-07-24T22:04:43,2026-07-24,Unknown,,,,,,false
6a63e36206ddcf692526dc11,Ami Bah,2026-07-24T22:12:51,2026-07-24,SMB,lite,HubSpot Integration,true,false,active,true
6a63e4de04b99bae22a92d2f,Maddison David,2026-07-24T22:19:13,2026-07-24,SMB,lite,HubSpot Integration,true,false,active,true
6a63e5e404b99bae22a92d30,,2026-07-24T22:23:35,2026-07-24,Unknown,,,,,,false
6a63e63d06ddcf692526dc14,,2026-07-24T22:25:03,2026-07-24,Unknown,,,,,,false
6a63ead304b99bae22a92d31,,2026-07-24T22:44:37,2026-07-24,Unknown,,,,,,false
6a63ec6704b99bae22a92d32,Stamatina  Hapsis,2026-07-24T22:51:21,2026-07-24,SMB,lite,HubSpot Integration,true,false,active,true
6a63f35004b99bae22a92d33,,2026-07-24T23:20:50,2026-07-24,Unknown,,,,,,false
6a63f77d04b99bae22a92d34,,2026-07-24T23:38:38,2026-07-24,Unknown,,,,,,false
6a63f79106ddcf692526dc15,,2026-07-24T23:38:59,2026-07-24,Unknown,,,,,,false
6a63fb3604b99bae22a92d35,,2026-07-24T23:54:32,2026-07-24,Unknown,,,,,,false
6a63fd0104b99bae22a92d36,,2026-07-25T00:02:11,2026-07-25,Unknown,,,,,,false
6a64020e04b99bae22a92d37,,2026-07-25T00:23:44,2026-07-25,Unknown,,,,,,false
6a64029504b99bae22a92d38,,2026-07-25T00:25:59,2026-07-25,Unknown,,,,,,false
6a64051506ddcf692526dc18,,2026-07-25T00:36:38,2026-07-25,Unknown,,,,,,false
6a64088a04b99bae22a92d39,,2026-07-25T00:51:24,2026-07-25,Unknown,,,,,,false
6a6409b604b99bae22a92d3a,,2026-07-25T00:56:24,2026-07-25,Unknown,,,,,,false
6a640c5906ddcf692526dc1a,,2026-07-25T01:07:39,2026-07-25,Unknown,,,,,,false
6a640e0906ddcf692526dc1b,,2026-07-25T01:14:51,2026-07-25,Unknown,,,,,,false
6a6416aa06ddcf692526dc1c,,2026-07-25T01:51:43,2026-07-25,Unknown,,,,,,false
6a6416da04b99bae22a92d3c,,2026-07-25T01:52:28,2026-07-25,Unknown,,,,,,false
6a641a9004b99bae22a92d3d,,2026-07-25T02:08:17,2026-07-25,Unknown,,,,,,false
6a641cb906ddcf692526dc1d,,2026-07-25T02:17:31,2026-07-25,Unknown,,,,,,false
6a641e2504b99bae22a92d3e,Diane Andrew,2026-07-25T02:23:35,2026-07-25,SMB,lite,HubSpot Integration,true,false,active,true
6a641f0704b99bae22a92d3f,,2026-07-25T02:27:21,2026-07-25,Unknown,,,,,,false
6a641f5604b99bae22a92d40,,2026-07-25T02:28:43,2026-07-25,Unknown,,,,,,false
6a64212a04b99bae22a92d41,Tom Powers,2026-07-25T02:36:28,2026-07-25,SMB,lite,HubSpot Integration,true,false,active,true
6a6423af04b99bae22a92d42,,2026-07-25T02:47:13,2026-07-25,Unknown,,,,,,false
6a6434d804b99bae22a92d43,Nawadir Ali,2026-07-25T04:00:28,2026-07-25,SMB,lite,HubSpot Integration,true,false,active,true
6a6437f306ddcf692526dc1e,,2026-07-25T04:13:41,2026-07-25,Unknown,,,,,,false
6a6439bd06ddcf692526dc1f,,2026-07-25T04:21:19,2026-07-25,Unknown,,,,,,false
6a64425d06ddcf692526dc20,Charles Pleasant,2026-07-25T04:58:06,2026-07-25,SMB,lite,HubSpot Integration,true,false,active,true
6a64430504b99bae22a92d45,,2026-07-25T05:00:55,2026-07-25,Unknown,,,,,,false
6a64437004b99bae22a92d46,,2026-07-25T05:02:42,2026-07-25,Unknown,,,,,,false
6a6443cf04b99bae22a92d47,,2026-07-25T05:04:17,2026-07-25,Unknown,,,,,,false
6a64441f04b99bae22a92d48,,2026-07-25T05:05:37,2026-07-25,Unknown,,,,,,false
6a64442f04b99bae22a92d49,,2026-07-25T05:05:53,2026-07-25,Unknown,,,,,,false
6a64449104b99bae22a92d4a,,2026-07-25T05:07:31,2026-07-25,Unknown,,,,,,false
6a6444ef04b99bae22a92d4b,,2026-07-25T05:09:05,2026-07-25,Unknown,,,,,,false
6a64454304b99bae22a92d4c,,2026-07-25T05:10:29,2026-07-25,Unknown,,,,,,false
6a64459104b99bae22a92d4d,,2026-07-25T05:11:47,2026-07-25,Unknown,,,,,,false
6a6445dd04b99bae22a92d4e,,2026-07-25T05:13:03,2026-07-25,Unknown,,,,,,false
6a64462704b99bae22a92d4f,,2026-07-25T05:14:17,2026-07-25,Unknown,,,,,,false
6a64467504b99bae22a92d50,,2026-07-25T05:15:35,2026-07-25,Unknown,,,,,,false
6a6446af04b99bae22a92d51,,2026-07-25T05:16:33,2026-07-25,Unknown,,,,,,false
6a6446c304b99bae22a92d52,,2026-07-25T05:16:53,2026-07-25,Unknown,,,,,,false
6a644cc604b99bae22a92d53,,2026-07-25T05:42:32,2026-07-25,Unknown,,,,,,false
6a645a7c04b99bae22a92d54,,2026-07-25T06:41:03,2026-07-25,Unknown,,,,,,false
6a645f6504b99bae22a92d55,,2026-07-25T07:01:59,2026-07-25,Unknown,,,,,,false
6a646071e74af7870f6d03ae,,2026-07-25T07:06:27,2026-07-25,Unknown,,,,,,false
6a646369e74af7870f6d03af,,2026-07-25T07:19:06,2026-07-25,Unknown,,,,,,false
6a6467be04b99bae22a92d57,,2026-07-25T07:37:39,2026-07-25,Unknown,,,,,,false
6a646b4604b99bae22a92d58,,2026-07-25T07:52:39,2026-07-25,Unknown,,,,,,false
6a646cd6e74af7870f6d03b1,,2026-07-25T07:59:20,2026-07-25,Unknown,,,,,,false
6a646dd1e74af7870f6d03b2,,2026-07-25T08:03:31,2026-07-25,Unknown,,,,,,false
6a64746ae74af7870f6d03b3,,2026-07-25T08:31:40,2026-07-25,Unknown,,,,,,false
6a647534e74af7870f6d03b4,,2026-07-25T08:35:02,2026-07-25,Unknown,,,,,,false
6a647b45e74af7870f6d03b5,,2026-07-25T09:00:55,2026-07-25,Unknown,,,,,,false
6a647b83e74af7870f6d03b6,,2026-07-25T09:01:57,2026-07-25,Unknown,,,,,,false
6a647ba404b99bae22a92d5c,,2026-07-25T09:02:30,2026-07-25,Unknown,,,,,,false
6a647c01e74af7870f6d03b7,,2026-07-25T09:04:02,2026-07-25,Unknown,,,,,,false
6a647c6304b99bae22a92d5d,,2026-07-25T09:05:40,2026-07-25,Unknown,,,,,,false
6a647cbc04b99bae22a92d5e,,2026-07-25T09:07:10,2026-07-25,Unknown,,,,,,false
6a647d1504b99bae22a92d5f,,2026-07-25T09:08:39,2026-07-25,Unknown,,,,,,false
6a647d2104b99bae22a92d60,,2026-07-25T09:08:51,2026-07-25,Unknown,,,,,,false
6a647d6e04b99bae22a92d61,,2026-07-25T09:10:08,2026-07-25,Unknown,,,,,,false
6a647dc504b99bae22a92d62,,2026-07-25T09:11:34,2026-07-25,Unknown,,,,,,false
6a647e0c04b99bae22a92d63,,2026-07-25T09:12:46,2026-07-25,Unknown,,,,,,false
6a647e5804b99bae22a92d64,,2026-07-25T09:14:02,2026-07-25,Unknown,,,,,,false
6a647ea5e74af7870f6d03b8,,2026-07-25T09:15:19,2026-07-25,Unknown,,,,,,false
6a647ef3e74af7870f6d03b9,,2026-07-25T09:16:37,2026-07-25,Unknown,,,,,,false
6a648be104b99bae22a92d65,,2026-07-25T10:11:47,2026-07-25,Unknown,,,,,,false
6a649151e74af7870f6d03bb,,2026-07-25T10:34:59,2026-07-25,Unknown,,,,,,false
6a64918804b99bae22a92d66,,2026-07-25T10:35:57,2026-07-25,Unknown,,,,,,false
6a6491fb04b99bae22a92d67,,2026-07-25T10:37:49,2026-07-25,Unknown,,,,,,false
6a64974804b99bae22a92d68,,2026-07-25T11:00:26,2026-07-25,Unknown,,,,,,false
6a6498f404b99bae22a92d69,,2026-07-25T11:07:34,2026-07-25,Unknown,,,,,,false
6a6499d704b99bae22a92d6a,,2026-07-25T11:11:21,2026-07-25,Unknown,,,,,,false
6a649d74e74af7870f6d03bc,,2026-07-25T11:26:47,2026-07-25,Unknown,,,,,,false
6a649ee804b99bae22a92d6b,,2026-07-25T11:32:58,2026-07-25,Unknown,,,,,,false
6a64a2e7e74af7870f6d03be,,2026-07-25T11:50:01,2026-07-25,Unknown,,,,,,false
6a64a411e74af7870f6d03bf,,2026-07-25T11:54:58,2026-07-25,Unknown,,,,,,false
6a64a81f04b99bae22a92d6d,,2026-07-25T12:12:16,2026-07-25,Unknown,,,,,,false
6a64a9ac04b99bae22a92d6e,,2026-07-25T12:18:54,2026-07-25,Unknown,,,,,,false
6a64aa2ee74af7870f6d03c0,,2026-07-25T12:21:06,2026-07-25,Unknown,,,,,,false
6a64ac7be74af7870f6d03c1,,2026-07-25T12:30:53,2026-07-25,Unknown,,,,,,false
6a64b38504b99bae22a92d70,,2026-07-25T13:00:55,2026-07-25,Unknown,,,,,,false
6a64b3cd04b99bae22a92d71,,2026-07-25T13:02:06,2026-07-25,Unknown,,,,,,false
6a64b3e8e74af7870f6d03c2,,2026-07-25T13:02:34,2026-07-25,Unknown,,,,,,false
6a64b44b04b99bae22a92d72,,2026-07-25T13:04:13,2026-07-25,Unknown,,,,,,false
6a64b4ade74af7870f6d03c3,,2026-07-25T13:05:51,2026-07-25,Unknown,,,,,,false
6a64b4b804b99bae22a92d73,,2026-07-25T13:06:03,2026-07-25,Unknown,,,,,,false
6a64b51004b99bae22a92d74,,2026-07-25T13:07:30,2026-07-25,Unknown,,,,,,false
6a64b56e04b99bae22a92d75,,2026-07-25T13:09:04,2026-07-25,Unknown,,,,,,false
6a64b5c4e74af7870f6d03c5,,2026-07-25T13:10:30,2026-07-25,Unknown,,,,,,false
6a64b5fe04b99bae22a92d76,,2026-07-25T13:11:28,2026-07-25,Unknown,,,,,,false
6a64b610e74af7870f6d03c6,,2026-07-25T13:11:45,2026-07-25,Unknown,,,,,,false
6a64b65e04b99bae22a92d77,,2026-07-25T13:13:04,2026-07-25,Unknown,,,,,,false
6a64b6abe74af7870f6d03c7,,2026-07-25T13:14:21,2026-07-25,Unknown,,,,,,false
6a64b6f704b99bae22a92d78,,2026-07-25T13:15:36,2026-07-25,Unknown,,,,,,false
6a64b743e74af7870f6d03c8,,2026-07-25T13:16:52,2026-07-25,Unknown,,,,,,false
6a64b97004b99bae22a92d79,,2026-07-25T13:26:10,2026-07-25,Unknown,,,,,,false
6a64c22404b99bae22a92d7a,,2026-07-25T14:03:18,2026-07-25,Unknown,,,,,,false
6a64c2cae74af7870f6d03c9,,2026-07-25T14:06:03,2026-07-25,Unknown,,,,,,false
6a64c37ee74af7870f6d03ca,Nguyễn Phát,2026-07-25T14:09:04,2026-07-25,SMB,lite,none,true,false,active,true
6a64c40204b99bae22a92d7b,Rosemarie Kolodich,2026-07-25T14:11:16,2026-07-25,SMB,lite,HubSpot Integration,true,false,active,true
6a64c47c04b99bae22a92d7c,,2026-07-25T14:13:21,2026-07-25,Unknown,,,,,,false
6a64c4e3e74af7870f6d03cc,,2026-07-25T14:15:02,2026-07-25,Unknown,,,,,,false
6a64c55fe74af7870f6d03cd,,2026-07-25T14:17:05,2026-07-25,Unknown,,,,,,false
6a64c89804b99bae22a92d7d,,2026-07-25T14:30:50,2026-07-25,Unknown,,,,,,false
6a64c90be74af7870f6d03ce,,2026-07-25T14:32:45,2026-07-25,Unknown,,,,,,false
6a64cc0de74af7870f6d03cf,,2026-07-25T14:45:35,2026-07-25,Unknown,,,,,,false
6a64ccfce74af7870f6d03d0,Lisa Hewett ,2026-07-25T14:49:35,2026-07-25,SMB,lite,HubSpot Integration,true,false,active,true
6a64d111e74af7870f6d03d1,,2026-07-25T15:07:00,2026-07-25,Unknown,,,,,,false
6a64d1e1e74af7870f6d03d2,,2026-07-25T15:10:27,2026-07-25,Unknown,,,,,,false
6a64d37b04b99bae22a92d7f,,2026-07-25T15:17:17,2026-07-25,Unknown,,,,,,false
6a64d51104b99bae22a92d80,,2026-07-25T15:24:03,2026-07-25,Unknown,,,,,,false
6a64d88704b99bae22a92d81,,2026-07-25T15:38:49,2026-07-25,Unknown,,,,,,false
6a64d91504b99bae22a92d82,,2026-07-25T15:41:11,2026-07-25,Unknown,,,,,,false
6a64db1904b99bae22a92d83,,2026-07-25T15:49:47,2026-07-25,Unknown,,,,,,false
6a64de1e04b99bae22a92d84,,2026-07-25T16:02:40,2026-07-25,Unknown,,,,,,false
6a64df9b04b99bae22a92d85,,2026-07-25T16:09:01,2026-07-25,Unknown,,,,,,false
6a64e0b5e74af7870f6d03d4,,2026-07-25T16:13:43,2026-07-25,Unknown,,,,,,false
6a64e0e3e74af7870f6d03d5,,2026-07-25T16:14:29,2026-07-25,Unknown,,,,,,false
6a64e20004b99bae22a92d86,,2026-07-25T16:19:14,2026-07-25,Unknown,,,,,,false
6a64e288e74af7870f6d03d7,,2026-07-25T16:21:30,2026-07-25,Unknown,,,,,,false
6a64e2fee74af7870f6d03d8,,2026-07-25T16:23:28,2026-07-25,Unknown,,,,,,false
6a64e3cae74af7870f6d03d9,YIANIS THEMELIS,2026-07-25T16:26:52,2026-07-25,SMB,lite,HubSpot Integration,true,false,active,true
6a64e6a204b99bae22a92d89,,2026-07-25T16:39:00,2026-07-25,Unknown,,,,,,false
6a64e792e74af7870f6d03da,John Stuart,2026-07-25T16:43:01,2026-07-25,SMB,lite,HubSpot Integration,true,false,active,true
6a64eb6fe74af7870f6d03db,,2026-07-25T16:59:29,2026-07-25,Unknown,,,,,,false
6a64ebc8e74af7870f6d03dc,,2026-07-25T17:00:58,2026-07-25,Unknown,,,,,,false
6a64ebf0e74af7870f6d03dd,,2026-07-25T17:01:40,2026-07-25,Unknown,,,,,,false
6a64ec2be74af7870f6d03de,,2026-07-25T17:02:36,2026-07-25,Unknown,,,,,,false
6a64ec8a04b99bae22a92d8a,,2026-07-25T17:04:12,2026-07-25,Unknown,,,,,,false
6a64eceae74af7870f6d03df,,2026-07-25T17:05:47,2026-07-25,Unknown,,,,,,false
6a64ed4be74af7870f6d03e0,,2026-07-25T17:07:25,2026-07-25,Unknown,,,,,,false
6a64eda804b99bae22a92d8b,,2026-07-25T17:08:57,2026-07-25,Unknown,,,,,,false
6a64ee0304b99bae22a92d8c,,2026-07-25T17:10:28,2026-07-25,Unknown,,,,,,false
6a64ee0404b99bae22a92d8d,,2026-07-25T17:10:29,2026-07-25,Unknown,,,,,,false
6a64ee53e74af7870f6d03e1,,2026-07-25T17:11:49,2026-07-25,Unknown,,,,,,false
6a64eea6e74af7870f6d03e2,,2026-07-25T17:13:12,2026-07-25,Unknown,,,,,,false
6a64eee0e74af7870f6d03e3,,2026-07-25T17:14:10,2026-07-25,Unknown,,,,,,false
6a64eefae74af7870f6d03e4,,2026-07-25T17:14:35,2026-07-25,Unknown,,,,,,false
6a64ef4de74af7870f6d03e5,,2026-07-25T17:15:59,2026-07-25,Unknown,,,,,,false
6a64ef9ce74af7870f6d03e6,,2026-07-25T17:17:17,2026-07-25,Unknown,,,,,,false
6a64f07ee74af7870f6d03e7,,2026-07-25T17:21:04,2026-07-25,Unknown,,,,,,false
6a64f19004b99bae22a92d8e,,2026-07-25T17:25:40,2026-07-25,Unknown,,,,,,false
6a64f46ee74af7870f6d03ec,,2026-07-25T17:37:52,2026-07-25,Unknown,,,,,,false
6a64f526e74af7870f6d03ed,,2026-07-25T17:40:56,2026-07-25,Unknown,,,,,,false
6a64f73404b99bae22a92d90,,2026-07-25T17:49:42,2026-07-25,Unknown,,,,,,false
6a64f740e74af7870f6d03f0,,2026-07-25T17:49:54,2026-07-25,Unknown,,,,,,false
6a64f7f4e74af7870f6d03f1,,2026-07-25T17:52:53,2026-07-25,Unknown,,,,,,false
6a64f86b04b99bae22a92d91,,2026-07-25T17:54:52,2026-07-25,Unknown,,,,,,false
6a64f8a7e74af7870f6d03f2,,2026-07-25T17:55:52,2026-07-25,Unknown,,,,,,false
6a64fa4304b99bae22a92d92,,2026-07-25T18:02:47,2026-07-25,Unknown,,,,,,false
6a64fdf9e74af7870f6d03f3,,2026-07-25T18:18:35,2026-07-25,Unknown,,,,,,false
6a64fe0204b99bae22a92d93,Beatrice Vassy,2026-07-25T18:18:44,2026-07-25,SMB,lite,HubSpot Integration,true,false,active,true
6a65025704b99bae22a92d94,,2026-07-25T18:37:13,2026-07-25,Unknown,,,,,,false
6a6505cd04b99bae22a92d95,,2026-07-25T18:51:59,2026-07-25,Unknown,,,,,,false
6a650c0704b99bae22a92d96,,2026-07-25T19:18:33,2026-07-25,Unknown,,,,,,false
6a650c1d04b99bae22a92d97,,2026-07-25T19:18:55,2026-07-25,Unknown,,,,,,false
6a65111fe74af7870f6d03f5,,2026-07-25T19:40:17,2026-07-25,Unknown,,,,,,false
6a651487e74af7870f6d03f6,,2026-07-25T19:54:48,2026-07-25,Unknown,,,,,,false
6a6518de04b99bae22a92d98,,2026-07-25T20:13:20,2026-07-25,Unknown,,,,,,false
6a651cee04b99bae22a92d9a,,2026-07-25T20:30:40,2026-07-25,Unknown,,,,,,false
6a6520d704b99bae22a92d9b,,2026-07-25T20:47:21,2026-07-25,Unknown,,,,,,false
6a65223de74af7870f6d03f7,,2026-07-25T20:53:19,2026-07-25,Unknown,,,,,,false
6a6523f004b99bae22a92d9c,,2026-07-25T21:00:34,2026-07-25,Unknown,,,,,,false
6a6524f3e74af7870f6d03f9,,2026-07-25T21:04:53,2026-07-25,Unknown,,,,,,false
6a65259904b99bae22a92d9f,,2026-07-25T21:07:41,2026-07-25,Unknown,,,,,,false
6a65270e04b99bae22a92da0,,2026-07-25T21:13:52,2026-07-25,Unknown,,,,,,false
6a65285004b99bae22a92da1,,2026-07-25T21:19:14,2026-07-25,Unknown,,,,,,false
6a652a4b04b99bae22a92da3,,2026-07-25T21:27:41,2026-07-25,Unknown,,,,,,false
6a652a9be74af7870f6d03fa,,2026-07-25T21:29:01,2026-07-25,Unknown,,,,,,false
6a652d62e74af7870f6d03fb,Jeremy Newman,2026-07-25T21:40:52,2026-07-25,SMB,lite,HubSpot Integration,true,false,active,true
6a652ebb04b99bae22a92da6,,2026-07-25T21:46:37,2026-07-25,Unknown,,,,,,false
6a65306e04b99bae22a92da7,,2026-07-25T21:53:51,2026-07-25,Unknown,,,,,,false
6a653218e74af7870f6d03fe,,2026-07-25T22:00:58,2026-07-25,Unknown,,,,,,false
6a6535bee74af7870f6d03ff,,2026-07-25T22:16:31,2026-07-25,Unknown,,,,,,false
6a65399904b99bae22a92da8,,2026-07-25T22:32:58,2026-07-25,Unknown,,,,,,false
6a653c8104b99bae22a92da9,,2026-07-25T22:45:23,2026-07-25,Unknown,,,,,,false
6a653f0704b99bae22a92daa,,2026-07-25T22:56:09,2026-07-25,Unknown,,,,,,false
6a653fa5e74af7870f6d0401,,2026-07-25T22:58:47,2026-07-25,Unknown,,,,,,false
6a654048e74af7870f6d0402,,2026-07-25T23:01:29,2026-07-25,Unknown,,,,,,false
6a6543bde74af7870f6d0403,Beatriz Ortega,2026-07-25T23:16:15,2026-07-25,SMB,lite,HubSpot Integration,true,false,active,true
6a6544fe04b99bae22a92dab,,2026-07-25T23:21:36,2026-07-25,Unknown,,,,,,false
6a654583e74af7870f6d0404,,2026-07-25T23:23:49,2026-07-25,Unknown,,,,,,false
6a6546aae74af7870f6d0405,,2026-07-25T23:28:43,2026-07-25,Unknown,,,,,,false
6a654997e74af7870f6d0406,,2026-07-25T23:41:13,2026-07-25,Unknown,,,,,,false
6a654a1904b99bae22a92dad,,2026-07-25T23:43:23,2026-07-25,Unknown,,,,,,false
6a654f7ce74af7870f6d0407,,2026-07-26T00:06:23,2026-07-26,Unknown,,,,,,false
6a6550e3e74af7870f6d0408,,2026-07-26T00:12:21,2026-07-26,Unknown,,,,,,false
6a6556db04b99bae22a92dae,,2026-07-26T00:37:52,2026-07-26,Unknown,,,,,,false
6a655bf8e74af7870f6d0409,,2026-07-26T00:59:38,2026-07-26,Unknown,,,,,,false
6a655cafe74af7870f6d040a,,2026-07-26T01:02:41,2026-07-26,Unknown,,,,,,false
6a6563ece74af7870f6d040b,,2026-07-26T01:33:33,2026-07-26,Unknown,,,,,,false
6a65646d04b99bae22a92db0,,2026-07-26T01:35:43,2026-07-26,Unknown,,,,,,false
6a65665ae74af7870f6d040d,Nick Fassbender,2026-07-26T01:43:56,2026-07-26,SMB,lite,HubSpot Integration,true,false,active,true
6a656806e74af7870f6d040e,,2026-07-26T01:51:04,2026-07-26,Unknown,,,,,,false
6a656f5404b99bae22a92db2,,2026-07-26T02:22:14,2026-07-26,Unknown,,,,,,false
6a657143e74af7870f6d0410,,2026-07-26T02:30:29,2026-07-26,Unknown,,,,,,false
6a6572e404b99bae22a92db3,,2026-07-26T02:37:26,2026-07-26,Unknown,,,,,,false
6a65734304b99bae22a92db4,,2026-07-26T02:39:01,2026-07-26,Unknown,,,,,,false
6a65764e04b99bae22a92db5,,2026-07-26T02:52:00,2026-07-26,Unknown,,,,,,false
6a657bb9e74af7870f6d0412,,2026-07-26T03:15:07,2026-07-26,Unknown,,,,,,false
6a658179e74af7870f6d0413,,2026-07-26T03:39:38,2026-07-26,Unknown,,,,,,false
6a65858604b99bae22a92db6,,2026-07-26T03:56:56,2026-07-26,Unknown,,,,,,false
6a6586d7e74af7870f6d0415,Sarah  Messiah ,2026-07-26T04:02:33,2026-07-26,SMB,lite,HubSpot Integration,true,false,active,true
6a658991e74af7870f6d0416,,2026-07-26T04:14:11,2026-07-26,Unknown,,,,,,false
6a658ba4e74af7870f6d0417,,2026-07-26T04:23:03,2026-07-26,Unknown,,,,,,false
6a6590f104b99bae22a92db7,,2026-07-26T04:45:42,2026-07-26,Unknown,,,,,,false
6a6591e5e74af7870f6d0418,,2026-07-26T04:49:45,2026-07-26,Unknown,,,,,,false
6a6593a804b99bae22a92db8,,2026-07-26T04:57:14,2026-07-26,Unknown,,,,,,false
6a65948b04b99bae22a92db9,,2026-07-26T05:01:01,2026-07-26,Unknown,,,,,,false
6a6594e9e74af7870f6d0419,,2026-07-26T05:02:35,2026-07-26,Unknown,,,,,,false
6a659549e74af7870f6d041a,,2026-07-26T05:04:11,2026-07-26,Unknown,,,,,,false
6a6595ade74af7870f6d041b,,2026-07-26T05:05:51,2026-07-26,Unknown,,,,,,false
6a65960f04b99bae22a92dba,,2026-07-26T05:07:29,2026-07-26,Unknown,,,,,,false
6a65962f04b99bae22a92dbb,,2026-07-26T05:08:01,2026-07-26,Unknown,,,,,,false
6a65964fe74af7870f6d041c,,2026-07-26T05:08:35,2026-07-26,Unknown,,,,,,false
6a65966d04b99bae22a92dbc,,2026-07-26T05:09:03,2026-07-26,Unknown,,,,,,false
6a6596c7e74af7870f6d041d,,2026-07-26T05:10:33,2026-07-26,Unknown,,,,,,false
6a659711e74af7870f6d041e,,2026-07-26T05:11:47,2026-07-26,Unknown,,,,,,false
6a659768e74af7870f6d041f,,2026-07-26T05:13:14,2026-07-26,Unknown,,,,,,false
6a6597b604b99bae22a92dbd,,2026-07-26T05:14:32,2026-07-26,Unknown,,,,,,false
6a65980804b99bae22a92dbe,,2026-07-26T05:15:54,2026-07-26,Unknown,,,,,,false
6a65985404b99bae22a92dbf,,2026-07-26T05:17:10,2026-07-26,Unknown,,,,,,false
6a659b2c04b99bae22a92dc0,,2026-07-26T05:29:17,2026-07-26,Unknown,,,,,,false
6a659b6604b99bae22a92dc1,,2026-07-26T05:30:16,2026-07-26,Unknown,,,,,,false
6a659d1ee74af7870f6d0421,,2026-07-26T05:37:36,2026-07-26,Unknown,,,,,,false
6a65a06c04b99bae22a92dc2,,2026-07-26T05:51:42,2026-07-26,Unknown,,,,,,false
6a65a79ae74af7870f6d0422,,2026-07-26T06:22:23,2026-07-26,Unknown,,,,,,false
6a65af9a04b99bae22a92dc3,Dawid Dul,2026-07-26T06:56:28,2026-07-26,SMB,lite,HubSpot Integration,true,false,active,true
6a65b08ae74af7870f6d0423,,2026-07-26T07:00:29,2026-07-26,Unknown,,,,,,false
6a65b0abe74af7870f6d0424,,2026-07-26T07:01:01,2026-07-26,Unknown,,,,,,false
6a65b10ae74af7870f6d0425,,2026-07-26T07:02:36,2026-07-26,Unknown,,,,,,false
6a65b12104b99bae22a92dc4,,2026-07-26T07:02:59,2026-07-26,Unknown,,,,,,false
6a65b52604b99bae22a92dc5,,2026-07-26T07:20:08,2026-07-26,Unknown,,,,,,false
6a65b9ade74af7870f6d0427,,2026-07-26T07:39:27,2026-07-26,Unknown,,,,,,false
6a65c655e74af7870f6d0429,,2026-07-26T08:33:27,2026-07-26,Unknown,,,,,,false
6a65c6cc04b99bae22a92dc7,,2026-07-26T08:35:26,2026-07-26,Unknown,,,,,,false
6a65cc7de74af7870f6d042b,,2026-07-26T08:59:43,2026-07-26,Unknown,,,,,,false
6a65ccc6e74af7870f6d042c,,2026-07-26T09:00:56,2026-07-26,Unknown,,,,,,false
6a65cd34e74af7870f6d042d,,2026-07-26T09:02:46,2026-07-26,Unknown,,,,,,false
6a65cd5404b99bae22a92dc8,,2026-07-26T09:03:17,2026-07-26,Unknown,,,,,,false
6a65cd97e74af7870f6d042e,,2026-07-26T09:04:24,2026-07-26,Unknown,,,,,,false
6a65cdf6e74af7870f6d042f,,2026-07-26T09:06:00,2026-07-26,Unknown,,,,,,false
6a65ce57e74af7870f6d0430,,2026-07-26T09:07:37,2026-07-26,Unknown,,,,,,false
6a65ceb6e74af7870f6d0431,,2026-07-26T09:09:12,2026-07-26,Unknown,,,,,,false
6a65cf0804b99bae22a92dc9,,2026-07-26T09:10:34,2026-07-26,Unknown,,,,,,false
6a65cf5504b99bae22a92dca,,2026-07-26T09:11:51,2026-07-26,Unknown,,,,,,false
6a65cfa2e74af7870f6d0432,,2026-07-26T09:13:07,2026-07-26,Unknown,,,,,,false
6a65cff204b99bae22a92dcb,,2026-07-26T09:14:28,2026-07-26,Unknown,,,,,,false
6a65d03d04b99bae22a92dcc,,2026-07-26T09:15:43,2026-07-26,Unknown,,,,,,false
6a65d08ae74af7870f6d0433,,2026-07-26T09:17:00,2026-07-26,Unknown,,,,,,false
6a65d98604b99bae22a92dce,,2026-07-26T09:55:19,2026-07-26,Unknown,,,,,,false
6a65df3904b99bae22a92dcf,,2026-07-26T10:19:41,2026-07-26,Unknown,,,,,,false
6a65e14904b99bae22a92dd0,,2026-07-26T10:28:27,2026-07-26,Unknown,,,,,,false
6a65e24604b99bae22a92dd1,,2026-07-26T10:32:40,2026-07-26,Unknown,,,,,,false
6a65e2e0e74af7870f6d0434,,2026-07-26T10:35:15,2026-07-26,Unknown,,,,,,false
6a65e60404b99bae22a92dd3,,2026-07-26T10:48:38,2026-07-26,Unknown,,,,,,false
6a65e6b604b99bae22a92dd4,,2026-07-26T10:51:35,2026-07-26,Unknown,,,,,,false
6a65e8d0e74af7870f6d0437,,2026-07-26T11:00:34,2026-07-26,Unknown,,,,,,false
6a65e986e74af7870f6d0438,,2026-07-26T11:03:36,2026-07-26,Unknown,,,,,,false
6a65eb1c04b99bae22a92dd5,,2026-07-26T11:10:21,2026-07-26,Unknown,,,,,,false
6a65ecb104b99bae22a92dd6,,2026-07-26T11:17:07,2026-07-26,Unknown,,,,,,false
6a65f0fce74af7870f6d0439,,2026-07-26T11:35:26,2026-07-26,Unknown,,,,,,false
6a65f7b6e74af7870f6d043a,,2026-07-26T12:04:08,2026-07-26,Unknown,,,,,,false
6a65f81404b99bae22a92dd7,,2026-07-26T12:05:42,2026-07-26,Unknown,,,,,,false
6a66006e04b99bae22a92dd8,,2026-07-26T12:41:20,2026-07-26,Unknown,,,,,,false
6a66017104b99bae22a92dd9,AMANDA KNIGHT,2026-07-26T12:45:39,2026-07-26,SMB,lite,HubSpot Integration,true,false,active,true
6a66033004b99bae22a92dda,,2026-07-26T12:53:06,2026-07-26,Unknown,,,,,,false
6a660508e74af7870f6d043c,,2026-07-26T13:00:58,2026-07-26,Unknown,,,,,,false
6a660567e74af7870f6d043d,,2026-07-26T13:02:33,2026-07-26,Unknown,,,,,,false
6a6605c7e74af7870f6d043e,,2026-07-26T13:04:08,2026-07-26,Unknown,,,,,,false
6a660628e74af7870f6d0440,,2026-07-26T13:05:45,2026-07-26,Unknown,,,,,,false
6a66068ce74af7870f6d0441,,2026-07-26T13:07:26,2026-07-26,Unknown,,,,,,false
6a6606ea04b99bae22a92ddb,,2026-07-26T13:08:59,2026-07-26,Unknown,,,,,,false
6a66074704b99bae22a92ddc,,2026-07-26T13:10:33,2026-07-26,Unknown,,,,,,false
6a66079a04b99bae22a92ddd,,2026-07-26T13:11:56,2026-07-26,Unknown,,,,,,false
6a6607df04b99bae22a92dde,,2026-07-26T13:13:05,2026-07-26,Unknown,,,,,,false
6a6607ea04b99bae22a92ddf,,2026-07-26T13:13:15,2026-07-26,Unknown,,,,,,false
6a66082904b99bae22a92de0,,2026-07-26T13:14:19,2026-07-26,Unknown,,,,,,false
6a66085ee74af7870f6d0442,,2026-07-26T13:15:12,2026-07-26,Unknown,,,,,,false
6a660877e74af7870f6d0443,,2026-07-26T13:15:37,2026-07-26,Unknown,,,,,,false
6a66088e04b99bae22a92de1,,2026-07-26T13:16:00,2026-07-26,Unknown,,,,,,false
6a6608c5e74af7870f6d0444,,2026-07-26T13:16:55,2026-07-26,Unknown,,,,,,false
6a660a3904b99bae22a92de2,,2026-07-26T13:23:07,2026-07-26,Unknown,,,,,,false
6a660a80e74af7870f6d0445,,2026-07-26T13:24:18,2026-07-26,Unknown,,,,,,false
6a660cdce74af7870f6d0446,,2026-07-26T13:34:23,2026-07-26,Unknown,,,,,,false
6a660f2c04b99bae22a92de5,,2026-07-26T13:44:14,2026-07-26,Unknown,,,,,,false
6a660fe0e74af7870f6d0447,,2026-07-26T13:47:14,2026-07-26,Unknown,,,,,,false
6a6611c004b99bae22a92de6,Ingrid Kumar,2026-07-26T13:55:14,2026-07-26,SMB,lite,HubSpot Integration,true,false,active,true
6a661337e74af7870f6d0448,,2026-07-26T14:01:28,2026-07-26,Unknown,,,,,,false
6a66135ce74af7870f6d0449,,2026-07-26T14:02:05,2026-07-26,Unknown,,,,,,false
6a66153a04b99bae22a92de7,,2026-07-26T14:10:04,2026-07-26,Unknown,,,,,,false
6a66180ee74af7870f6d044a,,2026-07-26T14:22:08,2026-07-26,Unknown,,,,,,false
6a661856e74af7870f6d044b,,2026-07-26T14:23:19,2026-07-26,Unknown,,,,,,false
6a6618e9e74af7870f6d044c,,2026-07-26T14:25:47,2026-07-26,Unknown,,,,,,false
6a6619bae74af7870f6d044d,,2026-07-26T14:29:17,2026-07-26,Unknown,,,,,,false
6a6619fce74af7870f6d044e,,2026-07-26T14:30:22,2026-07-26,Unknown,,,,,,false
6a661a5a04b99bae22a92de8,,2026-07-26T14:31:55,2026-07-26,Unknown,,,,,,false
6a661f1ee74af7870f6d044f,,2026-07-26T14:52:16,2026-07-26,Unknown,,,,,,false
6a6621f5e74af7870f6d0450,,2026-07-26T15:04:23,2026-07-26,Unknown,,,,,,false
6a66262c04b99bae22a92de9,,2026-07-26T15:22:23,2026-07-26,Unknown,,,,,,false
6a66289804b99bae22a92dea,,2026-07-26T15:32:41,2026-07-26,Unknown,,,,,,false
6a66290f04b99bae22a92deb,,2026-07-26T15:34:41,2026-07-26,Unknown,,,,,,false
6a6629a104b99bae22a92dec,,2026-07-26T15:37:07,2026-07-26,Unknown,,,,,,false
6a662cb304b99bae22a92ded,,2026-07-26T15:50:13,2026-07-26,Unknown,,,,,,false
6a662e8004b99bae22a92dee,,2026-07-26T15:57:54,2026-07-26,Unknown,,,,,,false
6a662f9004b99bae22a92df0,,2026-07-26T16:02:26,2026-07-26,Unknown,,,,,,false
6a662f9c04b99bae22a92df1,,2026-07-26T16:02:40,2026-07-26,Unknown,,,,,,false
6a66312c04b99bae22a92df2,,2026-07-26T16:09:17,2026-07-26,Unknown,,,,,,false
6a66324404b99bae22a92df3,,2026-07-26T16:13:58,2026-07-26,Unknown,,,,,,false
6a66329a04b99bae22a92df4,,2026-07-26T16:15:27,2026-07-26,Unknown,,,,,,false
6a6635b304b99bae22a92df5,Hoang Viet Pham,2026-07-26T16:28:38,2026-07-26,SMB,lite,HubSpot Integration,true,false,active,true
6a66381304b99bae22a92df6,,2026-07-26T16:38:44,2026-07-26,Unknown,,,,,,false
6a663947e74af7870f6d0453,,2026-07-26T16:43:53,2026-07-26,Unknown,,,,,,false
6a663c1b04b99bae22a92df7,,2026-07-26T16:55:56,2026-07-26,Unknown,,,,,,false
6a663d4804b99bae22a92df8,,2026-07-26T17:00:58,2026-07-26,Unknown,,,,,,false
6a663db3e74af7870f6d0454,,2026-07-26T17:02:45,2026-07-26,Unknown,,,,,,false
6a663e1204b99bae22a92df9,,2026-07-26T17:04:20,2026-07-26,Unknown,,,,,,false
6a663e75e74af7870f6d0455,,2026-07-26T17:05:59,2026-07-26,Unknown,,,,,,false
6a663ed304b99bae22a92dfa,,2026-07-26T17:07:33,2026-07-26,Unknown,,,,,,false
6a663f3304b99bae22a92dfb,,2026-07-26T17:09:09,2026-07-26,Unknown,,,,,,false
6a663f9004b99bae22a92dfd,,2026-07-26T17:10:42,2026-07-26,Unknown,,,,,,false
6a663fdc04b99bae22a92dfe,,2026-07-26T17:11:58,2026-07-26,Unknown,,,,,,false
6a66402704b99bae22a92dff,,2026-07-26T17:13:13,2026-07-26,Unknown,,,,,,false
6a664074e74af7870f6d0457,,2026-07-26T17:14:30,2026-07-26,Unknown,,,,,,false
6a6640c4e74af7870f6d0458,,2026-07-26T17:15:50,2026-07-26,Unknown,,,,,,false
6a6640fb04b99bae22a92e00,,2026-07-26T17:16:45,2026-07-26,Unknown,,,,,,false
6a664111e74af7870f6d0459,,2026-07-26T17:17:07,2026-07-26,Unknown,,,,,,false
6a6645c0e74af7870f6d045a,,2026-07-26T17:37:06,2026-07-26,Unknown,,,,,,false
6a664812e74af7870f6d045b,,2026-07-26T17:47:00,2026-07-26,Unknown,,,,,,false
6a6649d1e74af7870f6d045c,Jake Gould-Rowe,2026-07-26T17:54:27,2026-07-26,SMB,lite,HubSpot Integration,true,false,active,true
6a664b5604b99bae22a92e03,,2026-07-26T18:00:56,2026-07-26,Unknown,,,,,,false
6a664bc504b99bae22a92e04,,2026-07-26T18:02:47,2026-07-26,Unknown,,,,,,false
6a664c5404b99bae22a92e05,,2026-07-26T18:05:10,2026-07-26,Unknown,,,,,,false
6a664c7a04b99bae22a92e06,,2026-07-26T18:05:48,2026-07-26,Unknown,,,,,,false
6a665465e74af7870f6d0460,,2026-07-26T18:39:35,2026-07-26,Unknown,,,,,,false
6a66548e04b99bae22a92e07,,2026-07-26T18:40:16,2026-07-26,Unknown,,,,,,false
6a6656ece74af7870f6d0461,,2026-07-26T18:50:21,2026-07-26,Unknown,,,,,,false
6a665b6be74af7870f6d0462,,2026-07-26T19:09:32,2026-07-26,Unknown,,,,,,false
6a665e7e04b99bae22a92e0b,,2026-07-26T19:22:40,2026-07-26,Unknown,,,,,,false
6a665e96e74af7870f6d0464,,2026-07-26T19:23:03,2026-07-26,Unknown,,,,,,false
6a666361e74af7870f6d0466,,2026-07-26T19:43:31,2026-07-26,Unknown,,,,,,false
6a6666f704b99bae22a92e0c,,2026-07-26T19:58:50,2026-07-26,Unknown,,,,,,false
6a666749e74af7870f6d0469,,2026-07-26T20:00:11,2026-07-26,Unknown,,,,,,false
6a666868e74af7870f6d046a,,2026-07-26T20:04:58,2026-07-26,Unknown,,,,,,false
6a66692904b99bae22a92e0d,,2026-07-26T20:08:11,2026-07-26,Unknown,,,,,,false
6a667062e74af7870f6d046b,,2026-07-26T20:39:00,2026-07-26,Unknown,,,,,,false
6a667399e74af7870f6d046c,,2026-07-26T20:52:43,2026-07-26,Unknown,,,,,,false
6a66754e04b99bae22a92e0e,,2026-07-26T21:00:02,2026-07-26,Unknown,,,,,,false
6a66760f04b99bae22a92e0f,Nicole Letren,2026-07-26T21:03:13,2026-07-26,SMB,lite,HubSpot Integration,true,false,active,true
6a667cae04b99bae22a92e10,,2026-07-26T21:31:28,2026-07-26,Unknown,,,,,,false
6a667e6a04b99bae22a92e11,,2026-07-26T21:38:53,2026-07-26,Unknown,,,,,,false
6a668278e74af7870f6d046e,,2026-07-26T21:56:10,2026-07-26,Unknown,,,,,,false
6a66828404b99bae22a92e13,,2026-07-26T21:56:22,2026-07-26,Unknown,,,,,,false
6a668318e74af7870f6d046f,,2026-07-26T21:58:53,2026-07-26,Unknown,,,,,,false
6a6684ff04b99bae22a92e14,,2026-07-26T22:06:56,2026-07-26,Unknown,,,,,,false
6a668748e74af7870f6d0471,Patrick D'Brass,2026-07-26T22:16:42,2026-07-26,SMB,lite,HubSpot Integration,true,false,active,true
6a6687ba04b99bae22a92e16,,2026-07-26T22:18:35,2026-07-26,Unknown,,,,,,false
6a668a7e04b99bae22a92e17,,2026-07-26T22:30:24,2026-07-26,Unknown,,,,,,false
6a668cb1e74af7870f6d0472,,2026-07-26T22:39:47,2026-07-26,Unknown,,,,,,false
6a669183e74af7870f6d0474,,2026-07-26T23:00:23,2026-07-26,Unknown,,,,,,false
6a66928de74af7870f6d0475,,2026-07-26T23:04:47,2026-07-26,Unknown,,,,,,false
6a66931ce74af7870f6d0476,,2026-07-26T23:07:10,2026-07-26,Unknown,,,,,,false
6a6698d1e74af7870f6d0477,,2026-07-26T23:31:31,2026-07-26,Unknown,,,,,,false
6a6699fde74af7870f6d0478,,2026-07-26T23:36:31,2026-07-26,Unknown,,,,,,false
6a669c99e74af7870f6d047a,,2026-07-26T23:47:39,2026-07-26,Unknown,,,,,,false
6a66a1bce74af7870f6d047b,,2026-07-27T00:09:34,2026-07-27,Unknown,,,,,,false
6a66a768e74af7870f6d047c,,2026-07-27T00:33:48,2026-07-27,Unknown,,,,,,false
6a66a9d904b99bae22a92e19,,2026-07-27T00:44:11,2026-07-27,Unknown,,,,,,false
6a66aa7d04b99bae22a92e1a,,2026-07-27T00:46:55,2026-07-27,Unknown,,,,,,false
6a66acce04b99bae22a92e1e,,2026-07-27T00:56:48,2026-07-27,Unknown,,,,,,false
6a66af6704b99bae22a92e1f,,2026-07-27T01:07:53,2026-07-27,Unknown,,,,,,false
6a66af9a04b99bae22a92e20,,2026-07-27T01:08:44,2026-07-27,Unknown,,,,,,false
6a66b11de74af7870f6d047f,,2026-07-27T01:15:13,2026-07-27,Unknown,,,,,,false
6a66b139e74af7870f6d0480,,2026-07-27T01:15:39,2026-07-27,Unknown,,,,,,false
6a66b48ee74af7870f6d0481,,2026-07-27T01:29:52,2026-07-27,Unknown,,,,,,false
6a66b541e74af7870f6d0482,,2026-07-27T01:32:51,2026-07-27,Unknown,,,,,,false
6a66b6a004b99bae22a92e21,,2026-07-27T01:38:42,2026-07-27,Unknown,,,,,,false
6a66b80d04b99bae22a92e22,,2026-07-27T01:44:47,2026-07-27,Unknown,,,,,,false
6a66b901e74af7870f6d0483,,2026-07-27T01:48:50,2026-07-27,Unknown,,,,,,false
6a66b96404b99bae22a92e23,,2026-07-27T01:50:32,2026-07-27,Unknown,,,,,,false
6a66bca7e74af7870f6d0484,,2026-07-27T02:04:25,2026-07-27,Unknown,,,,,,false
6a66c4bf04b99bae22a92e24,,2026-07-27T02:38:57,2026-07-27,Unknown,,,,,,false
6a66c6fa04b99bae22a92e25,,2026-07-27T02:48:28,2026-07-27,Unknown,,,,,,false
6a66ca54e74af7870f6d0485,,2026-07-27T03:02:46,2026-07-27,Unknown,,,,,,false
6a66d77904b99bae22a92e27,,2026-07-27T03:58:50,2026-07-27,Unknown,,,,,,false
6a66d8be04b99bae22a92e28,,2026-07-27T04:04:16,2026-07-27,Unknown,,,,,,false
6a66e61e04b99bae22a92e29,,2026-07-27T05:01:20,2026-07-27,Unknown,,,,,,false
6a66e68004b99bae22a92e2a,,2026-07-27T05:02:58,2026-07-27,Unknown,,,,,,false
6a66e6e104b99bae22a92e2b,,2026-07-27T05:04:35,2026-07-27,Unknown,,,,,,false
6a66e73ee74af7870f6d0486,,2026-07-27T05:06:08,2026-07-27,Unknown,,,,,,false
6a66e7a104b99bae22a92e2c,,2026-07-27T05:07:47,2026-07-27,Unknown,,,,,,false
6a66e803e74af7870f6d0487,,2026-07-27T05:09:24,2026-07-27,Unknown,,,,,,false
6a66e86604b99bae22a92e2d,,2026-07-27T05:11:04,2026-07-27,Unknown,,,,,,false
6a66e8b4e74af7870f6d0488,,2026-07-27T05:12:22,2026-07-27,Unknown,,,,,,false
6a66e90404b99bae22a92e2e,,2026-07-27T05:13:42,2026-07-27,Unknown,,,,,,false
6a66e953e74af7870f6d0489,,2026-07-27T05:15:01,2026-07-27,Unknown,,,,,,false
6a66e9a204b99bae22a92e2f,,2026-07-27T05:16:20,2026-07-27,Unknown,,,,,,false
6a66e9ee04b99bae22a92e30,,2026-07-27T05:17:36,2026-07-27,Unknown,,,,,,false
6a66ecc7e74af7870f6d048a,,2026-07-27T05:29:44,2026-07-27,Unknown,,,,,,false
6a66faa904b99bae22a92e32,,2026-07-27T06:29:02,2026-07-27,Unknown,,,,,,false
6a66fe9de74af7870f6d048b,,2026-07-27T06:45:51,2026-07-27,Unknown,,,,,,false
6a66fed6e74af7870f6d048c,,2026-07-27T06:46:48,2026-07-27,Unknown,,,,,,false
6a67009404b99bae22a92e33,,2026-07-27T06:54:14,2026-07-27,Unknown,,,,,,false
6a6701ee04b99bae22a92e34,,2026-07-27T07:00:00,2026-07-27,Unknown,,,,,,false
6a6703b1e74af7870f6d048d,,2026-07-27T07:07:31,2026-07-27,Unknown,,,,,,false
6a6703bfe74af7870f6d048e,,2026-07-27T07:07:44,2026-07-27,Unknown,,,,,,false
6a6703cf04b99bae22a92e35,,2026-07-27T07:08:03,2026-07-27,Unknown,,,,,,false
6a67053904b99bae22a92e37,,2026-07-27T07:14:03,2026-07-27,Unknown,,,,,,false
6a670a81e74af7870f6d048f,,2026-07-27T07:36:35,2026-07-27,Unknown,,,,,,false
6a670add04b99bae22a92e39,,2026-07-27T07:38:07,2026-07-27,Unknown,,,,,,false
6a670b2504b99bae22a92e3a,,2026-07-27T07:39:19,2026-07-27,Unknown,,,,,,false
6a670bda04b99bae22a92e3b,,2026-07-27T07:42:19,2026-07-27,Unknown,,,,,,false
6a670d72e74af7870f6d0490,,2026-07-27T07:49:08,2026-07-27,Unknown,,,,,,false
6a670fb004b99bae22a92e3c,,2026-07-27T07:58:42,2026-07-27,Unknown,,,,,,false
6a671191e74af7870f6d0492,,2026-07-27T08:06:43,2026-07-27,Unknown,,,,,,false
6a6712b0e74af7870f6d0493,,2026-07-27T08:11:30,2026-07-27,Unknown,,,,,,false
6a6715ace74af7870f6d0494,,2026-07-27T08:24:14,2026-07-27,Unknown,,,,,,false
6a6715d2e74af7870f6d0495,,2026-07-27T08:24:52,2026-07-27,Unknown,,,,,,false
6a6716a9e74af7870f6d0496,,2026-07-27T08:28:27,2026-07-27,Unknown,,,,,,false
6a6719c204b99bae22a92e3e,,2026-07-27T08:41:39,2026-07-27,Unknown,,,,,,false
6a671c2604b99bae22a92e3f,,2026-07-27T08:51:52,2026-07-27,Unknown,,,,,,false
6a671e53e74af7870f6d0497,,2026-07-27T09:01:09,2026-07-27,Unknown,,,,,,false
6a671ebce74af7870f6d0498,,2026-07-27T09:02:54,2026-07-27,Unknown,,,,,,false
6a671f1fe74af7870f6d0499,,2026-07-27T09:04:33,2026-07-27,Unknown,,,,,,false
6a671f87e74af7870f6d049a,,2026-07-27T09:06:17,2026-07-27,Unknown,,,,,,false
6a671fed04b99bae22a92e40,,2026-07-27T09:07:59,2026-07-27,Unknown,,,,,,false
6a67205204b99bae22a92e41,,2026-07-27T09:09:40,2026-07-27,Unknown,,,,,,false
6a6720afe74af7870f6d049b,,2026-07-27T09:11:13,2026-07-27,Unknown,,,,,,false
6a672105e74af7870f6d049c,,2026-07-27T09:12:39,2026-07-27,Unknown,,,,,,false
6a672151e74af7870f6d049d,,2026-07-27T09:13:55,2026-07-27,Unknown,,,,,,false
6a67219e04b99bae22a92e42,,2026-07-27T09:15:12,2026-07-27,Unknown,,,,,,false
6a6721ee04b99bae22a92e43,,2026-07-27T09:16:32,2026-07-27,Unknown,,,,,,false
6a67223ae74af7870f6d049e,,2026-07-27T09:17:48,2026-07-27,Unknown,,,,,,false
6a672755e74af7870f6d049f,,2026-07-27T09:39:35,2026-07-27,Unknown,,,,,,false
6a6727ace74af7870f6d04a0,,2026-07-27T09:41:01,2026-07-27,Unknown,,,,,,false
6a67280ce74af7870f6d04a1,,2026-07-27T09:42:38,2026-07-27,Unknown,,,,,,false
6a672bb304b99bae22a92e44,,2026-07-27T09:58:12,2026-07-27,Unknown,,,,,,false
6a672be3e74af7870f6d04a2,,2026-07-27T09:59:01,2026-07-27,Unknown,,,,,,false
6a672efa04b99bae22a92e45,,2026-07-27T10:12:12,2026-07-27,Unknown,,,,,,false
6a672fe7e74af7870f6d04a3,,2026-07-27T10:16:09,2026-07-27,Unknown,,,,,,false
6a67302404b99bae22a92e46,,2026-07-27T10:17:10,2026-07-27,Unknown,,,,,,false
6a673043e74af7870f6d04a5,,2026-07-27T10:17:41,2026-07-27,Unknown,,,,,,false
6a673277e74af7870f6d04a6,,2026-07-27T10:27:04,2026-07-27,Unknown,,,,,,false
6a6734c0e74af7870f6d04a7,,2026-07-27T10:36:50,2026-07-27,Unknown,,,,,,false
6a6735b504b99bae22a92e48,,2026-07-27T10:40:54,2026-07-27,Unknown,,,,,,false
6a67361604b99bae22a92e49,,2026-07-27T10:42:31,2026-07-27,Unknown,,,,,,false
6a673620e74af7870f6d04a8,,2026-07-27T10:42:42,2026-07-27,Unknown,,,,,,false
6a67395504b99bae22a92e4c,,2026-07-27T10:56:23,2026-07-27,Unknown,,,,,,false
6a67401604b99bae22a92e4d,,2026-07-27T11:25:12,2026-07-27,Unknown,,,,,,false
6a6741b604b99bae22a92e4e,,2026-07-27T11:32:08,2026-07-27,Unknown,,,,,,false
6a674202e74af7870f6d04aa,,2026-07-27T11:33:24,2026-07-27,Unknown,,,,,,false
6a6742b304b99bae22a92e4f,,2026-07-27T11:36:21,2026-07-27,Unknown,,,,,,false
6a6742e104b99bae22a92e50,,2026-07-27T11:37:06,2026-07-27,Unknown,,,,,,false
6a674489e74af7870f6d04ab,,2026-07-27T11:44:12,2026-07-27,Unknown,,,,,,false
6a6744f3e74af7870f6d04ac,,2026-07-27T11:45:57,2026-07-27,Unknown,,,,,,false
6a67458804b99bae22a92e51,,2026-07-27T11:48:26,2026-07-27,Unknown,,,,,,false
6a6745e904b99bae22a92e52,,2026-07-27T11:50:06,2026-07-27,Unknown,,,,,,false
6a6746cee74af7870f6d04ad,,2026-07-27T11:53:51,2026-07-27,Unknown,,,,,,false
6a674784e74af7870f6d04ae,,2026-07-27T11:56:54,2026-07-27,Unknown,,,,,,false
6a6747f0e74af7870f6d04af,,2026-07-27T11:58:42,2026-07-27,Unknown,,,,,,false
6a674a43e74af7870f6d04b0,,2026-07-27T12:08:38,2026-07-27,Unknown,,,,,,false
6a674a4ce74af7870f6d04b1,,2026-07-27T12:08:46,2026-07-27,Unknown,,,,,,false
6a674ec604b99bae22a92e54,,2026-07-27T12:27:52,2026-07-27,Unknown,,,,,,false
